zcta,aland_sqm
00601,166659744
00602,79307538
00603,81887203
00606,109579950
00610,93013430
00612,175065114
00616,29862630
00617,39355368
00622,75090752
00623,98335000
00624,111794963
00627,120058676
00631,10414669
00637,89222626
00638,171055425
00641,242243041
00646,53681613
00647,39379843
00650,79052766
00652,17915348
00653,39477260
00656,83954595
00659,108200655
00660,29384892
00662,114927972
00664,117897681
00667,156209677
00669,159419232
00670,118025321
00674,116433919
00676,130630335
00677,37137332
00678,68274032
00680,166308109
00682,37304322
00683,135167707
00685,200808252
00687,100676194
00688,82408347
00690,7292572
00692,69309250
00693,101816857
00694,2070447
00698,180312890
00703,76855359
00704,12632279
00705,82748305
00707,54561533
00714,37866742
00715,20381785
00716,22174333
00717,5443510
00718,117171776
00719,72527840
00720,154382622
00723,119553980
00725,109357735
00727,55678137
00728,40524726
00729,87961324
00730,16873784
00731,123629336
00735,60368950
00736,142702112
00738,76345243
00739,81796387
00740,1103407
00741,6121387
00745,133676567
00751,121693706
00754,132164366
00757,77271800
00765,49323163
00766,103701684
00767,143501382
00769,198169782
00771,87591179
00772,37996901
00773,62966803
00775,27392741
00777,68848064
00778,76769096
00780,52112335
00782,69008756
00783,108367778
00784,144002890
00786,666251
00791,95625611
00794,91419779
00795,119809173
00801,2875851
00802,71678116
00820,78982028
00823,1035364
00824,57054
00830,50005510
00831,119742
00840,48722702
00841,6600911
00850,60061141
00851,19686484
00901,2535591
00906,8247
00907,3118631
00909,1580638
00911,1232506
00912,862980
00913,834834
00915,3616962
00917,3360014
00918,5516964
00920,7363180
00921,6923313
00923,5285549
00924,12154899
00925,1158082
00926,62577141
00927,6805789
00934,1938926
00936,417954
00949,45543338
00950,6204978
00951,1075640
00952,3202145
00953,69143619
00956,68564545
00957,11967889
00959,16617995
00960,2366333
00961,13404396
00962,9888766
00965,1746398
00966,8340962
00968,1185647
00969,12646641
00971,41344879
00976,43330243
00979,4047122
00982,3672315
00983,8971202
00985,21075476
00987,64342430
01001,29797658
01002,142615075
01003,1842387
01005,114638390
01007,136237871
01008,139349132
01009,2104351
01010,90055966
01011,81827921
01012,33971286
01013,14557865
01020,32472747
01022,12360971
01026,62173902
01027,104889990
01028,33504997
01029,41050308
01030,30612526
01031,21012724
01032,30467676
01033,72039732
01034,185539400
01035,59785375
01036,50464357
01037,36534057
01038,25871790
01039,34227443
01040,54816657
01050,99263985
01053,13289902
01054,59026773
01056,70436044
01057,116418495
01060,28294446
01062,47016296
01063,100502
01066,1842125
01068,53925831
01069,72749311
01070,53343561
01071,40310831
01072,51998763
01073,72918698
01074,220264
01075,45885680
01077,79831033
01079,2913267
01080,4472243
01081,37594975
01082,119469885
01083,40799386
01084,23799816
01085,154654081
01086,96152
01088,13456517
01089,43324802
01092,17375638
01093,13060370
01094,2957300
01095,58261405
01096,82011338
01097,4852535
01098,81230628
01103,1191846
01104,13509676
01105,3219039
01106,24016633
01107,3903485
01108,9648068
01109,14098835
01118,9312240
01119,9194302
01128,2887375
01129,8875277
01151,6135002
01199,28277
01201,137107355
01220,63690789
01222,8566364
01223,180707011
01224,720507
01225,65032903
01226,68283437
01229,1899055
01230,237021545
01235,118234579
01236,12442170
01237,160151858
01238,90220995
01240,55367242
01242,1289555
01243,48254410
01244,6345197
01245,72481256
01247,136057208
01253,47363256
01254,37764323
01255,134158275
01256,92861201
01257,93799712
01258,66907254
01259,65561875
01260,6503634
01262,31177103
01264,29375249
01266,67475967
01267,141216442
01270,82502023
01301,66030423
01330,86290627
01331,137854216
01337,96461504
01338,8939935
01339,142263164
01340,113400515
01341,92502841
01342,46226681
01343,12606096
01344,35252180
01346,55312725
01347,1499173
01349,19913508
01350,27739553
01351,54211278
01354,35664167
01355,122669025
01360,88741275
01364,101542347
01366,104578989
01367,68731360
01368,108363591
01370,129047865
01373,62598287
01375,36831825
01376,7108442
01378,88128752
01379,78225204
01420,78509913
01430,95695056
01431,61290098
01432,21939378
01434,13669088
01436,24838128
01438,1403967
01440,62245169
01450,84886541
01451,49617973
01452,106330883
01453,73757607
01460,42775107
01462,68344667
01463,58485771
01464,38791621
01467,4891512
01468,55435848
01469,59006708
01473,91788664
01474,25720068
01475,110962385
01501,40042635
01503,33600463
01504,28774247
01505,41588110
01506,40215007
01507,109242811
01510,14640558
01515,25547237
01516,95314609
01518,23006297
01519,28272672
01520,46822255
01521,31821352
01522,42423768
01523,65273335
01524,41394105
01525,1162429
01527,40343795
01529,12596930
01531,53773239
01532,47840582
01534,22684037
01535,55085933
01536,21589142
01537,18084547
01540,50104199
01541,91767861
01542,10428066
01543,90974490
01545,53731973
01550,52418640
01560,9225421
01561,319275
01562,85084292
01564,79294834
01566,73421209
01568,55569958
01569,75310383
01570,32005195
01571,53955588
01581,53357657
01583,32680586
01585,66167925
01588,22296242
01590,82927105
01602,14939179
01603,11689587
01604,16675652
01605,14610443
01606,15353891
01607,8192128
01608,1159107
01609,9896464
01610,5501916
01611,8914392
01612,39662272
01701,43944779
01702,20951471
01718,120260
01719,26638827
01720,51059959
01721,31954435
01730,35488956
01731,2051823
01740,51659823
01741,39560352
01742,63287927
01745,1033542
01746,48312679
01747,13404312
01748,67922993
01749,29854085
01752,54039303
01754,13492063
01756,46029781
01757,38578290
01760,38375922
01770,40891480
01772,35233937
01773,35278118
01775,44865749
01776,62779581
01778,39384650
01801,32807665
01803,30326680
01810,79847696
01821,42907187
01824,46001938
01826,53530892
01827,42621742
01830,35804403
01832,29526018
01833,33304917
01834,22999252
01835,20231094
01840,1290376
01841,7998584
01843,8736725
01844,57529370
01845,68075660
01850,3521443
01851,8662366
01852,12881135
01854,10189905
01860,22002284
01862,23932060
01863,11966194
01864,34086763
01867,25784672
01876,53008554
01879,43521939
01880,17901490
01886,78331441
01887,43987580
01890,15623916
01901,641319
01902,6223960
01904,11704136
01905,9215627
01906,27965872
01907,7860395
01908,2786306
01913,31836415
01915,39082694
01921,60993101
01922,24845077
01923,34201832
01929,36161510
01930,67852041
01937,189212
01938,78804629
01940,27310871
01944,23904155
01945,11368640
01949,34827637
01950,21626667
01951,35689224
01952,39828337
01960,41496047
01966,18098023
01969,45290411
01970,21008974
01982,36717877
01983,30842814
01984,19838062
01985,34828194
02019,47510557
02021,48660863
02025,25346557
02026,26538812
02030,39098446
02032,6056006
02035,51426194
02038,68996270
02043,57446109
02045,6918741
02047,619342
02048,52069118
02050,75362830
02052,37318906
02053,29879659
02054,31164729
02056,38493628
02061,54246184
02062,26826603
02066,42721854
02067,58731269
02071,2513406
02072,41670027
02081,46424947
02090,28221401
02093,56219435
02108,353358
02109,448840
02110,469251
02111,700224
02113,259757
02114,1162385
02115,1836714
02116,1633046
02118,2839684
02119,4137559
02120,1607478
02121,4520354
02122,5270574
02124,7758278
02125,5523152
02126,5387101
02127,5239742
02128,12563922
02129,3499683
02130,8635978
02131,6699882
02132,11808867
02134,3435165
02135,6822281
02136,11890069
02138,7098374
02139,4034617
02140,2990655
02141,1667391
02142,719893
02143,3999023
02144,2799324
02145,3615599
02148,13066949
02149,8856260
02150,5735572
02151,15211072
02152,5108651
02155,21228073
02163,256728
02169,23235623
02170,5394633
02171,6352156
02176,12127466
02180,15578670
02184,35644608
02186,33711128
02188,9634170
02189,9858678
02190,18414935
02191,5242345
02199,148225
02203,82171
02210,2488786
02215,1981389
02301,32228044
02302,23013124
02322,11115310
02324,70570115
02330,96621980
02332,61390975
02333,44630174
02338,41372342
02339,40242021
02341,38901365
02343,18155761
02346,178290068
02347,77181717
02351,25046980
02356,35508752
02357,1246201
02359,56415180
02360,247306797
02364,48285472
02366,2451504
02367,38023287
02368,26090268
02370,26700171
02375,37733413
02379,39692759
02382,17964377
02420,17059772
02421,25506285
02445,6743004
02446,3333348
02451,14310760
02452,9586090
02453,9085534
02457,413238
02458,5171354
02459,12958668
02460,3480846
02461,3768932
02462,1367322
02464,1460808
02465,5807431
02466,4634944
02467,12621078
02468,3837205
02472,10455341
02474,7899974
02476,5420982
02478,12026310
02481,14610658
02482,10910005
02492,24707594
02493,43564285
02494,7164570
02532,36962585
02534,5926616
02535,63107429
02536,71670621
02537,31606613
02538,11746740
02539,69445842
02540,27756366
02542,79528762
02543,25727686
02553,658312
02554,104576984
02556,10012378
02557,18612830
02558,3184647
02559,13041007
02561,1591746
02562,8730843
02563,34225401
02564,14885746
02568,17230825
02571,51515326
02575,64744359
02576,25203958
02584,174589
02601,22258203
02630,10385649
02631,57063530
02632,18957572
02633,19573226
02635,14345673
02637,1812603
02638,15369512
02639,7190413
02641,5400049
02642,35952115
02643,4905161
02644,9269409
02645,43105136
02646,7798440
02647,1226878
02648,24027326
02649,60224553
02650,3728757
02651,186321
02652,20715925
02653,31268859
02655,16910116
02657,25046216
02659,5297709
02660,19969417
02663,3658747
02664,17965431
02666,32936951
02667,48233020
02668,39334863
02669,2426995
02670,5400806
02671,5212192
02672,1280229
02673,25891317
02675,23382611
02702,43472374
02703,69371088
02713,13095107
02715,29666585
02717,45791490
02718,26803279
02719,32070891
02720,28156632
02721,10571739
02723,4136130
02724,4812989
02725,6146865
02726,14314308
02738,36591437
02739,44896932
02740,14726481
02743,47731841
02744,3342654
02745,26753643
02746,5480313
02747,126408707
02748,58248119
02760,46498478
02762,28458092
02763,2338180
02764,27446974
02766,72088057
02767,61638094
02769,121557135
02770,83286321
02771,47613581
02777,58680542
02779,42767440
02780,85571693
02790,139047019
02791,2730588
02802,506818
02804,26153983
02806,21273227
02807,23521354
02808,20626470
02809,25420432
02812,17198230
02813,94456653
02814,116013346
02815,10805285
02816,98151879
02817,130009750
02818,56574276
02822,144693825
02825,139873663
02826,6470214
02827,54707655
02828,12358329
02830,49991801
02831,24944367
02832,57864758
02833,18297866
02835,24469391
02836,676100
02837,53175662
02838,3703227
02839,11122348
02840,18702901
02841,1208306
02842,32900267
02852,79952365
02857,108097718
02858,1497066
02859,73495004
02860,13996576
02861,9231842
02863,3108581
02864,68425530
02865,43124330
02871,44115207
02872,15405407
02873,7300848
02874,39280308
02875,2989257
02876,328103
02878,75316639
02879,96795674
02881,9360445
02882,33139324
02885,15882012
02886,38635923
02888,15359539
02889,22525872
02891,68257271
02892,71119703
02893,20296689
02894,11226896
02895,20075390
02896,61542365
02898,29915649
02903,4536527
02904,13521034
02905,9527801
02906,8390572
02907,5704336
02908,8185843
02909,8971158
02910,8927847
02911,6451960
02912,112446
02914,12648956
02915,14343072
02916,6638701
02917,55272934
02919,60973036
02920,23817776
02921,34078092
03031,89187833
03032,65573639
03033,51339606
03034,85426307
03036,67438895
03037,124615043
03038,92817258
03042,67261071
03043,80593019
03044,43947417
03045,92719672
03046,79948056
03047,68424456
03048,76532233
03049,82108587
03051,73273980
03052,38583320
03053,106434031
03054,84397675
03055,64781148
03057,43680255
03060,16931395
03062,31254018
03063,21006853
03064,10707693
03070,111380283
03071,84734786
03076,68175732
03077,76310277
03079,64297400
03082,74009521
03084,57292643
03086,69838248
03087,69266007
03101,2004382
03102,23425474
03103,25251422
03104,21411266
03106,93601257
03109,19069583
03110,84892477
03215,124336440
03216,98912935
03217,28378457
03218,37076125
03220,79286336
03221,119418336
03222,188550174
03223,189782901
03224,104533512
03225,75616402
03226,34824384
03227,167995366
03229,112234306
03230,106140667
03231,5686669
03233,1457142
03234,89060545
03235,77022339
03237,95893606
03238,7138906
03240,107420990
03241,107562876
03242,114016447
03243,68271679
03244,212499158
03245,78748431
03246,51724621
03249,100625167
03251,390069984
03253,100785720
03254,154125047
03255,94956130
03256,97663675
03257,59300785
03258,54765040
03259,61264672
03260,63424045
03261,72807028
03262,147655083
03263,62680867
03264,95237791
03266,265655367
03268,78275127
03269,122851847
03273,15284199
03275,111419883
03276,102090218
03278,160795173
03279,118545902
03280,118390973
03281,152981933
03282,107361672
03284,100593508
03285,129719585
03287,67842632
03290,118574508
03291,471846
03293,4199836
03301,127927353
03303,174940060
03304,72938485
03307,127869240
03431,153771245
03440,93743059
03441,10161715
03442,29432165
03443,28776835
03444,72234688
03445,51822857
03446,110657794
03447,90649232
03448,50452783
03449,77625091
03450,48264049
03451,55377324
03452,99407237
03455,60857039
03456,67239939
03457,59637838
03458,139186999
03461,96179040
03462,50601843
03464,129030482
03465,45777870
03466,39612868
03467,91756658
03470,226269951
03561,131648118
03570,272824619
03574,234620713
03575,72020655
03576,368985666
03579,1422670249
03580,245980314
03581,389573384
03582,221100603
03583,130096497
03584,152967109
03585,209315272
03586,43232936
03588,369659677
03590,272665801
03592,852225111
03593,241959750
03595,95302983
03597,138402705
03598,160049864
03601,49716548
03602,150338741
03603,110356576
03604,1271468
03605,83839462
03607,40200336
03608,87640220
03609,2311260
03740,88837132
03741,199254252
03743,158534074
03745,90409979
03746,18290278
03748,111340986
03750,32460673
03751,7895414
03752,58119030
03753,70349845
03754,99446
03755,93468017
03765,11501499
03766,82244284
03768,139393296
03770,12814434
03771,57122863
03773,239355585
03774,67060167
03777,116959437
03779,103037493
03780,42164705
03781,122504798
03782,54555378
03784,21712443
03785,154662203
03801,61572634
03809,105440021
03810,60297835
03811,28829414
03812,156676323
03813,248864399
03814,81761711
03816,74448493
03817,25273845
03818,221251844
03819,30167510
03820,71862492
03823,27431874
03824,58048555
03825,119575274
03826,7179934
03827,46216911
03830,33364130
03832,64655148
03833,126015009
03835,94923704
03836,90581515
03837,52056478
03838,59536603
03839,21702954
03840,27182070
03841,28395663
03842,33077924
03844,31904130
03845,34450335
03846,167841664
03847,2205980
03848,51228902
03849,64726010
03850,7820667
03851,68395372
03852,17446855
03853,20519127
03854,2094144
03855,107169513
03856,18368999
03857,32752186
03858,25441685
03860,52064727
03861,51785324
03862,35905755
03864,88849834
03865,27446831
03867,76630267
03868,19549374
03869,18367387
03870,31647034
03871,1081946
03872,122873165
03873,34486253
03874,23335342
03875,36058868
03878,25918405
03882,100090018
03883,32878644
03884,125420435
03885,39245815
03886,98754263
03887,52030430
03890,11826933
03894,126996119
03901,97509813
03902,50743691
03903,51264314
03904,29101012
03905,16996787
03906,99067567
03907,10601076
03908,83312127
03909,89099536
03910,896568
03911,900954
04001,93248970
04002,171025110
04003,2695193
04005,124090521
04006,194733
04008,92592057
04009,146868379
04010,115175463
04011,121148032
04015,82292741
04017,9256417
04019,2151748
04020,57434675
04021,53371402
04022,119439966
04024,41039402
04027,142463002
04029,85145642
04030,43131277
04032,89980972
04037,213668907
04038,131043352
04039,105308855
04040,159579192
04041,96909873
04042,82982197
04043,91518010
04046,115041007
04047,150838111
04048,73022424
04049,106161104
04050,3718892
04051,113056635
04055,80592593
04056,14617085
04057,142741
04061,50845977
04062,121725516
04063,1735838
04064,17519264
04066,4671513
04068,81978639
04069,59192590
04071,96119717
04072,99933834
04073,96866941
04074,123560760
04076,100367200
04079,55063615
04083,25875405
04084,121557469
04085,31237424
04086,83349364
04087,49327868
04088,124787587
04090,149325975
04091,50145960
04092,44538759
04093,104971402
04095,75128247
04096,34717749
04097,54984383
04101,5190552
04102,15481327
04103,26604631
04105,75929675
04106,31844343
04107,37947165
04108,3084048
04109,3279880
04110,5825412
04210,153554693
04216,354464744
04217,473395034
04219,158967176
04220,203056381
04221,83090460
04222,99144955
04224,192309858
04226,27924368
04227,1485180
04228,177187
04231,88258357
04234,849231
04236,83595024
04237,18227669
04238,58012659
04239,125310913
04240,88437058
04250,30914907
04252,28235022
04253,97435658
04254,50789483
04255,97993365
04256,29157006
04257,60451740
04258,76731802
04259,76050651
04260,122049349
04261,541914249
04263,103737920
04265,18292950
04267,5395109
04268,118190254
04270,203683713
04271,467501
04274,108702338
04275,245333701
04276,177548881
04280,107896690
04281,105135886
04282,153480780
04284,43808100
04285,167368000
04286,145209
04287,115084743
04289,62835356
04290,120891994
04292,114760283
04294,149295659
04330,303292099
04342,78871346
04343,1252638
04344,29080523
04345,186737213
04346,5529868
04347,15189858
04348,194881763
04349,76240906
04350,96129277
04351,55051235
04352,97731010
04353,121252286
04354,105047927
04355,75792632
04357,78773066
04358,128952461
04359,1867384
04360,62665039
04363,89732632
04364,78966446
04401,259555886
04406,233576991
04408,306619056
04410,106666156
04411,110258124
04412,39466907
04413,133069690
04414,637248219
04415,4105762
04416,149665004
04417,161731708
04418,381709089
04419,94618217
04421,20140012
04422,105031183
04424,272408311
04426,400075440
04427,104107595
04428,154153070
04429,182714004
04430,23375070
04431,809372
04434,64253335
04435,99875578
04438,63737472
04441,1505622956
04442,194264336
04443,355821865
04444,178828136
04448,286014926
04449,96616713
04450,43583366
04451,194057398
04453,175135376
04454,128075482
04455,217989441
04456,77855805
04457,426925183
04459,208678580
04460,277008698
04461,114275473
04462,3031071048
04463,379738835
04464,518114739
04468,308900440
04469,623930
04471,248535296
04472,120956679
04473,46449772
04474,64726301
04475,62703163
04476,103289547
04478,1027655480
04479,99562539
04481,80212588
04485,115413997
04487,569278293
04488,90680803
04489,523547
04490,683737541
04491,33522190
04492,120439401
04493,172956358
04495,113177457
04496,92022659
04497,622419062
04530,74568032
04535,54134943
04537,43411639
04538,12631739
04539,42311004
04541,4767674
04543,32204513
04544,8392455
04547,36528540
04548,48130476
04551,42647101
04553,75245160
04554,11081433
04555,49053593
04556,46808040
04558,10704840
04562,74492797
04563,49817647
04564,22479956
04568,12856292
04570,706076
04571,5484024
04572,185178607
04573,21088423
04574,98165493
04575,1702724
04576,13224499
04578,86613037
04579,90753005
04605,737026590
04606,110429651
04607,129515739
04609,109391562
04611,14547139
04612,14215199
04613,4839976
04614,155941451
04616,46423730
04617,65923874
04619,88890813
04622,666251486
04623,352553266
04624,14783419
04625,5470253
04626,121276652
04627,55581002
04628,225000948
04629,5875674
04630,227359004
04631,9470699
04634,273921460
04635,11499124
04637,232142831
04640,71740299
04642,14644635
04643,55169104
04644,12857
04645,32428315
04646,2739200
04648,88926360
04649,73850606
04650,9957384
04652,158724056
04653,7421792
04654,259113301
04655,55433205
04657,261190524
04658,62794550
04660,74735254
04662,7011060
04664,92875752
04666,163162828
04667,77349507
04668,251341275
04669,7075576
04671,73006364
04673,7803058
04674,21965039
04675,13263675
04676,62191275
04677,10345155
04679,35542881
04680,111388649
04681,25409344
04683,11473097
04684,95780091
04685,37185434
04686,293252609
04691,121620479
04693,37233164
04694,339369529
04730,607675660
04732,1134508905
04733,136397631
04734,116854913
04735,125451607
04736,432139714
04739,579075278
04740,100117423
04741,6007703
04742,199521737
04743,352042133
04745,62091068
04746,95524935
04747,421843025
04750,203103179
04756,46150967
04757,334631919
04758,91020290
04760,259702721
04761,47580218
04762,102998140
04763,90794116
04764,170008249
04765,1480042523
04766,94620087
04768,541744189
04769,196262928
04772,76728181
04773,101033988
04774,459128923
04776,221515482
04777,233388151
04779,245974918
04780,786893815
04781,126567226
04783,145631252
04785,264053638
04786,182199009
04787,104225061
04841,33259746
04843,47887430
04847,56877134
04848,37053372
04849,158305817
04851,6014601
04852,2202208
04853,29448055
04854,22990800
04855,5969251
04856,56048967
04858,29478261
04859,17186766
04860,46195478
04861,28329236
04862,168344391
04863,60359505
04864,120361146
04901,204132565
04910,100577276
04911,165094034
04912,155457244
04915,189185414
04917,102847691
04918,9265105
04920,658198223
04921,122909301
04922,100726135
04923,55316680
04924,106594003
04925,147234468
04926,282034
04927,113631600
04928,100264378
04929,51499329
04930,139779444
04932,93987426
04933,240546
04936,1142422827
04937,134834334
04938,317852053
04939,97565100
04940,1255055
04941,166234559
04942,373660783
04943,96196082
04944,4163214
04945,2391415712
04947,326934228
04949,67341147
04950,134378091
04951,104349908
04952,78207323
04953,76248885
04955,115414628
04956,98267117
04957,210941925
04958,142217548
04961,757559254
04962,212866
04963,132103688
04964,240441810
04965,103966090
04966,516901492
04967,125728733
04969,76937408
04970,597202900
04971,116007413
04973,97677742
04974,74042828
04975,142319
04976,257908024
04978,39139860
04979,113560472
04981,97912866
04982,138233482
04983,389255118
04984,61086226
04985,519193381
04986,143446324
04987,90451120
04988,128931409
04989,114395463
04992,151444
05001,111845822
05031,25543194
05032,181173929
05033,75087909
05034,14917155
05035,83124614
05036,86622537
05037,27266289
05038,103057875
05039,113574280
05040,27535599
05041,15222245
05042,61712362
05043,21040885
05045,133787497
05046,154809842
05048,71361708
05050,1119817
05051,124439347
05052,6680314
05053,22614230
05055,106553382
05056,111177236
05058,10445838
05059,13695346
05060,180071309
05061,66942670
05062,109765018
05065,83705718
05067,42866102
05068,133345356
05069,31106130
05070,35223005
05071,50462092
05072,67884381
05075,66737725
05076,74677894
05077,109544288
05079,93901801
05081,24120178
05083,1866028
05084,6145740
05086,63377144
05089,106362633
05091,173412534
05101,89008628
05141,2765794
05142,69450724
05143,247380863
05146,114481566
05148,69478642
05149,113474828
05150,6280288
05151,71864755
05152,105294371
05153,32523663
05154,6894290
05155,107606916
05156,156530898
05158,29700724
05161,90340517
05201,240767660
05250,237175460
05251,90347929
05252,101132464
05253,33997101
05254,5216474
05255,101083643
05257,32896316
05260,25161600
05261,83243535
05262,197213092
05301,388819561
05340,113763061
05341,33975044
05342,39397112
05343,116992957
05345,129481953
05346,176293774
05350,94088294
05352,102293493
05353,95102816
05354,50320825
05355,70936734
05356,57845390
05358,32445519
05359,76659776
05360,124781483
05361,78688100
05362,6789106
05363,166894185
05401,15348299
05403,42406833
05404,3656312
05405,588806
05408,10930422
05439,472141
05440,75363081
05441,81508006
05442,83274853
05443,293973958
05444,52240943
05445,106894948
05446,94739678
05447,821117
05448,105616230
05450,307737090
05452,107785374
05454,122539803
05455,86114960
05456,62051312
05457,99432839
05458,42422103
05459,66711463
05461,106173169
05462,98656673
05463,20421053
05464,167541285
05465,113054708
05468,165678186
05471,134442782
05472,102128153
05473,48953699
05474,34846768
05476,164891228
05477,120682306
05478,156760067
05481,972298
05482,63415233
05483,52846456
05485,264513
05486,38678683
05487,116064513
05488,167988565
05489,137223489
05491,223622896
05492,42353439
05494,88348762
05495,87752414
05602,209956256
05640,9628252
05641,139937116
05647,76436151
05648,23100319
05649,40475699
05650,60807661
05651,44305775
05652,80758662
05653,82457116
05654,7522375
05655,88171239
05656,122667961
05657,363566
05658,97074856
05660,102977837
05661,170348525
05663,144839463
05664,43125
05667,117706550
05669,109885843
05672,187989016
05673,139320470
05674,103656304
05675,103468318
05676,261745541
05677,39859972
05678,1831716
05679,102818670
05680,172396038
05681,65980299
05682,119592466
05701,150897631
05730,34722816
05732,25462517
05733,295549488
05734,114174600
05735,110985274
05736,15506030
05737,166291037
05738,129542549
05739,141906578
05740,72134
05742,66259670
05743,256011706
05744,57685660
05747,129782016
05748,99648885
05751,120437726
05753,220607327
05757,63335634
05758,79456050
05759,47230950
05760,101536173
05761,98530081
05762,52162780
05763,74470562
05764,112189019
05765,20403060
05766,117241664
05767,147715897
05769,79533988
05770,106534548
05772,117578414
05773,182888244
05774,57595598
05775,32760590
05776,115451401
05777,124016306
05778,64411405
05819,235786880
05820,62266952
05821,90059635
05822,99965761
05824,134017479
05825,6593639
05826,81074252
05827,38133278
05828,138774336
05829,66142265
05830,80786315
05832,75852182
05833,36948933
05836,73785300
05837,119006891
05839,62664474
05841,74396084
05842,47699429
05843,93383831
05845,108567121
05846,144877987
05847,145057809
05850,1049966
05851,206545978
05853,77871653
05855,144362001
05857,106490714
05858,202699337
05859,144254097
05860,196414606
05862,71234964
05866,84308302
05867,93371560
05868,36582769
05871,122269186
05872,62331103
05873,76566965
05874,94707184
05875,43274418
05901,92414396
05902,2772701
05903,172547484
05904,1479509
05905,488035819
05906,124663673
05907,285014738
06001,60375309
06002,67502010
06010,68369163
06013,76947167
06016,38846824
06018,30797205
06019,59454850
06020,24912
06021,14631563
06022,4196746
06023,2373327
06024,20576050
06026,43614047
06027,40780169
06029,87556812
06031,99548241
06032,58785613
06033,88932914
06035,39782847
06037,65735761
06039,54332976
06040,43949365
06042,27028572
06043,37326694
06051,10587107
06052,6607069
06053,20740438
06057,94463613
06058,131437338
06059,7586414
06060,31260792
06061,330786
06062,22623986
06063,76659590
06065,24949085
06066,45862858
06067,34867960
06068,80518510
06069,129705449
06070,56764402
06071,74970410
06073,43792046
06074,72663410
06076,221863582
06078,66161171
06081,1778769
06082,86289914
06084,103265818
06085,12388586
06088,29142179
06089,6948077
06090,35084674
06091,28616431
06092,22260945
06093,43361616
06095,76661791
06096,24860985
06098,146488120
06103,1217897
06105,6086182
06106,10946226
06107,16896899
06108,21022996
06109,31862532
06110,8638998
06111,34034098
06112,7058328
06114,10467790
06117,25733520
06118,25648709
06119,5285091
06120,9214513
06160,138776
06226,18809965
06231,41087769
06232,40000347
06234,79391506
06235,49939802
06237,55858845
06238,96804225
06239,58977921
06241,71068362
06242,67477727
06243,903761
06247,88112011
06248,54482897
06249,140113258
06250,43857063
06254,50476280
06255,58921121
06256,19364860
06259,107685503
06260,51760008
06262,2461954
06263,597733
06264,3749379
06266,2455638
06268,68062003
06269,3313278
06277,59563768
06278,102549640
06279,86230291
06280,37783769
06281,143687661
06282,14845957
06320,14336552
06330,47409627
06331,103468830
06332,1190715
06333,60775502
06334,50196963
06335,28045085
06336,1589391
06339,69677223
06340,59301443
06350,604020
06351,134731561
06353,579888
06354,53394168
06355,36411958
06357,27329373
06359,140572864
06360,69802267
06365,79848169
06370,61077869
06371,141699123
06373,8767545
06374,67105964
06375,20528494
06376,259435
06377,43153650
06378,55010920
06379,31101045
06380,2472518
06382,46788817
06384,98428700
06385,64608307
06387,277797
06389,327155
06390,10504177
06401,15556712
06403,25048483
06405,55043151
06409,3503032
06410,83861189
06412,41573119
06413,41948226
06414,751065
06415,140825359
06416,30070597
06417,35001764
06418,13126020
06419,91506573
06420,75692245
06422,61276967
06423,99625575
06424,104297297
06426,14807345
06437,121933333
06438,31816540
06441,67020490
06442,8631798
06443,93622111
06444,1700637
06447,60479197
06450,36048001
06451,25309873
06455,28103876
06456,2246281
06457,106235852
06460,32515781
06461,24928263
06467,173168
06468,67514080
06469,26051307
06470,96146972
06471,23316879
06472,42331838
06473,56066579
06475,39003140
06477,44498764
06478,84809656
06479,19059972
06480,60476326
06481,4655716
06482,52786846
06483,37600679
06484,79334981
06488,101023391
06489,71945571
06492,102780469
06498,40871157
06510,625774
06511,15362920
06512,27227691
06513,18749152
06514,29025124
06515,11805824
06516,27842630
06517,13210869
06518,42343971
06519,4330244
06524,54669018
06525,48722327
06604,8116656
06605,6072276
06606,13709614
06607,3028154
06608,2672399
06610,7920184
06611,61970208
06612,69496009
06614,28477893
06615,16769212
06702,1655876
06704,20514016
06705,14382616
06706,9878737
06708,24721341
06710,2554876
06712,36868714
06716,52908259
06750,19273430
06751,49150826
06752,43249888
06754,83815353
06755,11675443
06756,93379519
06757,89150159
06758,6814408
06759,130087225
06762,45093454
06763,38084824
06770,43291137
06776,144002296
06777,41187872
06778,18374270
06779,8273214
06782,19466369
06783,66929754
06784,60047485
06785,34878324
06786,37184255
06787,31687511
06790,107724552
06791,79894635
06793,36639944
06794,35185337
06795,67877396
06796,96213919
06798,94172529
06801,43909713
06804,51208466
06807,8146193
06810,53647755
06811,54927373
06812,52948104
06820,32774485
06824,52146563
06825,17424219
06830,35206314
06831,71301354
06840,57484080
06850,17384644
06851,19771384
06853,3101385
06854,12634374
06855,6152019
06856,9568
06870,5945325
06877,89634473
06878,6211454
06880,52115624
06883,51211664
06890,7495647
06896,81506029
06897,69435115
06901,1204736
06902,26347061
06903,45283573
06905,12875531
06906,3131658
06907,5373196
07001,9754008
07002,15147276
07003,13763151
07004,26241377
07005,48710637
07006,24286951
07008,11458069
07009,10971999
07010,2472334
07011,8575616
07012,5438477
07013,11283365
07014,3605207
07016,12492029
07017,5832059
07018,4390921
07020,2505964
07021,3615959
07022,2184142
07023,3469655
07024,6555837
07026,5667170
07027,1686254
07028,3328871
07029,3390134
07030,3223691
07031,6437476
07032,22916000
07033,5571116
07034,3293960
07035,17440293
07036,28159361
07039,35767036
07040,9023944
07041,3442847
07042,9682782
07043,6708845
07044,7301875
07045,18332465
07046,6835341
07047,13449747
07050,5688686
07052,31144194
07054,35853514
07055,8125858
07057,2546727
07058,7733546
07059,50721734
07060,13110338
07062,4796858
07063,4639735
07064,3602929
07065,10036089
07066,11049023
07067,10405398
07068,9290077
07069,16305821
07070,7283572
07071,11792972
07072,10202840
07073,9631587
07074,3317833
07075,2871884
07076,23328504
07077,3996402
07078,16697036
07079,7381111
07080,21416056
07081,13356749
07082,15659553
07083,22417397
07086,2053247
07087,3352522
07088,1076885
07090,17448705
07092,10414275
07093,3074964
07094,14938377
07095,10716202
07102,3041341
07103,5510164
07104,6555242
07105,12039098
07106,3676496
07107,4262158
07108,3554641
07109,8574570
07110,8739745
07111,7551113
07112,4666397
07114,19253523
07201,17173544
07202,5999237
07203,6838773
07204,3173629
07205,7133468
07206,4138667
07208,4594667
07302,3788346
07304,4845225
07305,14957634
07306,7051390
07307,5789356
07310,1569885
07311,85747
07401,7998450
07403,16523004
07405,51087145
07407,6845432
07410,13293451
07416,24483262
07417,24379399
07418,12109037
07419,40480942
07420,6450077
07421,67009998
07422,31848965
07423,4508458
07424,14789836
07430,65602712
07432,4068757
07435,38725873
07436,22021935
07438,71190240
07439,6179172
07440,4044622
07442,7517967
07444,13533428
07446,14327719
07450,14904966
07452,7022555
07456,66228512
07457,5261935
07458,26325055
07460,86890664
07461,218147745
07462,43845151
07463,5295099
07465,20706428
07470,61571390
07480,86446552
07481,17090399
07495,99274
07501,4754770
07502,2364096
07503,3998026
07504,2146613
07505,515576
07506,8593195
07508,13292860
07512,10263514
07513,1535750
07514,2389012
07522,2128140
07524,1953324
07601,10864040
07603,1958168
07604,3956323
07605,3995181
07606,1696903
07607,3291050
07608,3996981
07620,16607846
07621,7277469
07624,8146205
07626,5321354
07627,5374287
07628,5055731
07630,5777090
07631,12712887
07632,5505228
07640,4754329
07641,5046685
07642,7533105
07643,3821900
07644,5929730
07645,10394857
07646,5912808
07647,5868400
07648,7213316
07649,6241300
07650,3174715
07652,27030514
07656,6784330
07657,6587135
07660,4389907
07661,4734609
07662,2609020
07663,6931853
07666,15666844
07670,12122846
07675,24978839
07676,7623473
07677,8748407
07701,24075098
07702,5596871
07703,2253199
07704,4155782
07711,2076416
07712,30749344
07716,12683382
07717,1100833
07718,5475141
07719,33567233
07720,1578323
07721,2389050
07722,95026881
07723,4065837
07724,32153698
07726,83959300
07727,57025020
07728,125951382
07730,12709762
07731,86091681
07732,9901553
07733,46422585
07734,4595277
07735,13238344
07737,6683312
07738,13732443
07739,6995452
07740,13677555
07746,33737961
07747,32463348
07748,34643532
07750,2687670
07751,41766320
07753,47128958
07755,7359728
07756,959563
07757,6434191
07758,3938909
07760,19622375
07762,7277891
07764,7391799
07801,25303070
07803,7634220
07820,5973052
07821,112348423
07822,17077867
07823,65723439
07825,199913349
07826,134902205
07827,128230293
07828,36931127
07830,62058834
07832,121776238
07833,1146875
07834,31893954
07836,41394951
07838,64409531
07840,90813349
07842,3389611
07843,10462950
07846,355299
07847,5573298
07848,61609112
07849,19061805
07850,8304564
07851,17285101
07852,7883868
07853,87956280
07856,9050878
07857,2807168
07860,261430672
07863,61330737
07865,35345405
07866,57474291
07869,52042600
07870,601582
07871,97965985
07874,32614495
07876,14900894
07878,723127
07880,569117
07881,61743853
07882,82183750
07885,39065583
07901,16420583
07920,60782906
07921,49361811
07922,14402573
07924,31203855
07926,685287
07927,4994756
07928,22593838
07930,65800444
07931,53666732
07932,17731655
07933,12828127
07934,9356590
07935,5946196
07936,20438959
07939,1063710
07940,12042893
07945,48548221
07946,10691444
07950,23473177
07960,90684886
07961,105675
07970,631516
07974,10347397
07976,18365092
07977,3855787
07979,6216253
07980,7036800
07981,17428060
08001,6309047
08002,18634060
08003,28669960
08004,32271147
08005,122241412
08006,1924364
08007,3326738
08008,28221779
08009,35435797
08010,9943028
08011,338945
08012,38564081
08014,7519621
08015,124071949
08016,58971680
08019,154723572
08020,11171067
08021,33593089
08022,56821333
08023,2601436
08026,5577273
08027,19193870
08028,39709372
08029,2681301
08030,6895334
08031,7832767
08033,10093580
08034,15346384
08035,4094396
08036,15789105
08037,302477494
08038,44866569
08039,2666775
08041,29496185
08042,1720015
08043,29720489
08045,3370780
08046,18987108
08048,34076965
08049,3260168
08050,78893175
08051,9704670
08052,9922685
08053,75518832
08054,56251060
08055,103459140
08056,23819718
08057,39568934
08059,3186131
08060,57497678
08061,3610287
08062,78715249
08063,2651543
08064,3315872
08065,4795363
08066,12810899
08067,49772439
08068,60074589
08069,43688471
08070,53049539
08071,8603402
08072,590195
08073,248154
08074,886988
08075,25724283
08077,20978853
08078,5199994
08079,235838501
08080,74873433
08081,69263461
08083,6483991
08084,4044958
08085,119773762
08086,18913315
08087,129318977
08088,359228572
08089,49543466
08090,6639376
08091,8655789
08092,60012816
08093,12090296
08094,136747006
08095,5249749
08096,39132258
08097,3569650
08098,146016389
08102,2463751
08103,5580677
08104,8015499
08105,6712651
08106,4252425
08107,4632257
08108,7085179
08109,12607458
08110,16634436
08201,14763275
08202,16433151
08203,17023789
08204,51846781
08205,109716427
08210,178133051
08212,2179118
08215,300256882
08217,119929
08221,9957851
08223,33534996
08224,12212540
08225,16124928
08226,17344213
08230,32571614
08232,15173129
08234,156996112
08240,4069819
08241,19102574
08242,13099045
08243,5709357
08244,14974697
08246,839980
08247,12882882
08248,1503486
08251,16361473
08260,41718745
08270,298931636
08302,370992618
08310,29248114
08311,71353979
08312,15047844
08314,33864629
08316,9764185
08317,18661033
08318,206112775
08319,36553692
08320,1093686
08321,24151598
08322,74206789
08323,46075672
08324,22051958
08326,8928408
08327,13790082
08328,5414480
08329,5903992
08330,311282760
08332,274558217
08340,34118119
08341,6335160
08343,86227284
08344,63834778
08345,52384588
08346,9801326
08348,3759066
08349,105050064
08350,10347052
08352,761762
08353,3116143
08360,110988976
08361,78554814
08401,27586577
08402,3670124
08403,5458139
08406,5146480
08501,70129442
08502,33041699
08505,54706773
08510,49695868
08511,6816858
08512,54989524
08514,67886253
08515,54462269
08518,4915038
08520,45441293
08525,57521725
08527,220571401
08528,1645029
08530,65785150
08533,48210280
08534,56794850
08535,46301352
08536,18916305
08540,134482922
08542,1342850
08550,48133233
08551,69832995
08553,1581944
08554,2735247
08555,4375809
08558,43179779
08559,103530157
08560,35197178
08561,3113140
08562,44538611
08608,822497
08609,3537216
08610,19985023
08611,6813839
08618,15721351
08619,25866945
08620,23205900
08628,18076655
08629,2062261
08638,14907208
08640,55505333
08641,13155011
08648,43321737
08690,18147603
08691,67671566
08701,63747080
08720,3626168
08721,40227763
08722,7218506
08723,31194276
08724,35309326
08730,4548778
08731,123787412
08732,1402523
08733,9442313
08734,14852645
08735,4495166
08736,11977869
08738,2524055
08740,1146169
08741,2076306
08742,14522866
08750,4899733
08751,3396903
08752,12342279
08753,59692944
08755,41497667
08757,66760793
08758,32406965
08759,166912552
08801,42196607
08802,61867271
08804,31830414
08805,7343287
08807,66211346
08808,103377
08809,16631598
08810,18790743
08812,13630504
08816,53325587
08817,27814619
08820,26842770
08821,774759
08822,165132277
08823,9059323
08824,10084176
08825,75412041
08826,53665692
08827,48682612
08828,2145337
08829,6380635
08830,8223439
08831,130346130
08832,3781115
08833,86526878
08835,6122502
08836,12137909
08837,23403953
08840,8342251
08844,142550399
08846,9032957
08848,86420605
08850,6361224
08852,36355526
08853,27898866
08854,48688398
08857,63096572
08858,7110432
08859,11674936
08861,13322618
08863,6601963
08865,111296625
08867,75510062
08869,5164059
08872,23210220
08873,83647264
08876,39359227
08879,18686026
08880,1674009
08882,7189338
08884,6017292
08886,39164477
08887,1804693
08889,64512345
08890,454728
08901,16517674
08902,35197083
08904,4716569
10001,1591493
10002,2275167
10003,1492995
10004,1389744
10005,188254
10006,241687
10007,413123
10009,1597620
10010,988479
10011,1710333
10012,837301
10013,1425087
10014,1412003
10016,1378175
10017,820946
10018,846143
10019,1804728
10020,71567
10021,986787
10022,1107177
10023,1269193
10024,2222646
10025,1946729
10026,860734
10027,2250666
10028,811373
10029,2102356
10030,722535
10031,1681543
10032,1695758
10033,1544118
10034,2823936
10035,3689142
10036,1137622
10037,666601
10038,773408
10039,1132692
10040,988482
10044,595879
10065,984648
10069,249050
10075,477134
10103,24776
10110,26711
10111,9579
10112,15242
10115,6618
10119,42613
10128,1206197
10152,12423
10153,12281
10154,12382
10162,29812
10165,13058
10167,12396
10168,13211
10169,9924
10170,24921
10171,12470
10172,12415
10173,12297
10174,13224
10177,5421
10199,65414
10271,6779
10278,35671
10279,10805
10280,297253
10282,177847
10301,9189257
10302,3079086
10303,8141997
10304,9655858
10305,10304612
10306,19359801
10307,4764129
10308,5097991
10309,17239616
10310,4651583
10311,121555
10312,19637313
10314,35438320
10451,2665309
10452,2559779
10453,2379046
10454,2710872
10455,1846911
10456,2635673
10457,2743129
10458,2603703
10459,2124304
10460,3413695
10461,6201824
10462,3818413
10463,3755858
10464,8981677
10465,8799202
10466,5215217
10467,6049194
10468,2773215
10469,6403528
10470,3702689
10471,6659941
10472,2729339
10473,5537168
10474,3988439
10475,4736639
10501,3628571
10502,5429354
10503,38497
10504,42104717
10505,1697722
10506,42499517
10507,18950690
10509,93463360
10510,25827329
10511,3848144
10512,141331607
10514,33203932
10516,81626886
10517,850205
10518,8826477
10519,1921275
10520,35824644
10522,6324687
10523,9359754
10524,53839856
10526,8518831
10527,6369751
10528,9907076
10530,9933558
10532,4921039
10533,9239782
10535,1281766
10536,66676162
10537,2782889
10538,9336160
10541,64402546
10543,10644306
10545,323894
10546,2881001
10547,13125013
10548,6050473
10549,49872063
10550,5143746
10552,4295937
10553,1798913
10560,54083510
10562,35528370
10566,11259912
10567,57418689
10570,16792225
10573,14179583
10576,58133385
10577,17477182
10578,4100892
10579,84788614
10580,21973278
10583,32003916
10588,5104398
10589,20727732
10590,34843678
10591,25615812
10594,6467373
10595,15425144
10596,1583925
10597,8606716
10598,68686646
10601,1643247
10603,8503962
10604,17567417
10605,13166725
10606,3846471
10607,5733959
10701,10982775
10703,4524508
10704,6906369
10705,5730918
10706,7515944
10707,3355975
10708,8019907
10709,3525113
10710,11887933
10801,8813724
10803,5678869
10804,11154011
10805,4463913
10901,46649079
10910,5388401
10911,2696475
10913,10694635
10914,6325877
10915,373883
10916,52319522
10917,9599369
10918,85261274
10919,10661280
10920,10814606
10921,21014393
10922,6016305
10923,5096188
10924,99306895
10925,10200331
10926,13423520
10927,5092350
10928,14045217
10930,35945280
10931,16552990
10932,386531
10933,2829350
10940,168077109
10941,82948441
10950,94277640
10952,23633527
10953,2850764
10954,17818952
10956,41892795
10958,59201023
10960,10835335
10962,15178990
10963,32820253
10964,6327339
10965,13598310
10968,1504348
10969,28901866
10970,35675793
10973,21742639
10974,24042477
10975,15237052
10976,2973868
10977,28694740
10979,448167
10980,63173907
10983,5267039
10984,4147189
10985,665812
10986,27969967
10987,96112490
10988,8044221
10989,12773224
10990,157584678
10992,28725075
10993,2995695
10994,15816077
10996,8402391
10998,48351189
11001,5768211
11003,10754319
11004,2459132
11005,475148
11010,6153796
11020,5090374
11021,6048110
11023,4289234
11024,9126458
11030,17318997
11040,12394889
11042,1522207
11050,25854202
11096,3201069
11101,6743213
11102,2042499
11103,1842732
11104,1005092
11105,4356926
11106,2214080
11109,128895
11201,3644697
11203,5555574
11204,4113164
11205,2447352
11206,3715235
11207,6920359
11208,9271398
11209,5496326
11210,4251913
11211,5988804
11212,3985433
11213,2824118
11214,5617478
11215,5633111
11216,2421197
11217,1942472
11218,3699716
11219,3838512
11220,4519581
11221,3582821
11222,3974683
11223,5370787
11224,4107697
11225,2289264
11226,3339501
11228,3813741
11229,5592622
11230,4767212
11231,3681935
11232,3084818
11233,3493425
11234,19191753
11235,5812665
11236,9321422
11237,2547932
11238,2865952
11239,1599387
11351,12343
11354,5641415
11355,4494293
11356,4084054
11357,7279808
11358,5047088
11359,648383
11360,3609048
11361,4572644
11362,6551183
11363,2225823
11364,6391223
11365,6471760
11366,2830877
11367,6100390
11368,6810481
11369,2823939
11370,3859882
11371,2837110
11372,1918699
11373,3942315
11374,2442510
11375,5152092
11377,6569937
11378,6674051
11379,5373686
11385,9365112
11411,3025168
11412,4265900
11413,8039785
11414,5988196
11415,1465819
11416,1713841
11417,2898408
11418,4225703
11419,2899292
11420,5380501
11421,3341502
11422,5190975
11423,3665705
11424,93143
11425,87352
11426,3501239
11427,4094801
11428,2154161
11429,3351024
11430,18127150
11432,5566878
11433,4012831
11434,8465071
11435,3958936
11436,2054423
11451,90862
11501,5308422
11507,2792245
11509,2176968
11510,10855051
11514,2323387
11516,2267966
11518,3562890
11520,12991618
11530,18368223
11542,17260431
11545,29717489
11547,1126462
11548,2371537
11549,183248
11550,11030575
11552,8857003
11553,9096311
11554,16186097
11556,165859
11557,5231191
11558,3851214
11559,10806896
11560,19430740
11561,10107973
11563,6208421
11565,2891038
11566,14095490
11568,23140509
11569,1006997
11570,9529723
11572,12327791
11575,4611515
11576,11790527
11577,7888758
11579,2907570
11580,10101378
11581,7070152
11590,17266167
11596,3451388
11598,5146137
11691,7124540
11692,2596630
11693,2550786
11694,3460877
11697,6722312
11701,12093581
11702,23522779
11703,8078619
11704,20869899
11705,9216819
11706,44138551
11709,3928355
11710,12655364
11713,12892770
11714,11188507
11715,4384475
11716,22617046
11717,28256720
11718,2417741
11719,15672789
11720,21152202
11721,6483834
11722,18877408
11724,10002018
11725,25244292
11726,6541234
11727,23593973
11729,16226238
11730,18757431
11731,21716886
11732,3961359
11733,30587403
11735,27111651
11738,13811734
11739,2093425
11740,9604398
11741,19360220
11742,12946213
11743,65646184
11746,61828575
11747,34070814
11749,5650197
11751,10327997
11752,9616109
11753,10085616
11754,19101052
11755,8407551
11756,14304583
11757,17517786
11758,28471015
11762,7916592
11763,35826548
11764,23770198
11765,6335742
11766,15964555
11767,10825086
11768,38952671
11769,10547911
11770,1127899
11771,27717386
11772,41862080
11776,17804980
11777,11350137
11778,17723403
11779,32483364
11780,29919364
11782,14390349
11783,9184240
11784,14154822
11786,14907097
11787,38898772
11788,22273079
11789,4406950
11790,18551226
11791,33601387
11792,25521127
11793,24570298
11794,731965
11795,14670468
11796,3527784
11797,13288690
11798,12347742
11801,17188521
11803,15666775
11804,7467819
11901,142853547
11930,23874561
11931,1169259
11932,22369896
11933,71771249
11934,12107714
11935,26572568
11937,111101169
11939,5797296
11940,14302347
11941,6367658
11942,22427824
11944,10535616
11946,34644134
11947,1683073
11948,7041343
11949,89345480
11950,10683953
11951,17382830
11952,24437455
11953,26542966
11954,47942285
11955,7431403
11956,3284726
11957,16760754
11958,7316988
11959,9938211
11960,4888995
11961,33297539
11962,14197594
11963,34919965
11964,24284820
11965,7317988
11967,29383027
11968,70014576
11970,1454534
11971,28660486
11972,6236218
11973,11340138
11975,7371947
11976,31798120
11977,14837092
11978,32647058
11980,33965336
12007,3140703
12008,2153230
12009,135238285
12010,338504960
12015,34601811
12017,51690614
12018,115335293
12019,76406623
12020,194763972
12022,83799621
12023,149167235
12024,2697849
12025,93941369
12027,18581803
12028,58463440
12029,52003027
12031,8388126
12032,230014517
12033,69886686
12035,16135950
12036,19181898
12037,79851411
12040,3384013
12041,4097523
12042,11251958
12043,159967351
12045,1900883
12046,39752825
12047,22868388
12051,55230337
12052,78480951
12053,160150358
12054,40011267
12056,46645494
12057,91071707
12058,49810352
12059,67210444
12060,89364680
12061,52132968
12062,75007713
12063,3690553
12064,29600949
12065,90379376
12066,87220872
12067,55453574
12068,79783026
12069,1472195
12070,31704922
12071,23912254
12072,124727824
12074,92314109
12075,101748845
12076,194248447
12077,26122475
12078,280962871
12083,111677796
12084,9342415
12085,454725
12086,15690425
12087,50993549
12089,1406178
12090,147699443
12092,38730028
12093,170865373
12094,73127382
12095,157057702
12106,37746219
12108,366663775
12110,38038496
12115,13424429
12116,99752205
12117,116176819
12118,81777369
12120,45352956
12121,53398233
12122,279923079
12123,84497859
12124,6845789
12125,46444263
12130,1546253
12131,18295618
12132,4814731
12134,500299871
12136,47011050
12137,62136065
12138,207893570
12139,619234618
12140,21464171
12143,50280338
12144,49035538
12147,50930832
12148,40531064
12149,121107955
12150,2819003
12151,6711170
12153,46692312
12154,107902782
12155,147389227
12156,37151778
12157,112845126
12158,79243190
12159,36493045
12160,45894195
12161,1059938
12164,120211595
12165,8353306
12166,113526762
12167,118297393
12168,90354211
12169,24662199
12170,78008331
12172,1220334
12173,44535998
12174,2977003
12175,57245843
12176,8614680
12177,1594720
12180,142177132
12182,35587142
12183,1935064
12184,99785571
12185,62937887
12186,81912566
12187,59617405
12188,33615786
12189,16502605
12190,457909173
12192,44437302
12193,100695328
12194,39961919
12195,5063247
12196,22914221
12197,173618476
12198,33927034
12202,5301571
12203,29546204
12204,10542765
12205,40989894
12206,5544141
12207,2737561
12208,10868904
12209,5545832
12210,2277584
12211,20514087
12222,1413634
12302,109680100
12303,39840874
12304,17657797
12305,3921980
12306,111608751
12307,1834857
12308,5842446
12309,42906104
12401,151378428
12404,92428427
12405,18505054
12406,111953465
12407,8712822
12409,36953031
12410,106657636
12411,2427388
12412,15718940
12413,42348294
12414,154381146
12416,13170675
12417,817160
12418,35782601
12419,6202834
12420,10736401
12421,50782861
12422,26387553
12423,32933695
12424,46027045
12427,106199982
12428,139836221
12429,5461450
12430,102797821
12431,40058491
12432,1550748
12433,9893655
12434,35661269
12435,25789227
12436,39763593
12438,1137339
12439,20285991
12440,59870578
12441,16392716
12442,85908434
12443,46666178
12444,39942971
12446,175883774
12448,30202225
12449,9378972
12450,25635074
12451,30577096
12452,22232106
12453,1277725
12454,28838774
12455,198681546
12456,1399183
12457,36189695
12458,83745498
12459,19703064
12460,5344417
12461,61872391
12463,28025789
12464,114332431
12465,7480756
12466,2688095
12468,112952348
12469,87813019
12470,25344654
12471,906965
12472,9243865
12473,38891277
12474,114366862
12475,2809188
12477,170914290
12480,87893492
12481,32420100
12482,5726531
12483,8587020
12484,61600720
12485,21729904
12486,8784835
12487,40673672
12489,15921974
12490,1352673
12491,23282692
12492,99618600
12493,17854455
12494,48544203
12495,23672966
12496,122209848
12498,56453390
12501,79166443
12502,84770328
12503,54466344
12504,3806599
12507,3608974
12508,37717594
12512,1155771
12513,7563023
12514,69036487
12515,12904940
12516,39499365
12517,27079284
12518,25692763
12520,10238542
12521,85181716
12522,96811598
12523,56693004
12524,41997678
12525,60890589
12526,82927836
12527,403216
12528,106793713
12529,170921174
12530,896869
12531,45306297
12533,125918720
12534,225268075
12538,68308489
12540,88240159
12542,37073193
12543,29747245
12545,140319667
12546,118097881
12547,26804793
12548,15205635
12549,100510865
12550,89935633
12553,63889372
12561,154098293
12563,59104943
12564,105221341
12565,3772669
12566,140847012
12567,118840138
12569,85571972
12570,55634239
12571,149958838
12572,131035917
12574,1304569
12575,25621800
12577,15207650
12578,40540665
12580,55831309
12581,104701649
12582,33090037
12583,33731380
12585,12754044
12586,61420091
12589,150304287
12590,89247975
12592,48534488
12594,62339991
12601,48727073
12603,83700460
12604,268606
12701,148944254
12719,44637975
12720,33270968
12721,65675032
12722,720906
12723,82005212
12724,19570754
12725,175564181
12726,75838885
12729,57485838
12732,64924260
12733,13190138
12734,35676421
12736,15762720
12737,92730198
12738,16987912
12740,192490980
12741,21362680
12742,5570618
12743,21220160
12745,4161114
12746,36728520
12747,36138564
12748,56791989
12749,7617716
12750,11019773
12751,8850746
12752,4487608
12754,68816591
12758,394703850
12759,16021603
12760,109609314
12762,16423326
12763,36961304
12764,154041136
12765,32358627
12766,20816276
12767,7657508
12768,90248792
12769,12784501
12770,11641210
12771,89708279
12775,27149977
12776,284090302
12777,136637252
12778,14798186
12779,22232633
12780,61706178
12781,11053655
12783,86124418
12784,5854688
12785,43163088
12786,38755600
12787,9091864
12788,60862472
12789,24838238
12790,114985882
12791,16984131
12792,8783405
12801,10226785
12803,15328816
12804,137491580
12808,57221319
12809,131112375
12810,171982657
12811,4456251
12812,160448202
12814,117854250
12815,95008395
12816,163573378
12817,138758483
12819,75047511
12821,14369839
12822,170481251
12823,11034861
12824,39274288
12827,319456794
12828,119935593
12831,173998739
12832,208196776
12833,91285653
12834,224494084
12835,252287144
12836,113821286
12837,38317782
12838,13159665
12839,84289382
12841,43946581
12842,491174130
12843,152485655
12844,7089978
12845,114677329
12846,150650141
12847,1141124756
12849,7043414
12850,121114265
12851,287787842
12852,316389019
12853,225286991
12855,471847637
12856,164698808
12857,111194420
12858,25345019
12859,57024764
12860,41666977
12861,84928198
12862,6029866
12863,9298754
12864,544242
12865,187382077
12866,173579732
12870,276868314
12871,77071725
12872,789016
12873,54697819
12874,55472472
12878,221649901
12883,206813808
12884,1290127
12885,186061632
12886,37328502
12887,216677658
12901,196747374
12903,1496374
12910,168192916
12911,246367
12912,234003318
12913,70246213
12914,82622125
12916,107389333
12917,111585895
12918,101269076
12919,99390072
12920,240355950
12921,86037535
12922,113875935
12923,135869627
12924,7053264
12926,125625416
12927,286441522
12928,195542075
12929,3083914
12930,93670489
12932,165054747
12933,70856
12934,152426070
12935,255252419
12936,79797314
12937,84832436
12939,10711971
12941,104827631
12942,137102049
12943,266783294
12944,233402535
12945,85994178
12946,335368282
12950,122090754
12952,74699826
12953,544982014
12955,79477353
12956,23339134
12957,82757896
12958,95954602
12959,100040979
12960,78743552
12961,10361538
12962,111885892
12964,89349550
12965,24695433
12966,223148153
12967,97402564
12969,255504863
12970,130216863
12972,214256501
12973,92427907
12974,20822610
12975,7385717
12976,99378678
12977,23166589
12978,6769170
12979,8786254
12980,662497494
12981,274551902
12983,545205461
12985,143316127
12986,586252994
12987,16059376
12989,382679732
12992,164637573
12993,186653298
12996,131782831
12997,168921012
12998,31177905
13020,1211234
13021,311299874
13024,107577
13026,72911001
13027,176257382
13028,48401596
13029,45928428
13030,34487976
13031,62910096
13032,211139820
13033,159671259
13034,62942488
13035,193694560
13036,126354397
13037,105984137
13039,58568128
13040,248912990
13041,47227608
13042,86798587
13044,71937313
13045,276039347
13051,610487
13052,125467805
13053,85963930
13054,57242725
13057,72145581
13060,41389479
13061,67311384
13062,467185
13063,90060245
13064,461830
13066,38839826
13068,132433343
13069,277699608
13071,64277890
13072,121858975
13073,142189995
13074,109972799
13076,39648210
13077,182717626
13078,100851368
13080,72698331
13081,75001745
13082,61040688
13083,150287774
13084,111298025
13087,533741
13088,20662844
13090,39011990
13092,125677618
13101,101283383
13102,150734
13103,886422
13104,122279692
13108,75576468
13110,63641260
13111,68918329
13112,52458730
13113,1345153
13114,162872197
13115,1200818
13116,3333778
13117,2109647
13118,265443822
13120,44274809
13122,48469199
13123,6128006
13124,12135102
13126,260996173
13131,137092125
13132,61449755
13134,213791
13135,82740538
13136,48279527
13138,102927
13140,135382880
13141,33845849
13142,182674215
13143,111872915
13144,99528106
13145,43211976
13146,140845202
13147,92944510
13148,155564058
13152,167479671
13153,2316194
13155,52968844
13156,77597018
13157,1436837
13158,184819241
13159,202430366
13160,55137930
13162,4551884
13163,1374975
13164,27788593
13165,176075986
13166,105720643
13167,88385587
13202,2583758
13203,4402318
13204,11306870
13205,8982056
13206,10214915
13207,8134731
13208,10772544
13209,32963216
13210,11844584
13211,12090741
13212,27612834
13214,9467242
13215,87775356
13219,12921409
13224,7697938
13290,625670
13301,6328578
13302,114377694
13303,91659572
13304,45029117
13305,2484758
13308,100115986
13309,376561857
13310,19631446
13312,165054588
13313,5962791
13314,10036666
13315,127167474
13316,420190764
13317,119471556
13318,65608190
13319,2295986
13320,199072615
13321,2089643
13322,31461260
13323,98525973
13324,309102931
13325,200440357
13326,247053829
13327,345551446
13328,41087168
13329,137117349
13331,208928106
13332,127385347
13333,4404889
13334,75342314
13335,98817333
13337,47908559
13338,629532041
13339,280156125
13340,149925529
13341,476975
13342,20565660
13343,145505920
13345,12791341
13346,97931124
13348,95759958
13350,78789759
13352,434504
13353,512596272
13354,134888643
13355,75392325
13357,81693171
13360,159702002
13361,73359295
13362,714879
13363,54876385
13364,7656967
13365,347301961
13367,1174191047
13368,118059026
13402,65754722
13403,69169474
13404,7631021
13406,28257172
13407,140608798
13408,97492862
13409,89260472
13410,284878
13411,177298531
13413,51504525
13415,5126775
13416,134693604
13417,3384696
13418,13509601
13420,563717370
13421,108806385
13424,28872285
13425,66130238
13428,40855612
13431,95460198
13433,112947587
13435,539472
13436,99291369
13437,248962745
13438,222269992
13439,223036571
13440,292379897
13441,9305983
13450,6166732
13452,197647792
13454,111497881
13456,72707009
13459,131865042
13460,185181605
13461,6004726
13464,99315720
13468,25191339
13469,10403038
13470,173305501
13471,243036234
13472,37411806
13473,119488089
13475,39130
13476,55311989
13477,52448098
13478,92689346
13480,139209415
13483,17921346
13484,6604475
13485,114400122
13486,76277078
13488,10837473
13489,110591189
13490,30646735
13491,187383737
13492,39055895
13493,193054470
13494,45348980
13495,2260358
13501,22659200
13502,139241971
13601,364371773
13602,25250135
13603,14123526
13605,209059692
13606,91045563
13607,46155910
13608,102456410
13612,45875559
13613,215762922
13614,23218999
13615,9915735
13616,14349393
13617,330631035
13618,130441128
13619,281819593
13620,119857293
13621,70464383
13622,150696442
13623,1026859
13624,164213983
13625,143317781
13626,257188880
13628,477227
13630,124332541
13633,51297325
13634,114316973
13635,143125570
13636,8309418
13637,91235806
13638,3172044
13639,50013492
13640,32002948
13641,801664
13642,468756995
13643,93794
13646,278434156
13647,236491
13648,475338151
13650,107000032
13651,6340848
13652,172014381
13654,172279498
13655,52417211
13656,220341927
13658,203848014
13659,147164933
13660,139279981
13661,119265181
13662,230041564
13664,2548425
13665,112285688
13666,101305428
13667,128469766
13668,95191346
13669,264900447
13670,188124734
13672,322973486
13673,90396923
13674,1469036
13675,2727097
13676,412913015
13677,508885
13678,2033438
13679,161831543
13680,91028096
13681,87529310
13682,81189683
13684,408452878
13685,52238799
13687,348138299
13690,133750444
13691,187049871
13692,706799
13693,50120312
13694,57885665
13695,44032192
13696,4822417
13697,169696577
13730,127038217
13731,232070064
13732,85365425
13733,234973041
13734,93808041
13736,157175518
13739,104273594
13740,102461566
13743,152284673
13744,30009715
13746,71867113
13748,34463549
13750,69757670
13751,5095858
13752,125738401
13753,242736705
13754,206067288
13755,148866812
13756,118703944
13757,96326245
13760,127379833
13774,7420505
13775,137398899
13776,14723245
13777,15589146
13778,250894146
13780,57370646
13782,95077853
13783,296447960
13784,1211396
13786,40164664
13787,164847203
13788,91457407
13790,75009534
13794,1858465
13795,52784239
13796,57779032
13797,86244110
13801,177555378
13802,26042655
13803,232332265
13804,39353694
13806,8014352
13807,61684282
13808,95308753
13809,77899698
13810,103672054
13811,164309143
13812,81805726
13813,72238944
13815,277768008
13820,277900270
13825,146530660
13826,2187856
13827,236836305
13830,286161157
13832,71832150
13833,92550436
13834,901854
13835,109334845
13838,26822869
13839,102967235
13841,30857993
13842,32369090
13843,140937216
13844,62135990
13845,1005039
13846,21057940
13847,8443086
13849,171434984
13850,132329061
13856,479442584
13859,1242628
13860,2373725
13861,11420724
13862,146341538
13863,39360415
13864,69163356
13865,285560291
13901,60176717
13902,1844246
13903,102672343
13904,60062462
13905,70053790
14001,170712289
14004,124136599
14005,86565133
14006,67004488
14008,63330331
14009,191802519
14011,173021973
14012,83324970
14013,104885744
14020,178980742
14024,163629922
14025,57998390
14026,1961956
14028,35060597
14030,51454088
14031,48476151
14032,60097982
14033,44777964
14034,66510957
14035,591781
14036,140308874
14037,44825977
14039,4838845
14040,75700543
14041,5888837
14042,118221852
14043,22518273
14047,33939237
14048,60522086
14051,42341996
14052,160476808
14054,64381751
14055,83750645
14057,124825313
14058,103204024
14059,69778411
14060,45953877
14061,2481143
14062,187384434
14063,130619048
14065,96688309
14066,104623588
14067,128203715
14068,9017832
14069,22055249
14070,132416245
14072,73229730
14075,102265279
14080,136957901
14081,91086967
14082,25716712
14085,18013877
14086,87749315
14091,55065318
14092,51043605
14094,315801557
14098,119284865
14101,109893949
14102,9862822
14103,207068911
14105,121985714
14108,70163099
14109,1229177
14111,93432999
14112,103462
14113,44083108
14120,85199633
14125,90965858
14126,1484470
14127,106527945
14129,80019678
14130,2820682
14131,109427770
14132,72723601
14134,2198365
14135,2676215
14136,59988061
14138,121353019
14139,61792660
14141,182624413
14143,37452731
14145,72864430
14150,38700502
14167,97561261
14168,102648
14169,798189
14170,31924155
14171,132068954
14172,63789143
14173,1499228
14174,63268691
14201,2651906
14202,2168539
14203,6858308
14204,4656490
14206,12545889
14207,10107671
14208,3515057
14209,2364979
14210,8302021
14211,10488175
14212,4933400
14213,5852056
14214,7415576
14215,12766724
14216,7179437
14217,8321915
14218,21148074
14219,18212165
14220,9866569
14221,59584133
14222,3309252
14223,8889749
14224,52508807
14225,30671413
14226,17922002
14227,22403388
14228,40962165
14261,3009442
14301,4330711
14302,35992
14303,6362005
14304,57462775
14305,21263044
14411,293400832
14414,101792033
14415,3760958
14416,96427266
14418,96777058
14420,156746906
14422,88109076
14423,130732816
14424,329298463
14425,48376714
14427,78231655
14428,132442368
14432,100072293
14433,171381969
14435,94886821
14437,321419923
14441,908562
14445,4899885
14450,82410517
14454,131114256
14456,202041956
14462,31032587
14464,79040078
14466,44610413
14467,27902656
14468,137383665
14469,170823203
14470,166073916
14471,70268980
14472,113214067
14475,3951644
14476,64202243
14477,67798689
14478,30313081
14479,3833267
14480,3351535
14481,61560916
14482,151545400
14485,91547815
14486,14590427
14487,86521146
14489,175219840
14502,96617535
14504,2946615
14505,102573458
14506,7462158
14507,84757376
14510,181085406
14511,5985376
14512,266149731
14513,121481124
14514,9695636
14516,73362393
14517,88409296
14519,105646333
14521,97895220
14522,121240708
14525,118117563
14526,43294255
14527,350773766
14529,1010126
14530,127684420
14532,105265089
14533,83234837
14534,83745596
14536,47196468
14537,876091
14539,548226
14541,127482528
14542,4793791
14543,65183882
14544,73133012
14545,3716758
14546,88474919
14548,77897222
14549,291069
14550,51804346
14551,113156246
14555,8125260
14559,110123522
14560,100587016
14561,134351545
14564,109046305
14568,61489257
14569,197585030
14571,47540090
14572,193554543
14580,110322836
14585,128258
14586,28877997
14588,623658
14589,113475355
14590,174903095
14591,104664844
14592,431978
14604,944994
14605,4681342
14606,25199684
14607,4364441
14608,4530207
14609,18841494
14610,11220833
14611,7496777
14612,44102304
14613,4731964
14614,629222
14615,14959720
14616,15395535
14617,19905073
14618,25054558
14619,3770979
14620,11599318
14621,10679007
14622,11916188
14623,49430666
14624,72327152
14625,19772123
14626,35309446
14627,398500
14701,239073316
14706,204049604
14707,5151823
14708,27203867
14709,130971888
14710,125624312
14711,103547886
14712,67343866
14714,47072021
14715,112491120
14716,31960126
14717,70623901
14718,85372594
14719,244165374
14720,633141
14721,9615982
14722,861973
14723,111964443
14724,192817423
14726,105336039
14727,281687051
14728,69396461
14729,91492396
14731,118629124
14732,5794294
14733,71785073
14735,214620522
14736,13545897
14737,285522810
14738,170606103
14739,204985733
14740,67474572
14741,159318996
14742,584273
14743,112522290
14744,45143834
14747,112532237
14748,46367235
14750,28729961
14752,652168
14753,142396010
14754,42999286
14755,195274624
14756,354904
14757,119621979
14760,164278307
14767,137834348
14769,23631424
14770,76890574
14772,191251310
14774,461338
14775,139908179
14777,37177263
14778,1076096
14779,291703065
14781,188086947
14782,142348897
14783,64536257
14784,75221642
14787,108912548
14788,545002
14801,281442158
14802,2694191
14803,64552076
14804,144718742
14805,71653102
14806,178016427
14807,175202279
14808,8726858
14809,144359332
14810,312858318
14812,200834948
14813,157493740
14814,22293848
14815,44843729
14816,9973317
14817,104360215
14818,96604835
14819,106875749
14820,79614858
14821,140524606
14822,128107379
14823,200848651
14824,58725421
14825,43699610
14826,157557774
14827,233078
14830,232759319
14836,77612967
14837,206377980
14838,93328754
14839,114091420
14840,152437072
14841,50774717
14842,43333206
14843,260484649
14845,206737272
14846,88470968
14847,100938633
14850,326240883
14853,606312
14854,58950
14855,72538395
14856,976583
14858,93437653
14859,80710588
14860,54365619
14861,88602869
14864,32250892
14865,51644627
14867,173688123
14869,52205358
14870,158763586
14871,148068849
14872,16652459
14873,191366212
14874,5998821
14877,109561578
14878,41541290
14879,111660827
14880,142644852
14881,3182066
14882,86056336
14883,186728114
14884,49628133
14885,108798087
14886,201010535
14889,116419509
14891,135111944
14892,111092105
14893,58703
14894,29140720
14895,294256435
14897,66198931
14898,151153554
14901,96840994
14903,54048732
14904,14542806
14905,10790283
15001,155543335
15003,16910672
15004,811325
15005,40707693
15006,637390
15007,865367
15009,63533675
15010,129635113
15012,87118062
15014,1320141
15015,2423351
15017,33762489
15018,4877711
15019,58998214
15020,3418349
15021,237039932
15022,46773245
15024,43294439
15025,42933121
15026,86447326
15027,3728882
15028,516910
15030,4868500
15031,1205299
15033,5773143
15034,2502861
15035,1070663
15037,68441234
15038,1120458
15042,43178806
15043,84730154
15044,107116712
15045,4096381
15046,5432803
15047,495545
15049,1116541
15050,60634149
15051,2186320
15052,45179131
15053,227930
15054,338257
15055,1763263
15056,2383387
15057,141582375
15059,36479587
15060,850163
15061,46565286
15062,8704722
15063,73673499
15064,2132295
15065,32049115
15066,56023901
15067,5278500
15068,116794499
15071,47459812
15072,176020
15074,38778798
15075,61427
15076,1914494
15077,2918590
15078,1895633
15081,830805
15082,806253
15083,9489251
15084,71989127
15085,24660355
15086,4215967
15087,1872829
15088,523316
15089,49466460
15090,54708904
15101,52370492
15102,26892826
15104,6341410
15106,28913547
15108,102307517
15110,4708593
15112,2164051
15116,20902312
15120,12102964
15122,32660752
15126,57526377
15129,20996108
15131,18863272
15132,14624660
15133,7709522
15135,10876000
15136,28743343
15137,19988827
15139,4983895
15140,1309388
15142,3764073
15143,95334733
15144,7144465
15145,5111040
15146,51016375
15147,26224491
15148,2893133
15201,6423062
15202,11387232
15203,3823306
15204,4833634
15205,26684009
15206,12369746
15207,12418311
15208,4167125
15209,11671912
15210,12019077
15211,4002093
15212,16095787
15213,5515375
15214,12186249
15215,15935165
15216,8864940
15217,9860290
15218,6141875
15219,6006970
15220,12791853
15221,15921984
15222,2104495
15223,4965533
15224,2606401
15225,3965383
15226,6561893
15227,15994132
15228,8134174
15229,10473230
15232,2058651
15233,3226190
15234,8200177
15235,37968653
15236,28746810
15237,62734186
15238,42379080
15239,41419055
15241,26919914
15243,7787081
15260,209620
15290,103613
15301,315753216
15310,48032373
15311,60948551
15312,194179457
15313,1817018
15314,44816265
15315,3467355
15316,1022648
15317,118470745
15320,100527426
15321,2831538
15322,36783508
15323,179028997
15324,995296
15325,626186
15327,51415120
15329,104948859
15330,116595055
15331,1972362
15332,70494075
15333,35709942
15334,4900926
15337,82659830
15338,48275313
15340,40023009
15341,127447949
15342,8654194
15344,37099947
15345,50263471
15346,2353432
15347,1541581
15348,419356
15349,99997830
15350,137215
15351,2826476
15352,128815071
15353,153322
15357,20826759
15358,2189669
15359,367726
15360,66293910
15361,245813
15362,67042865
15363,597927
15364,96370935
15366,922037
15367,23764829
15368,493429
15370,383386113
15376,99455974
15377,106651309
15378,145168
15379,1036168
15380,100185138
15401,150861564
15410,27386066
15411,45317532
15412,5386337
15413,1924776
15417,56587302
15419,4489537
15420,1175102
15421,561967
15422,234243
15423,42503032
15424,187737163
15425,144241852
15427,27075301
15428,53149913
15429,803035
15430,919200
15431,126789680
15432,1652343
15433,37255870
15434,614719
15435,2835651
15436,18106229
15437,180764352
15438,29689485
15440,39287457
15442,38878081
15443,4398634
15444,1633571
15445,54393171
15446,3882527
15447,1013164
15448,2480185
15449,404220
15450,4230921
15451,26321882
15454,3361558
15455,1042216
15456,19798571
15458,40575116
15459,86452113
15460,1083958
15461,27320095
15462,3657349
15463,816358
15464,118530680
15466,1094841
15467,2591149
15468,26030151
15469,87873691
15470,81577178
15472,630504
15473,60389458
15474,18176218
15475,8370249
15476,98155
15477,483219
15478,162636863
15479,54961543
15480,46757736
15482,2981614
15483,707530
15484,1716370
15486,50566589
15489,2417232
15490,24872653
15492,1560971
15501,346940478
15502,15503202
15510,975768
15520,1754126
15521,92166438
15522,485184294
15530,226597180
15531,152778686
15532,1748647
15533,96472537
15534,125654233
15535,408610429
15536,88066058
15537,290191836
15538,192681384
15539,3567577
15540,93226359
15541,93121676
15542,84773579
15544,1506528
15545,128052149
15546,1998152
15547,2346924
15550,140499604
15551,93040943
15552,270376008
15554,92365549
15555,194409
15557,235748449
15558,94122678
15559,120614730
15560,344073
15561,1481442
15562,4203501
15563,147023789
15564,3119305
15601,223254899
15610,99894619
15611,1784184
15612,6494161
15613,154694762
15615,2548100
15616,138538
15617,1142540
15618,71770601
15620,2475992
15621,16634
15622,83768457
15623,4507343
15624,1609124
15625,1519026
15626,10218321
15627,73553696
15628,6660460
15629,332500
15631,2022625
15632,70198100
15633,1632075
15634,391411
15635,782027
15636,7678180
15637,12093580
15638,461836
15639,29846989
15640,1871233
15641,622692
15642,114638715
15644,57207863
15646,3699415
15647,735288
15650,193335715
15655,33374770
15656,97475561
15658,254324914
15660,1351937
15661,958761
15662,424967
15663,2543199
15665,2237020
15666,142396658
15668,61020984
15670,99019768
15671,8269721
15672,30070225
15673,1398120
15675,2397731
15676,2406636
15677,50883979
15678,1485166
15679,60879827
15680,30739
15681,135430727
15683,40443142
15684,13008191
15686,26309723
15687,74722716
15688,4075604
15689,261666
15690,63205172
15691,86131
15692,1178846
15693,179062
15695,1395909
15696,339419
15697,4652844
15698,3914187
15701,298620631
15710,4313725
15711,3234779
15712,4198003
15713,3405399
15714,71045264
15715,1750895
15716,2100450
15717,247654637
15721,4987457
15722,52882686
15723,2718491
15724,122375060
15725,77881607
15727,3548956
15728,110822693
15729,49266620
15730,2152508
15731,621504
15732,76332522
15733,1029790
15734,3710169
15736,8533249
15737,457987
15738,6789689
15739,1646097
15741,4543300
15742,60815804
15744,11502185
15745,3682946
15746,3964649
15747,79163368
15748,192206301
15750,1255526
15752,117142
15753,101349799
15754,1118169
15756,2280579
15757,205461304
15759,148326468
15760,4044235
15761,2681145
15762,34615573
15764,4399310
15765,97165631
15767,428117613
15770,10699471
15771,86597246
15772,82609780
15773,9852871
15774,138967502
15775,9012280
15776,5632759
15777,2906493
15778,2239180
15779,20486331
15780,3320504
15781,2714811
15783,5379304
15784,514037
15801,167419865
15821,92002220
15823,95419054
15824,189127455
15825,415337419
15827,7455502
15828,60822444
15829,91615857
15832,280879669
15834,528862194
15840,49715368
15841,10833411
15845,80393041
15846,240159751
15847,7032511
15848,52311992
15849,202898126
15851,242433420
15853,390220934
15856,94124902
15857,259388047
15860,321803609
15861,174563286
15863,1739827
15864,94951945
15865,8699004
15866,3211867
15868,245161058
15870,329228339
15901,3846234
15902,23510040
15904,79368653
15905,92826709
15906,90215524
15909,44728788
15920,20181192
15921,851113
15922,1784407
15923,67451450
15924,68916918
15925,207679
15926,72741291
15927,12326710
15928,16182924
15929,1506144
15930,744217
15931,200855970
15934,882868
15935,62442667
15936,63681695
15937,2497779
15938,51282895
15940,68879244
15942,47992457
15943,49817750
15944,170687212
15945,1589064
15946,130793570
15948,1910928
15949,6691009
15951,2802047
15952,8572837
15953,2145375
15954,47015708
15955,65243761
15956,20895313
15957,24550766
15958,49412803
15960,12241511
15961,43317307
15962,532445
15963,253170631
16001,190185177
16002,186987881
16020,66027859
16022,2082205
16023,67898712
16024,611589
16025,137814417
16027,1373144
16028,41291287
16029,2241392
16030,2806304
16033,79995843
16034,51339685
16035,1450105
16036,5784595
16037,90260011
16038,123890126
16040,50810947
16041,71989704
16045,1489048
16046,58875449
16048,2861887
16049,239091724
16050,63684709
16051,100689966
16052,52114292
16053,55570844
16054,4893126
16055,100759951
16056,54820937
16057,226060230
16059,66421031
16061,113835530
16063,46046035
16066,58011453
16101,184818694
16102,62268455
16105,71092036
16110,19541911
16111,72616512
16112,17409611
16113,1891857
16114,26286487
16115,104148253
16116,68373277
16117,95304914
16120,85727984
16121,5851737
16123,52419546
16124,72571007
16125,283330349
16127,186044368
16130,80138228
16131,54220005
16132,4585338
16133,71833937
16134,121303755
16136,1909516
16137,279666646
16140,446341
16141,53151629
16142,108631847
16143,67676658
16145,125388541
16146,9902401
16148,83051714
16150,59509261
16151,301767
16153,111996227
16154,67469468
16155,1754357
16156,129026854
16157,64862579
16159,70538020
16160,3233055
16161,2287656
16201,297059953
16210,51166301
16211,2621589
16212,2478951
16213,372417
16214,127457746
16217,14606247
16218,73462225
16222,170416074
16223,2802936
16224,51937278
16226,149897983
16228,196837
16229,64620372
16230,2653945
16232,147728394
16233,104757816
16235,72969813
16236,170195
16238,238735
16239,510531063
16240,139076695
16242,234385688
16244,3123172
16245,1536447
16246,876661
16248,134934608
16249,71904473
16250,7137732
16253,547158
16254,132017205
16255,105951762
16256,103207149
16258,88365079
16259,120049139
16260,24087176
16262,90829419
16263,4066288
16301,276087637
16311,38021464
16312,72297
16313,254739408
16314,235978803
16316,122912052
16317,77363531
16319,88774532
16321,3298563
16322,15812229
16323,260759354
16326,17696871
16327,171419767
16328,146501
16329,21283429
16331,3410082
16332,7763614
16333,16899882
16334,14122951
16335,290582239
16340,249427207
16341,175020723
16342,159923371
16343,12312621
16344,2313734
16345,231285439
16346,42560113
16347,266396220
16350,119339672
16351,257430648
16352,33168303
16353,376399745
16354,320836397
16360,74492583
16361,5645685
16362,68177165
16364,86528191
16365,377524591
16370,32585940
16371,79335537
16372,3073212
16373,207272956
16374,184543795
16401,147695614
16402,57309138
16403,239739977
16404,233556769
16405,62817001
16406,198118669
16407,278104307
16410,58323588
16411,45906281
16412,207430636
16415,61113443
16416,10128459
16417,120118185
16420,125985317
16421,27444038
16422,3565317
16423,24451924
16424,176841982
16426,70133440
16427,671499
16428,190137144
16433,145505824
16434,162253360
16435,144486624
16436,120415170
16438,267390285
16440,28415581
16441,291772599
16442,130165979
16443,29322951
16444,679443
16501,1717040
16502,6695270
16503,6323091
16504,7219565
16505,30577886
16506,36458456
16507,5565979
16508,7322661
16509,98785172
16510,84696221
16511,19581720
16546,143800
16563,1158597
16601,224052943
16602,38336113
16611,110714990
16613,66389918
16616,5918788
16617,4205274
16619,34502513
16620,2215237
16621,33699833
16622,19289627
16623,33496885
16624,3039411
16625,83009298
16627,84290319
16630,28373927
16631,1558081
16633,875263
16634,8958466
16635,147156168
16636,72708671
16637,48557954
16638,1781433
16639,93562162
16640,34256423
16641,43570644
16645,4569469
16646,49541398
16647,57005464
16648,149121070
16650,116246376
16651,109915457
16652,457657238
16655,90399780
16656,74255052
16657,134678403
16659,4715149
16661,52405221
16662,153015801
16664,105828195
16665,1046103
16666,67404665
16667,43914103
16668,140276408
16669,274629144
16670,412435
16671,6322530
16672,11250378
16673,80427837
16674,58454302
16677,5971497
16678,117587280
16679,54486579
16680,17494148
16682,555564
16683,39332103
16685,23614044
16686,349974396
16689,53070469
16691,74803846
16692,43621700
16693,194015729
16694,5733776
16695,40837385
16699,164936
16701,559061171
16720,758485608
16724,5831735
16725,1133071
16726,65931369
16727,11234839
16728,14440369
16729,35888385
16730,1515058
16731,152877765
16732,16817152
16733,29972565
16734,2147824
16735,709263272
16738,169783777
16740,110134073
16743,278414190
16744,17821894
16745,28903689
16746,107796266
16748,267535265
16749,424383456
16750,50516170
16801,80985800
16802,2159897
16803,62789821
16820,73462774
16821,2777799
16822,254659391
16823,332357256
16825,1391038
16826,8484987
16827,45375272
16828,145743336
16829,83411345
16830,331581799
16832,44532874
16833,185002958
16834,47202881
16835,432097
16836,316048047
16837,2191681
16838,105880245
16839,2769405
16840,1964007
16841,337925831
16843,1034053
16844,162272331
16845,314452188
16847,3340051
16848,989734
16849,10659108
16851,10682706
16852,8708288
16853,689800
16854,6186564
16855,6925266
16858,139080736
16859,59077273
16860,14765967
16861,31401624
16863,65834626
16865,91259411
16866,414526647
16868,1554746
16870,176338077
16871,64531740
16872,150075470
16874,89468864
16875,201631739
16876,2825602
16877,81457294
16878,52855310
16879,5514222
16881,81266770
16882,68347464
16901,602294632
16911,22477009
16912,65449403
16914,195871943
16915,630582188
16917,115168694
16920,24651813
16921,159633734
16922,396722119
16923,202717216
16925,199916240
16926,62750236
16927,48863287
16928,89317872
16929,119736783
16930,172730334
16932,55182751
16933,252406360
16935,129575813
16936,124999517
16937,19007411
16938,273875705
16939,6984414
16940,6040332
16941,6303009
16942,61426927
16943,97661922
16946,159430198
16947,298543352
16948,239415972
16950,296970243
17002,35400289
17003,123267762
17004,126481190
17005,1473769
17006,199107386
17007,53836181
17009,3849219
17010,89251
17011,33707579
17013,111112094
17015,294445190
17016,1876768
17017,56386398
17018,103162587
17019,162974089
17020,148973048
17021,135081989
17022,142488778
17023,58291602
17024,81775014
17025,39092923
17026,58157224
17027,970333
17028,62881113
17029,3536351
17030,10534591
17032,286126508
17033,66473529
17034,1932115
17035,91498510
17036,70624785
17037,63930161
17038,186609698
17039,1554717
17040,129493753
17041,1457661
17042,171292489
17043,5234803
17044,254122458
17045,101571281
17046,99090603
17047,119286050
17048,89818491
17049,103667212
17050,83120908
17051,228111584
17052,104192485
17053,74492731
17055,107917321
17056,218726
17057,83662399
17058,102193848
17059,212822723
17060,65157024
17061,88497807
17062,210585211
17063,242610070
17064,3085327
17065,22355155
17066,82872213
17067,127102218
17068,86973960
17069,126935
17070,34717901
17071,21551199
17072,172923
17073,67348974
17074,164774263
17075,387327
17076,394264
17077,9293
17078,78257380
17080,1241599
17081,1582512
17082,150701796
17083,92567
17084,82841868
17086,98909124
17087,31765251
17088,4732968
17090,87641639
17093,971094
17094,77624227
17097,7807974
17098,25205628
17099,3972811
17101,1227925
17102,2032007
17103,5327419
17104,6955059
17109,19480473
17110,33065475
17111,47696094
17112,178698594
17113,11041047
17120,246180
17201,49061149
17202,308240900
17210,31810644
17211,64820536
17212,91270953
17213,103130926
17214,10462441
17215,30883854
17217,9995036
17219,34142113
17220,33926115
17221,26709113
17222,152398226
17223,28202455
17224,94897210
17225,210941184
17228,74271677
17229,70368706
17233,206560927
17235,1540550
17236,320863719
17237,7539658
17238,141524812
17239,23203554
17240,124234777
17241,290681160
17243,154668959
17244,67078646
17246,4213929
17247,376662
17249,809375
17250,22722
17251,5767654
17252,72052760
17253,686397
17254,919444
17255,77749225
17256,274838
17257,304185503
17260,92700768
17261,6221741
17262,68540854
17263,911988
17264,141010694
17265,98206152
17266,3485162
17267,248148697
17268,204849968
17270,253687
17271,27585844
17272,476185
17301,33993917
17302,99554161
17304,62824339
17306,891053
17307,154353357
17309,64166361
17311,142108
17313,27435796
17314,91971939
17315,161831235
17316,108070235
17317,588193
17318,1499462
17319,44907620
17320,143742686
17321,42238655
17322,98892389
17324,135060192
17325,332817919
17327,118949713
17329,42371346
17331,196488738
17339,72547865
17340,100226915
17343,1981368
17344,2069373
17345,26159148
17347,36321817
17349,53751550
17350,112315116
17352,35706018
17353,105735711
17355,1581216
17356,84217963
17360,69536955
17361,8079770
17362,124903436
17363,97450405
17364,43267419
17365,51367690
17366,29174252
17368,47479759
17370,29156970
17371,518000
17372,84725160
17401,3717946
17402,49846747
17403,52861893
17404,54849003
17406,128276814
17407,3712321
17408,66997929
17501,3604453
17502,25630833
17505,17870718
17507,55125
17508,382288
17509,66791553
17512,42167279
17516,53818306
17517,90601989
17518,36641473
17519,57487676
17520,4830462
17522,113173066
17527,52906090
17529,40651096
17532,54907012
17535,28070672
17536,56076023
17538,9940998
17540,50692835
17543,179559015
17545,183712763
17547,31083538
17550,454654
17551,26135330
17552,84013280
17554,8111635
17555,90540507
17557,84063562
17560,41576634
17562,44230153
17563,81780652
17565,35666486
17566,151145812
17569,42342211
17570,178897
17572,45068703
17576,132300
17578,39672993
17579,36055095
17581,867075
17582,22996844
17584,37545492
17601,86286925
17602,66412466
17603,77190899
17606,121495
17701,231663479
17702,160329274
17721,1913696
17723,34291053
17724,290308695
17727,276830137
17728,122977807
17729,282853451
17730,437727
17731,35880056
17737,186630876
17739,32489783
17740,353024503
17742,196904
17744,61989515
17745,559196925
17747,249898809
17748,1353387
17749,277671
17750,3935432
17751,326916822
17752,91712843
17754,155807101
17756,291199831
17758,211982370
17760,214802176
17762,1503592
17763,64298110
17764,414515225
17765,214206036
17767,66744
17768,76095230
17771,558903151
17772,58273516
17774,123469337
17776,226795932
17777,97518643
17778,226113729
17779,3766228
17801,170541682
17810,146964621
17812,57979281
17813,88791691
17814,357291779
17815,351596632
17820,234366346
17821,345897838
17822,191018
17823,88909231
17824,68499254
17827,4969545
17829,2110442
17830,79031278
17832,1011517
17834,13466886
17835,1315283
17836,10603503
17837,161385347
17840,6453580
17841,205092586
17842,214696817
17844,290262242
17845,169609268
17846,120289214
17847,121559584
17850,842958
17851,39192653
17853,109540952
17855,5056386
17856,91915333
17857,69319782
17859,99862499
17860,68479918
17861,373433
17862,1065110
17864,51873806
17865,402744
17866,64519279
17867,9197320
17868,1737297
17870,116899698
17872,105461147
17876,4799222
17878,54794387
17880,321697
17881,12216608
17884,1278765
17885,28040623
17886,2522776
17887,2920319
17888,7384799
17889,58781775
17901,202071162
17920,11510673
17921,97768063
17922,78713035
17923,22461756
17925,2531379
17929,2608390
17930,7920120
17931,27075303
17933,232845
17934,2451019
17935,11295488
17936,1535780
17938,102594792
17941,63788186
17943,1509078
17944,370200
17945,2712790
17946,4950553
17948,66345725
17949,260754
17951,479258
17952,9010613
17953,35407274
17954,1802823
17957,407068
17959,23359693
17960,133732339
17961,68943764
17963,235046237
17964,59290854
17965,1846721
17967,75397513
17968,10125926
17970,3550480
17972,106069172
17974,176176
17976,19867261
17978,7189161
17979,2731190
17980,103105477
17981,70921782
17982,12637011
17983,6498239
17985,67923714
18011,42740317
18013,156100191
18014,86390016
18015,54996709
18016,122712
18017,41854643
18018,13371193
18020,35812728
18030,1162120
18031,35371982
18032,5204775
18034,29363601
18035,909612
18036,75887572
18037,18897676
18038,33851425
18040,43864957
18041,35968617
18042,54880107
18045,47793954
18046,47261
18049,38848296
18051,21664365
18052,32831997
18053,42506837
18054,42472333
18055,55516143
18056,4343957
18058,133772829
18059,4173523
18062,55188134
18063,2599260
18064,99492665
18066,118250852
18067,64628337
18068,10470
18069,35798597
18070,6173954
18071,78968995
18072,39048761
18073,49545235
18074,48978212
18076,3109071
18077,37739529
18078,40813272
18079,610353
18080,79666046
18081,1363404
18083,1587500
18085,1308918
18086,1230548
18087,2839347
18088,50308725
18091,39960633
18092,38749852
18101,905170
18102,7760788
18103,45614643
18104,59927540
18105,19947
18106,21361330
18109,21225135
18195,29340
18201,55751395
18202,83981324
18210,81012403
18211,55290779
18212,4422338
18214,61963685
18216,13409408
18218,5634254
18219,2207779
18220,2408569
18221,5128494
18222,97203262
18223,3230030
18224,41104917
18225,111343
18229,160740384
18230,7053084
18231,2649399
18232,3979138
18234,670489
18235,205038916
18237,16802083
18239,697582
18240,76333874
18241,5825536
18242,3263173
18244,2488340
18245,9328952
18246,5519075
18248,37393879
18249,82964844
18250,22510425
18251,275049
18252,153109736
18254,4572632
18255,189183707
18256,2861852
18301,102226006
18302,160379065
18321,7063501
18322,17881378
18323,4817232
18324,118205785
18325,111439940
18326,86387927
18327,4860061
18328,215586837
18330,42507577
18331,8878272
18332,36031575
18333,5563498
18334,56486504
18335,2325056
18336,36205841
18337,204434022
18340,8019866
18342,2845566
18343,57569377
18344,18178765
18346,28586051
18347,70111016
18349,3633644
18350,57439611
18351,953641
18352,9731302
18353,122145399
18354,8761893
18355,18467462
18356,1686727
18357,10313398
18360,205619805
18370,13502735
18371,9146275
18372,22938878
18403,61653662
18405,95582523
18407,108473313
18411,140879905
18413,2318968
18414,108091443
18415,85357017
18417,151679374
18419,100015634
18420,726672
18421,91234287
18424,213018198
18425,58180206
18426,153153877
18427,1764320
18428,430063513
18430,4607169
18431,347741843
18433,71773389
18434,17208286
18435,25598628
18436,235312295
18437,30667031
18438,19043623
18439,79046554
18441,7562949
18443,35555121
18444,303933333
18445,94379920
18446,131493590
18447,53123048
18451,12726459
18452,5094101
18453,130926434
18454,7008453
18455,11533582
18456,12290437
18457,1245085
18458,141042194
18459,172879
18460,8569039
18461,55669685
18462,69474033
18463,7398794
18464,31160822
18465,121868470
18466,93132688
18469,23998203
18470,159327991
18471,7156867
18472,165941751
18473,3226107
18503,1202331
18504,22323860
18505,22039205
18507,25210623
18508,17618046
18509,7434241
18510,5556156
18512,28986419
18517,10859593
18518,10499599
18519,6235668
18602,4949090
18603,133670484
18610,78213198
18612,139526836
18614,357037397
18615,47468091
18616,143221742
18617,15056333
18618,45735493
18619,89448643
18621,115080152
18622,9525544
18623,146043539
18624,41612621
18625,1975630
18626,66243071
18628,52997538
18629,241766022
18630,170601380
18631,4445857
18632,13478970
18634,37427876
18635,99524687
18636,115588270
18640,72470873
18641,11326920
18642,13954861
18643,49187014
18644,42472562
18651,31305042
18653,640118
18655,186801926
18656,134671943
18657,319571684
18660,111519038
18661,346015963
18701,1383968
18702,182452563
18704,26024507
18705,14109008
18706,68212387
18707,129678129
18708,42747532
18709,2067687
18801,420663058
18810,119061984
18812,81729384
18814,1511365
18816,3014381
18817,4768296
18818,118478546
18821,9023356
18822,107486419
18823,6905558
18824,77363645
18825,8575611
18826,118229322
18828,25967603
18829,66842391
18830,62506695
18831,75564007
18832,154354364
18833,275443129
18834,171936161
18837,233470498
18840,116611416
18842,10668083
18843,2270553
18844,88563702
18845,25062742
18846,69807702
18847,365527242
18848,274442068
18850,155901686
18851,72586514
18853,265132071
18854,68708185
18901,52319441
18902,72044950
18912,1028451
18913,3808364
18914,45963834
18915,2725997
18917,1509626
18920,7068258
18923,4502482
18925,27816691
18929,21042412
18930,57790653
18932,3256513
18935,186331
18936,1898345
18938,106006438
18940,84640800
18942,58182437
18944,119555011
18947,61924767
18950,3009562
18951,172558655
18954,17473428
18955,6821573
18960,49884055
18962,628022
18964,24229205
18966,42024478
18969,43792751
18970,1050098
18972,60965026
18974,49403226
18976,28037493
18977,13540812
18980,6153922
19001,8961623
19002,53809047
19003,5029480
19004,7080413
19006,33252610
19007,17520455
19008,16976132
19009,3369268
19010,21826543
19012,4549478
19013,14811381
19014,23290874
19015,8496571
19017,2311677
19018,6998859
19020,44706408
19021,8860221
19022,3408146
19023,5172716
19025,7763434
19026,9384886
19027,10237798
19029,5836437
19030,11755501
19031,7440791
19032,2631243
19033,2855332
19034,16171258
19035,12328931
19036,3959484
19038,20470869
19040,15342771
19041,8553219
19043,1019909
19044,21009449
19046,17157327
19047,45324794
19050,9554536
19053,27126554
19054,10716792
19055,7374406
19056,9516833
19057,11418398
19060,20300076
19061,18157357
19063,59771589
19064,20620032
19066,3534597
19067,73833253
19070,2807442
19072,8312793
19073,53611663
19074,2014560
19075,5852587
19076,1937268
19078,5236571
19079,4783114
19081,5786066
19082,6694973
19083,14391693
19085,15655452
19086,9985047
19087,41332467
19090,13917828
19094,2077578
19095,5471105
19096,9074987
19102,489137
19103,1655032
19104,7807980
19106,2080502
19107,1422738
19109,8800
19111,12515813
19112,4520884
19113,9053039
19114,14540104
19115,14531229
19116,12962448
19118,8276057
19119,8388505
19120,8817384
19121,5914144
19122,3287167
19123,3282946
19124,12627433
19125,3564061
19126,2960293
19127,1423538
19128,18274571
19129,5693537
19130,3352046
19131,13664429
19132,5605822
19133,3368219
19134,9088033
19135,6016728
19136,12046193
19137,6262764
19138,4462099
19139,4583623
19140,7917787
19141,4696598
19142,4367625
19143,8239371
19144,8892786
19145,12622163
19146,4375443
19147,3646197
19148,10936321
19149,6289458
19150,3904765
19151,6197750
19152,7309247
19153,18681455
19154,16547652
19301,8705451
19310,33732036
19311,32612723
19312,24549271
19316,2306880
19317,54663903
19319,1638402
19320,218960019
19330,87275400
19333,8940883
19335,110063800
19341,33375972
19342,50537672
19343,70213651
19344,84540812
19345,530613
19348,95890817
19350,72167723
19352,49710892
19355,99345728
19358,812328
19362,78199067
19363,128888042
19365,46238778
19367,437705
19372,1512857
19373,10726467
19374,4455349
19375,1068266
19380,81759486
19382,119884554
19383,155200
19390,67625894
19401,15619046
19403,61469737
19405,1875271
19406,35813709
19422,32875301
19425,69833231
19426,87876361
19428,19722286
19435,2010172
19436,909287
19437,2822738
19438,57775483
19440,29185162
19442,51079
19444,12539547
19446,58404069
19453,1706093
19454,33798761
19456,1063391
19457,509931
19460,91561953
19462,21918399
19464,65712549
19465,92749646
19468,42446245
19472,436572
19473,63534133
19474,503584
19475,42824946
19477,132205
19492,3046899
19501,2612831
19503,3865131
19504,58320456
19505,22914989
19506,175900415
19507,97613594
19508,98508661
19510,14479057
19511,812715
19512,112127497
19518,93596510
19519,313142
19520,96701720
19522,116442261
19523,3668765
19525,43688541
19526,149594767
19529,150377323
19530,144601968
19533,46320834
19534,52072778
19535,119196
19536,1000948
19538,1247529
19539,57314824
19540,88093668
19541,57978741
19542,119970
19543,57337417
19544,406478
19545,1152207
19547,73966427
19549,3607608
19550,4168732
19551,64502004
19554,1159381
19555,35329184
19559,731147
19560,21060758
19562,2631626
19564,534289
19565,49448985
19567,58446402
19601,9649419
19602,6405652
19604,5664295
19605,43390341
19606,71262349
19607,29017960
19608,66489904
19609,6424580
19610,18200627
19611,5242097
19701,68910930
19702,73346109
19703,10163633
19706,9458389
19707,34190373
19709,206247480
19710,289077
19711,70913199
19713,35450906
19716,136115
19717,481215
19720,96187687
19730,3536470
19731,2482520
19732,1637591
19733,106229
19734,202559955
19735,501399
19736,343559
19801,10703244
19802,8213238
19803,32633381
19804,19428945
19805,13768515
19806,4978337
19807,50823119
19808,36216787
19809,18117668
19810,20450526
19901,206195852
19902,944739
19904,113979329
19930,14621176
19931,2361227
19933,163966035
19934,113509887
19936,588088
19938,126220026
19939,67422397
19940,107163104
19941,87049235
19943,170678980
19944,3284989
19945,162023629
19946,57139567
19947,309963744
19950,193447740
19951,26198381
19952,228078664
19953,75892264
19954,22367284
19955,149767
19956,261817440
19958,127107403
19960,76518963
19962,37438197
19963,276290118
19964,24601684
19966,224297599
19967,3763919
19968,162418078
19970,25044965
19971,42875747
19973,203723295
19975,70490413
19977,215853989
19979,5254198
20001,5655494
20002,13590081
20003,5809883
20004,901029
20005,1103657
20006,879500
20007,7774882
20008,7873868
20009,3404343
20010,2803481
20011,12619244
20012,5863164
20015,8931428
20016,11494064
20017,5735654
20018,7826787
20019,16215119
20020,11955643
20024,6751410
20032,13589716
20036,862220
20037,1663885
20045,27766
20052,7062
20053,85365
20057,440236
20064,502639
20105,96122863
20106,155983339
20109,52720828
20110,32707665
20111,42052721
20112,101274018
20115,246465965
20117,116011547
20118,26677
20119,166025417
20120,44515241
20121,22430506
20124,55071302
20129,8317295
20130,21462056
20132,214739469
20135,115362714
20136,37943863
20137,44555823
20139,8476252
20141,70525713
20143,19917929
20144,104142680
20147,51503906
20148,42142705
20151,40117428
20152,64528796
20155,74759459
20158,37682343
20164,19197275
20165,25430266
20166,45214674
20169,83324008
20170,22714116
20171,31359523
20175,161757650
20176,147578673
20180,110689823
20181,152544506
20184,102668372
20186,166868229
20187,125789221
20190,11671601
20191,21314403
20194,8163764
20197,34789183
20198,188692834
20202,18721
20204,14638
20228,83613
20230,55495
20240,31673
20245,64474
20260,46126
20307,342547
20317,1184849
20319,355839
20373,940562
20390,10935
20405,33011
20418,29418
20427,16368
20506,47757
20510,30810
20520,83729
20535,12919
20540,86892
20551,23513
20553,25135
20560,53607
20565,173126
20566,105615
20593,77132
20601,115648273
20602,35920856
20603,44240770
20606,7550893
20607,54389825
20608,45581669
20609,25818720
20611,18249124
20612,604744
20613,195748354
20615,1883246
20616,25426124
20617,16956218
20618,14494738
20619,40593798
20620,10025868
20621,36129699
20622,96809010
20623,4987632
20624,32598617
20625,1279761
20626,2939422
20628,17225060
20629,1116989
20630,14770224
20632,19045189
20634,17810317
20636,95330678
20637,80158044
20639,108467932
20640,108001805
20645,5703030
20646,213809023
20650,156931728
20653,84624121
20657,77904952
20658,7793888
20659,243568835
20660,2357403
20662,147925775
20664,106486150
20667,5226224
20670,24388298
20674,5459198
20675,15637576
20676,42868568
20677,39691930
20678,110768902
20680,16004427
20684,23652001
20685,57663616
20686,2802370
20687,16030293
20688,3708279
20689,20157984
20690,4673123
20692,22541793
20693,52285011
20695,32746941
20701,3429309
20705,41126880
20706,26786606
20707,28854744
20708,36138186
20710,2860271
20711,88133838
20712,1888913
20714,6040588
20715,37640005
20716,29901997
20720,28928221
20721,43263285
20722,3813428
20723,34019470
20724,20760009
20732,26369596
20733,8473356
20735,67190398
20736,66162267
20737,10717478
20740,20609584
20742,1916204
20743,25187513
20744,68201384
20745,16745318
20746,20392000
20747,19800092
20748,23526709
20751,13209419
20754,43669603
20755,21574984
20758,10435791
20759,16425668
20762,15260553
20763,3662425
20764,10296595
20765,1209149
20769,19902920
20770,21272694
20772,185237456
20774,89942037
20776,58321997
20777,19574579
20778,20391117
20779,16812287
20781,6300337
20782,10999932
20783,14565055
20784,11031000
20785,25601956
20794,26447823
20812,493982
20814,13210923
20815,14059342
20816,9049812
20817,35971296
20818,2676841
20832,26104031
20833,50719316
20837,110285313
20838,6996655
20839,12689689
20841,67345096
20842,138664711
20850,36529387
20851,6150325
20852,21550223
20853,23424989
20854,87466426
20855,33996621
20860,9828099
20861,9946062
20862,3041532
20866,18312838
20868,5193590
20871,53213580
20872,53906140
20874,55159127
20876,30260172
20877,14964968
20878,56749018
20879,19864974
20880,611544
20882,99935383
20886,12124333
20895,10541231
20896,641490
20899,204571
20901,13943425
20902,19627408
20903,9329408
20904,35468814
20905,33282015
20906,31278090
20910,11772250
20912,6920215
21001,77392707
21005,20639448
21009,29374562
21010,13302290
21012,25263631
21013,39107809
21014,36480776
21015,80110870
21017,7119146
21028,35212914
21029,41295264
21030,61585476
21031,2514177
21032,45640006
21034,65103620
21035,73448650
21036,16307429
21037,44706652
21040,20634294
21042,97087436
21043,44002838
21044,31075419
21045,25138583
21046,20186671
21047,60965506
21048,70071927
21050,73585540
21051,1029627
21052,193870
21053,58133712
21054,46163768
21056,3564225
21057,43521334
21060,32422226
21061,31451319
21071,2567952
21074,97051964
21075,37581514
21076,32646996
21077,1703502
21078,78151499
21082,11525655
21084,63518782
21085,46422567
21087,36277909
21090,17066038
21093,52356066
21102,104801907
21104,43989001
21105,304125
21108,33843602
21111,90843034
21113,37340016
21114,14410544
21117,84163113
21120,109676716
21122,81001164
21128,17312525
21130,1960024
21131,57562412
21132,54916959
21133,26348137
21136,145105470
21140,3501091
21144,41506039
21146,26501166
21152,59240732
21153,5085061
21154,104530745
21155,56679510
21156,3740466
21157,198581715
21158,192742884
21160,42831955
21161,125375169
21162,19330622
21163,32600768
21201,3348738
21202,4102849
21204,15610706
21205,5309072
21206,18572139
21207,26705601
21208,31911119
21209,18343962
21210,8590404
21211,7217869
21212,12021176
21213,8838052
21214,7392437
21215,17646091
21216,8635709
21217,5996498
21218,10835058
21219,21293888
21220,55848746
21221,38248113
21222,28394457
21223,6816136
21224,24534475
21225,16768587
21226,25718325
21227,29876648
21228,40152192
21229,15228848
21230,16333790
21231,2256240
21234,33625373
21236,22189007
21237,29801574
21239,8377482
21240,12553812
21244,34753331
21250,634719
21251,456625
21252,375155
21286,22094867
21401,51159800
21402,4917634
21403,23542097
21405,2649937
21409,36287449
21502,232063851
21520,158537375
21521,60069553
21522,6685947
21523,1828880
21524,8959347
21529,9382436
21530,146143820
21531,160044839
21532,201622624
21536,257826647
21538,46290944
21539,89898132
21540,698918
21541,68135260
21542,1776247
21543,3524896
21545,37246173
21550,526613456
21555,274433104
21557,69763864
21561,240093347
21562,75060251
21601,283393749
21607,47398382
21610,4580874
21612,14905347
21613,402573090
21617,283210779
21619,24008140
21620,302546272
21622,140637912
21623,97180927
21624,2862470
21625,108031081
21626,75270418
21627,3633349
21628,2739685
21629,214653593
21631,67543884
21632,191927904
21634,12191913
21635,79647647
21636,57207177
21638,25319013
21639,85024525
21640,71616974
21641,226770
21643,123413775
21644,11140665
21645,98640926
21647,8550555
21648,45631388
21649,44113007
21650,28676905
21651,100849435
21652,1552330
21653,450130
21654,28403406
21655,137278644
21657,64469264
21658,101982490
21659,124231538
21660,85688938
21661,83956888
21662,20686121
21663,31660421
21664,1121667
21665,10578752
21666,56671583
21667,15242713
21668,128604929
21669,32129917
21671,5472621
21672,24966395
21673,133839006
21675,8431831
21676,16266578
21677,24179840
21678,97310311
21679,23175640
21701,101006559
21702,104622746
21703,86139675
21704,67892649
21705,61289
21710,66187991
21711,61795567
21713,109328870
21714,74982
21716,8358426
21717,944626
21718,1175758
21719,8686445
21722,153716569
21723,7900646
21727,82865976
21733,15655041
21734,585227
21737,13174169
21738,18834943
21740,180877601
21742,130706611
21746,932544
21750,156355397
21754,61462585
21755,89208787
21756,54168241
21757,97515617
21758,84020635
21762,952883
21766,97904581
21767,736287
21769,105655743
21770,28592261
21771,220324656
21773,100323566
21774,37291055
21776,91193856
21777,5656699
21778,45405085
21779,23210301
21780,58241150
21781,656098
21782,77594072
21783,116294508
21784,149006889
21787,148900407
21788,172906801
21790,10146389
21791,127676205
21793,52854014
21794,22617237
21795,78237890
21797,112103772
21798,42848075
21801,109583965
21802,136025
21804,192431741
21810,25003384
21811,260742508
21813,64254723
21814,9597262
21817,37920594
21821,28292224
21822,73167874
21824,5695397
21826,11531244
21829,47170991
21830,81111193
21835,20827544
21837,115031316
21838,138437043
21840,13555315
21841,79837184
21842,23336370
21849,90014409
21850,80611621
21851,273844492
21853,308201898
21856,90719302
21861,6786178
21862,3342321
21863,300061718
21864,55087701
21865,41813588
21866,318386
21867,709891
21869,245571392
21871,175568004
21872,46808311
21874,69259763
21875,60787872
21890,342406
21901,127397163
21902,2083345
21903,31404672
21904,61606265
21911,96338577
21912,81638300
21913,1200104
21914,1925454
21915,65596694
21916,235333
21917,20264919
21918,45741414
21919,112757779
21920,1290328
21921,244960110
21930,1907030
22003,32234252
22015,21714896
22025,17647664
22026,20884930
22027,1678342
22030,48889158
22031,17680971
22032,19180226
22033,19589590
22035,448650
22039,60967268
22041,7226973
22042,17113538
22043,12331474
22044,5662884
22046,7306594
22060,34106692
22066,69879843
22079,75765615
22101,35325002
22102,27141614
22124,26253248
22125,363858
22134,61285240
22150,19461979
22151,13225051
22152,15412363
22153,23000322
22172,32697102
22180,15037015
22181,14745206
22182,30482021
22185,166960
22191,40949464
22192,47978901
22193,45789824
22201,6050893
22202,10018758
22203,3957885
22204,10671654
22205,7031362
22206,5319042
22207,16687170
22209,1554205
22211,4529920
22213,1502627
22214,104301
22301,3654675
22302,5795602
22303,3758577
22304,12005028
22305,3493117
22306,18755240
22307,7493834
22308,11638230
22309,19498636
22310,18571641
22311,3985033
22312,13899301
22314,9855526
22315,14161423
22401,27070206
22405,136742457
22406,188128399
22407,146884010
22408,118893328
22427,394884586
22432,10708390
22433,10856271
22435,66307430
22436,73902957
22437,107392540
22438,107468285
22443,157903292
22448,10893052
22454,105292596
22460,149315702
22469,80671444
22473,291456369
22476,45373259
22480,6619437
22482,78908264
22485,454801114
22488,70279047
22503,227903241
22504,23504105
22508,143395203
22509,29736609
22511,36802273
22514,225432084
22520,236926782
22529,28586253
22530,3894517
22534,87903714
22535,24605028
22538,34307562
22539,44104954
22542,53523493
22546,420328833
22548,2574021
22551,450367779
22553,115650557
22554,171962099
22556,81828912
22560,236123976
22567,121886730
22572,358666257
22576,28533032
22578,48128756
22579,2176897
22580,232531363
22601,25458210
22602,285123390
22603,253870829
22610,133495309
22611,209238695
22620,118496274
22623,3122414
22624,49923218
22625,113519463
22627,85074898
22630,338043919
22637,115358633
22639,48270271
22640,61192060
22641,17125642
22642,132304455
22643,14881229
22644,97286035
22645,92245269
22646,5090174
22650,74360768
22652,182046311
22654,160063971
22655,91139468
22656,21740057
22657,159871532
22660,23804329
22663,57181602
22664,129467736
22701,423189302
22709,33327746
22711,5977565
22712,93845421
22713,69029974
22714,57820697
22715,23490595
22716,64789148
22718,63575201
22719,52758010
22720,53459861
22722,9112555
22723,11034792
22724,54637092
22726,40834822
22727,261957758
22728,117110312
22729,14315652
22730,8806332
22731,2296849
22732,4379734
22733,122896670
22734,77781776
22735,85980268
22736,74610835
22737,104357356
22738,69886080
22740,204379964
22741,21519034
22742,57387741
22743,157480616
22747,100494963
22749,49851489
22801,84141265
22802,234406569
22807,1101789
22810,64686874
22811,82037185
22812,111807741
22815,186017251
22820,58277404
22821,212043198
22824,222733225
22827,353666600
22830,291495452
22831,157044428
22832,63175914
22834,46041241
22835,390284631
22840,68315923
22841,81013435
22842,187783774
22843,292840764
22844,125583978
22845,3422512
22846,28814853
22847,53766556
22849,121722089
22850,31203422
22851,142958001
22853,94503661
22901,135081755
22902,162568932
22903,195945192
22904,1665384
22911,132254573
22920,195953497
22922,130983667
22923,130287469
22931,47030399
22932,280631364
22935,55527865
22936,94322164
22937,118296346
22938,109961519
22939,43265348
22940,81362032
22942,289447065
22943,14713905
22946,11124098
22947,113109704
22948,14737602
22949,95284501
22952,127267594
22958,75240121
22959,100640170
22960,332215956
22963,315347204
22964,19312027
22967,202023017
22968,99806681
22969,113086679
22971,139214199
22972,37036518
22973,264892410
22974,104487163
22976,100185061
22980,192782656
22989,3802434
23002,672951448
23004,102192681
23005,174449539
23009,201252048
23011,56579899
23015,210303539
23021,9263142
23022,67695111
23023,51704085
23024,274623052
23025,3365698
23027,118162593
23030,382705162
23032,44076165
23035,38092091
23038,194142203
23039,38355462
23040,381640044
23043,19475813
23045,6293740
23047,122627107
23050,10715030
23055,40184634
23056,15442381
23059,118975646
23060,39328734
23061,405626375
23062,3734098
23063,259709884
23064,890813
23065,56183836
23066,5182263
23068,2255610
23069,141212950
23070,7479566
23071,31074630
23072,95236016
23075,11874518
23076,9795337
23079,54872083
23083,147225414
23084,106716446
23085,111497572
23086,214035066
23089,156945785
23091,60033084
23092,12706424
23093,540289698
23102,76839489
23103,96822168
23106,69705538
23108,33031170
23109,44527613
23110,57313380
23111,202107365
23112,83885314
23113,91745259
23114,29141936
23115,14277680
23116,162715771
23117,354520833
23119,8529409
23120,165451047
23123,105975329
23124,141261712
23125,5640038
23126,57813150
23128,30163329
23129,10408769
23130,15343094
23138,21715994
23139,619178706
23140,194268503
23141,94160124
23146,86641909
23148,168174366
23149,130670910
23150,77139340
23153,34240127
23156,103460392
23160,9738239
23161,28089501
23163,5125303
23168,60381016
23169,24147594
23173,1056293
23175,42175418
23176,11202695
23177,52900071
23180,26294103
23181,169486580
23185,145043908
23187,251969
23188,253797871
23192,197317201
23219,3975481
23220,12444450
23221,8576292
23222,21499903
23223,43620656
23224,30201891
23225,37024401
23226,15320220
23227,29455119
23228,29009367
23229,36938533
23230,10799215
23231,228729669
23233,32083643
23234,51309820
23235,45197914
23236,37583484
23237,52930610
23238,55575022
23250,8102554
23294,10714702
23301,70541201
23302,8610833
23303,18425715
23304,471838
23306,37810146
23307,20180523
23308,85498611
23310,155499647
23313,3172322
23314,49656839
23315,75501590
23316,3630412
23320,82167864
23321,67425318
23322,389657996
23323,310135465
23324,17287789
23325,9896022
23336,50030287
23337,4727251
23347,30537086
23350,72468046
23354,8786936
23356,9202654
23357,16127303
23358,14412742
23359,38751885
23389,1504847
23395,33159819
23398,10409519
23401,5812905
23405,70868579
23407,16359165
23408,4720356
23409,21006111
23410,74941501
23413,32675008
23414,3766302
23415,76567399
23416,14099876
23417,127749116
23418,25814410
23420,83987724
23421,83678196
23422,10822529
23423,88092896
23426,13479051
23427,12992976
23430,260416653
23432,34273701
23433,4377112
23434,526493834
23435,100519690
23436,4096927
23437,257953596
23438,106075272
23440,4107047
23441,1607058
23442,34581400
23451,47984791
23452,38323949
23453,24006611
23454,77902203
23455,42499844
23456,127948400
23457,171830982
23459,3676228
23460,562519
23461,157396
23462,30254788
23464,42810805
23480,4991092
23486,1014578
23487,243813980
23488,18836350
23502,25760767
23503,13314924
23504,10652443
23505,16486060
23507,2325641
23508,8631774
23509,6543807
23510,3051275
23511,13772010
23513,13233236
23517,2067575
23518,15850694
23523,5414631
23551,875503
23601,19306752
23602,34726110
23603,18692099
23604,31375950
23605,9726460
23606,24303970
23607,15444797
23608,27719284
23651,2033725
23661,12174475
23662,39675587
23663,7196337
23664,13558075
23665,14353020
23666,51250651
23669,32284816
23690,19731524
23691,4727681
23692,59145564
23693,34737140
23696,14526905
23701,19360871
23702,6529882
23703,36156020
23704,13181501
23707,10292464
23708,424011
23709,393275
23801,16350847
23803,187170037
23805,189871529
23806,431320
23821,168205921
23824,458723262
23827,132907135
23828,91593042
23829,211952324
23830,120535824
23831,62335739
23832,102557294
23833,147974916
23834,58480307
23836,65810148
23837,274819382
23838,258456268
23839,64840639
23840,123661917
23841,189368234
23842,338151121
23843,76242980
23844,116949573
23845,35396843
23846,110889196
23847,727805617
23850,129987888
23851,276719867
23856,120814167
23857,38944645
23860,130776424
23866,225484795
23867,239024552
23868,314086568
23872,248568829
23874,103939332
23875,91137783
23876,93051890
23878,102119101
23879,87236332
23881,309808899
23882,415110037
23883,148005518
23884,917010
23885,87893388
23887,52984086
23888,225825127
23889,87232082
23890,508109019
23891,5994505
23893,67072073
23894,83786378
23897,153845341
23898,128538224
23899,6488766
23901,518755690
23909,99065
23915,84808940
23917,280788824
23919,84552056
23920,315296136
23921,209303642
23922,175775476
23923,229738621
23924,355912456
23927,195785841
23930,277328267
23934,93122431
23936,565768254
23937,188715346
23938,51263349
23942,153026749
23943,690573
23944,362834213
23947,345300428
23950,158161872
23952,34233418
23954,164598451
23958,253330530
23959,151726016
23960,111349146
23962,122395753
23963,56532646
23964,114174481
23966,138251390
23967,122817073
23968,81966755
23970,313997254
23974,254644606
23976,19915590
24011,444639
24012,52919922
24013,5853655
24014,74080111
24015,11670740
24016,8409295
24017,23202750
24018,117550976
24019,80132827
24020,708523
24053,142067201
24054,278574780
24055,225053816
24058,6065190
24059,61369537
24060,344157827
24064,85036112
24065,221111989
24066,416254203
24067,145477546
24069,85891000
24070,149483833
24072,71935923
24073,229841431
24076,93047722
24077,2095649
24078,17930806
24079,100143574
24082,19372527
24083,20679622
24084,306129913
24085,454872423
24086,16495460
24087,118943329
24088,303564400
24089,29186239
24090,245990351
24091,452715998
24092,92071620
24093,13690468
24095,65358551
24101,143793014
24102,83277915
24104,193700325
24105,55572377
24112,392885996
24120,185775364
24121,245800139
24122,74406392
24124,187398561
24127,621841093
24128,187507897
24130,5897485
24131,111805019
24132,30363365
24133,112119701
24134,265810160
24136,126366056
24137,192285665
24138,70079000
24139,63379845
24141,165154904
24142,264471
24147,17263108
24148,184619776
24149,137562187
24150,144524079
24151,420843617
24153,272215637
24161,68491835
24162,120801624
24165,112338144
24167,13738814
24168,2567394
24171,517167676
24174,88495979
24175,186384234
24176,56943201
24179,122432012
24184,110946363
24185,97665964
24201,26808792
24202,330207951
24210,366471340
24211,183093895
24216,174718115
24217,52877322
24219,188556079
24220,64535859
24221,131992418
24224,280595347
24225,148975506
24226,69110231
24228,240893338
24230,332835179
24236,146274782
24237,147938579
24239,7170716
24243,57970812
24244,441285190
24245,134696068
24246,1268206
24248,135704294
24250,136188208
24251,306871230
24256,150842810
24258,107574820
24260,204750265
24263,313745875
24265,101536418
24266,313680328
24269,19844134
24270,55571130
24271,163282765
24272,54125302
24273,163942470
24277,136974194
24279,209187327
24280,27383859
24281,142395772
24282,40843326
24283,66241337
24290,12826227
24292,69143303
24293,151567032
24301,207763861
24311,104974477
24312,96696013
24313,18499226
24314,228453577
24315,472319062
24316,10498064
24317,97410056
24318,173223153
24319,208369204
24322,34862883
24323,48583069
24324,90588868
24325,135116327
24326,140685765
24328,97333524
24330,107559941
24333,373501402
24340,152671324
24343,343208019
24347,205533355
24348,274666222
24350,123022354
24351,29497804
24352,74454285
24354,274859878
24360,220559015
24361,145477165
24363,195561796
24366,70906502
24368,214386332
24370,389972206
24374,75053588
24375,160001157
24377,91327592
24378,211891566
24380,218589303
24381,133935066
24382,518468614
24401,345051170
24411,1082560
24412,6793365
24413,104321108
24415,520770
24416,143892875
24421,198276355
24422,215814738
24426,862115174
24430,91300125
24431,36828949
24432,130256883
24433,38645722
24435,80996093
24437,34525954
24439,245261162
24440,71846577
24441,114371599
24442,125388660
24445,274518509
24448,796018
24450,533049319
24457,18639655
24458,224735883
24459,130992191
24460,636921256
24464,58821730
24465,454491037
24467,61005768
24471,42042283
24472,165661587
24473,140161690
24474,1664937
24476,18198758
24477,125841718
24479,156743928
24482,39772210
24483,186309457
24484,461238686
24485,219328629
24486,59039583
24487,185265366
24501,99847731
24502,71899712
24503,108167838
24504,83182152
24517,93311028
24520,239978521
24521,599783197
24522,510187857
24523,583549495
24526,169251557
24527,81777643
24528,253719677
24529,96561745
24530,90889457
24531,511483921
24534,149823114
24536,15258314
24538,238529541
24539,19610517
24540,196810183
24541,189016030
24549,132233327
24550,168636789
24551,176600705
24553,327839427
24554,305770214
24555,60254717
24556,110547068
24557,425552499
24558,243048633
24562,46498423
24563,174550838
24565,148790301
24566,96247599
24569,93707338
24570,2352798
24571,132925289
24572,165538597
24574,281896699
24577,497249372
24578,90187807
24579,84765529
24580,53577739
24581,11318824
24586,137409957
24588,188205882
24589,201220993
24590,431491367
24592,325351120
24593,93938193
24594,142184120
24595,4821126
24597,128667963
24598,191303935
24599,121179055
24601,4959781
24602,128701006
24603,53412800
24604,10567019
24605,124721909
24606,6059135
24607,32885344
24609,269609876
24612,1366295
24613,29813582
24614,331973557
24620,198799550
24622,128018166
24628,16491796
24630,169941271
24631,131057621
24634,37659958
24635,15146935
24637,73714975
24639,109082371
24641,49401698
24646,30470176
24649,114649615
24651,406936412
24656,176932243
24657,43261901
24701,166867827
24712,23114466
24714,32640596
24715,25393483
24716,53416342
24719,2622537
24724,407738
24726,95381983
24729,12577070
24731,3307492
24733,15032046
24736,74038262
24737,270577
24738,3281429
24740,415304047
24747,102994100
24801,142247982
24808,42281832
24811,40453915
24813,33313056
24815,55453473
24816,1267298
24817,29386379
24818,66405506
24822,48098498
24823,35309761
24826,35888735
24827,100756796
24828,56807375
24830,22332916
24831,4553673
24834,31842977
24836,98391368
24839,120588558
24843,8623443
24844,146436321
24845,8626821
24846,18504855
24847,4626831
24848,34462502
24849,26898129
24850,39389005
24851,1940516
24853,56507119
24854,15234974
24857,21355945
24860,15421044
24861,10367191
24862,27758296
24866,26392453
24867,34097862
24868,104792537
24869,11998465
24870,100890637
24871,22651087
24872,80236600
24873,42777427
24874,170922115
24878,22939061
24879,40507436
24880,12648685
24881,31437844
24882,32163679
24884,57799981
24887,7537382
24888,14245527
24892,56511086
24894,18537727
24898,616014
24901,225934098
24910,356344150
24915,130088421
24916,43566997
24918,113057951
24920,182197287
24924,61691390
24925,90063319
24927,103780192
24931,164271298
24934,170020680
24935,74410571
24938,71937022
24941,182780592
24944,77480179
24945,43137191
24946,455479928
24951,95173148
24954,737444030
24957,9771498
24962,8215783
24963,138910225
24966,510353350
24970,104669422
24974,18899606
24976,75191305
24977,34191231
24981,31870937
24983,321968594
24984,121675400
24986,580054787
24991,123330319
25002,6557572
25003,92856226
25005,19153834
25007,13624535
25008,29287063
25009,74643978
25011,1032850
25015,66515279
25019,58582110
25021,17142484
25022,91337830
25024,14864377
25025,40130095
25028,8289476
25030,40207449
25031,11863199
25033,64413324
25035,30018125
25036,21547701
25039,66244510
25040,1364995
25043,309416101
25044,38015997
25045,373978329
25047,19726220
25048,68930
25049,40330051
25051,1158525
25053,121806518
25054,43234530
25057,2360294
25059,27916508
25060,64599930
25061,26094739
25062,8222396
25063,224630876
25064,17767942
25067,14028091
25070,12102486
25071,267767524
25075,141448261
25076,21015231
25081,36452851
25082,135534192
25083,72452097
25085,35888675
25086,1423162
25088,40262280
25090,3649430
25093,19306497
25102,2497414
25103,10921837
25106,42137826
25107,79542864
25108,18791382
25109,2010908
25110,57719164
25111,79522149
25112,85135
25113,82475669
25114,29118525
25115,20892946
25118,44058425
25119,30593859
25121,43105525
25123,308725013
25124,77200794
25125,69717143
25126,253087
25130,58619395
25132,47171067
25133,41269745
25134,19704086
25136,22393716
25139,1429902
25140,145360902
25141,14837910
25142,11030772
25143,22704170
25148,10033000
25149,23073059
25152,9157769
25154,48021020
25156,654480
25159,91260313
25160,15436865
25161,29202365
25162,714803
25164,78453254
25165,10343348
25168,83453037
25169,48945682
25173,38768761
25174,25581217
25177,77811214
25180,8760872
25181,164443943
25183,39444526
25185,178917
25186,23105139
25187,106053517
25193,56064315
25201,157387
25202,29583076
25203,4120373
25204,55997767
25205,14304680
25206,37163539
25208,198022185
25209,69872767
25211,20636472
25213,92842933
25214,32741219
25234,119672547
25235,88816159
25239,67468032
25241,56879525
25243,122508290
25244,76305534
25245,76411254
25247,5352425
25248,190379509
25251,38453819
25252,152185590
25253,122614726
25259,98233791
25260,7080159
25261,27954747
25262,19284803
25264,17003890
25265,4356204
25266,97841501
25267,174545422
25268,102473740
25270,103221870
25271,252967819
25275,166875434
25276,440195601
25285,28892169
25286,178407529
25287,49249700
25301,2835616
25302,31650958
25303,9121751
25304,26484989
25305,202349
25306,96426506
25309,91501072
25311,73195165
25312,182496258
25313,53885515
25314,65150185
25315,19326602
25320,181059026
25401,15281253
25403,96698571
25404,103551765
25405,53917024
25411,363770061
25413,57818456
25414,141104171
25419,45521447
25420,72474269
25422,181202815
25425,103825620
25427,352030893
25428,59600264
25430,123823825
25431,37569707
25432,2116168
25434,176429471
25437,29062603
25438,22977365
25442,36791761
25443,71251157
25444,50538566
25446,39879841
25501,64755969
25502,55996222
25503,39550759
25504,128472136
25505,5801683
25506,269570285
25507,1750548
25508,201485194
25510,84271777
25511,236560881
25512,124377509
25514,180508104
25515,116479504
25517,105550705
25520,102241821
25521,80051005
25523,108583147
25524,249533362
25526,237829837
25529,53421855
25530,39365528
25534,60373430
25535,46343449
25537,55003139
25540,32609814
25541,181207157
25545,72108084
25547,19993788
25550,127567630
25555,87963277
25557,116865777
25559,52748297
25560,60152558
25564,56479647
25565,89340186
25567,43654766
25570,202808093
25571,60584760
25573,28794156
25601,51243949
25606,18210167
25607,25115106
25608,35554365
25611,10191017
25617,43975321
25621,118194483
25624,2920249
25625,38405803
25628,5504749
25630,60038046
25632,63408579
25634,13841041
25635,36062833
25637,9304867
25638,87557664
25639,17942499
25644,31888680
25646,56105006
25647,8267286
25649,28558176
25650,63054583
25651,65175626
25652,43766512
25653,4661453
25654,30709513
25661,150792953
25666,73752014
25669,52840428
25670,242859611
25671,81563442
25672,22192114
25674,116383449
25676,75989093
25678,65633550
25688,12054007
25690,4544138
25692,25719472
25696,5096059
25699,38240235
25701,92049940
25702,30139973
25703,3084929
25704,83685512
25705,30998115
25801,214010547
25810,6123753
25811,16810759
25812,48802854
25813,155174323
25817,29142724
25818,1314198
25820,78886359
25823,36262669
25825,67054186
25826,549751
25827,16511760
25831,154792755
25832,31163201
25836,5048839
25837,14128685
25839,8706149
25840,187044133
25841,89901243
25843,36502599
25844,31606073
25845,14605090
25846,33666034
25848,22595254
25849,1311304
25853,1668498
25854,94719407
25855,544587
25857,56044931
25862,11246228
25864,59061681
25865,65852064
25868,32741972
25870,585201
25871,1046676
25873,1799111
25875,22508901
25876,10880153
25878,5268665
25879,4260684
25880,102591110
25882,84386600
25901,85059121
25902,72132877
25904,17820350
25906,3546984
25907,4823285
25908,18489652
25911,85548
25913,17229092
25915,23520706
25916,5031738
25917,116039070
25918,174541130
25920,13157211
25921,41619382
25922,11914753
25928,30101224
25932,10110940
25936,37680284
25938,84182933
25942,33083993
25951,279150850
25958,59008990
25962,226019554
25969,76004924
25971,52325431
25972,10432873
25976,233346228
25977,12735692
25978,30301138
25979,120375253
25981,153123523
25984,127291606
25985,91802483
25989,6223197
26003,245472349
26030,2170239
26031,7087724
26032,31226517
26033,240994278
26034,39204223
26035,46682231
26036,29193710
26037,17531104
26038,17088538
26039,101619731
26040,6009346
26041,158951675
26047,110946023
26050,7515042
26055,190448834
26056,300057
26059,63627528
26060,61494798
26062,71888505
26070,95735054
26074,4260731
26075,3528639
26101,76475190
26104,96320097
26105,32479135
26133,101603382
26134,5462500
26136,69301112
26137,135618341
26138,13792883
26141,87758920
26142,32867257
26143,377142144
26146,102328848
26147,119447864
26148,46248617
26149,193046411
26150,120019202
26151,63490303
26152,4702290
26155,306039738
26159,4359026
26160,169463741
26161,124401437
26164,276813545
26167,46715140
26169,68970411
26170,271722233
26175,116577225
26178,107339814
26180,167743231
26181,98917861
26184,100747473
26187,52290548
26201,464580510
26202,36125404
26203,65477238
26205,67077079
26206,191263282
26208,217248882
26209,72907425
26215,25052308
26217,71251976
26218,171404765
26222,196084331
26224,88537665
26228,23526159
26230,121216256
26234,137407320
26236,641558
26237,101595302
26238,56428219
26241,335181366
26250,227795523
26253,178655449
26254,169970805
26257,49381857
26259,5095936
26260,407861660
26261,255584962
26263,78628236
26264,269242464
26266,10349747
26267,61515456
26268,160149933
26269,54328545
26270,198493420
26271,82741590
26273,328827745
26275,10630353
26276,39079493
26278,159091519
26280,179138772
26282,141936962
26283,155306879
26285,27698191
26287,393655245
26288,595911043
26291,163019481
26292,42937626
26293,15197090
26294,204748390
26296,115982211
26298,28739802
26301,192146365
26320,145055366
26321,64288461
26323,2945967
26325,64849784
26327,22233378
26330,187291520
26335,122957374
26337,167692717
26338,102252753
26339,54243688
26342,124042253
26343,54928536
26346,72155532
26347,102155915
26348,32089536
26349,1619979
26351,219368131
26354,261693093
26361,715702
26362,271634719
26366,1033349
26369,3544051
26372,79426434
26374,84589703
26376,81478315
26377,144703705
26378,160976837
26384,86898319
26385,159612125
26386,68537290
26404,8814563
26405,136765793
26408,78241671
26410,59365107
26411,190067395
26412,118809858
26415,265804634
26416,356446479
26419,96882597
26421,43889192
26422,8075775
26424,6513393
26425,131029184
26426,342330926
26430,31743119
26431,96443089
26435,391027
26436,6257489
26437,83500980
26438,151412
26440,111299281
26443,49560958
26444,186793948
26447,168906940
26448,97236277
26451,3245556
26452,323718290
26456,391981456
26501,156100107
26505,34011085
26508,315180242
26519,167053178
26520,5389857
26521,5833213
26525,359667416
26534,3479150
26537,106955564
26541,97852541
26542,93238455
26543,2350840
26547,38662246
26554,350433570
26559,1603855
26560,534700
26562,104074988
26563,1518715
26568,3418744
26570,174492564
26571,39248728
26572,1184316
26574,7262062
26575,55661621
26576,2265415
26581,126803671
26582,259457930
26585,61442924
26586,1649195
26587,3344078
26588,71130882
26590,64604399
26591,36153039
26601,339918331
26610,145928183
26611,29163582
26615,29778846
26617,19337783
26619,80414200
26621,69912907
26623,150583106
26624,189834778
26627,51518230
26629,17944956
26631,66028265
26636,75234361
26638,42137487
26651,626769756
26656,23184634
26660,15297581
26662,37964760
26676,68909245
26678,37202625
26679,136688878
26680,70383902
26681,93160080
26684,4270491
26690,74451003
26691,36540714
26704,248420421
26705,145530976
26707,67905259
26710,213547932
26711,152098272
26714,49505554
26716,62187923
26717,108080607
26719,69811269
26720,14987591
26722,55445983
26726,378379941
26731,42769168
26739,171005528
26743,192565100
26750,1150993
26753,66765005
26755,114132269
26757,362536148
26761,28472602
26763,122123615
26764,230936258
26767,6120915
26801,189670203
26802,311290718
26804,216940859
26807,455873616
26808,51462387
26810,83554278
26812,267556393
26814,162068638
26815,217747150
26817,51401106
26818,50214652
26823,55424590
26833,312872735
26836,500418112
26845,90684316
26847,316056340
26851,281361565
26852,110287845
26855,109650408
26865,44239548
26866,206727399
26884,220198042
27006,165427437
27007,54972685
27009,41040417
27011,137710619
27012,108641738
27013,195327329
27014,1597864
27016,103450173
27017,277909397
27018,212322340
27019,91056899
27020,190104404
27021,137887456
27022,86107773
27023,71938610
27024,114783952
27025,254607683
27027,56346543
27028,499076816
27030,441866995
27040,69134686
27041,152796805
27042,22386525
27043,185554295
27045,60001429
27046,105528892
27047,52606662
27048,214926344
27050,64470588
27051,47586228
27052,271524810
27053,175075272
27054,75553820
27055,277351226
27101,33065833
27103,48071798
27104,31933661
27105,87155235
27106,74203289
27107,168508187
27109,505687
27110,488557
27127,77090391
27201,342167
27203,56673682
27205,579452321
27207,220119744
27208,100707702
27209,118219812
27212,125481984
27214,124611270
27215,161225257
27217,318992336
27229,228263667
27231,94108649
27233,63360079
27235,35108883
27239,390852024
27242,139716740
27243,102607263
27244,130751736
27248,89262053
27249,149439326
27252,110952753
27253,228153048
27258,44130948
27260,31468787
27262,34084177
27263,101001520
27265,109015879
27278,262673065
27281,134727690
27282,35689552
27283,68219727
27284,206951492
27288,175397333
27291,131417542
27292,376566396
27295,330459046
27298,246124761
27299,71281942
27301,86377499
27302,302456726
27305,69467275
27306,453926998
27310,41624364
27311,119656195
27312,439977296
27313,73538444
27314,67266390
27315,68430568
27316,179249377
27317,139042431
27320,652005479
27325,228220128
27326,182900651
27330,532667679
27332,271955761
27340,146352
27341,245093788
27343,118891459
27344,429260106
27349,157940579
27350,96391753
27355,89329733
27356,145999646
27357,109746775
27358,141083488
27360,228288392
27370,156524810
27371,419186167
27376,180659460
27377,66071609
27379,221219347
27401,16082580
27403,15609730
27405,80449722
27406,179925096
27407,78583005
27408,19767905
27409,50346278
27410,84683462
27455,76882018
27501,158517203
27502,73367505
27503,94652753
27504,234156195
27505,147241383
27507,123514410
27508,27094654
27509,38750377
27510,9666667
27511,30374993
27513,40935407
27514,50356499
27516,240770493
27517,118866598
27518,24908895
27519,56303647
27520,189017495
27521,67241483
27522,187389999
27523,107163568
27524,343553202
27525,239668907
27526,251071920
27527,113250401
27529,149464776
27530,273851035
27531,9280553
27534,187378053
27536,33064267
27537,494479784
27539,81709815
27540,120350026
27541,179964143
27542,222719107
27544,158034320
27545,75090471
27546,320608844
27549,625560774
27551,217652655
27553,95828627
27555,960945
27556,4948880
27557,159304224
27559,125738395
27560,75745204
27562,139192726
27563,183424007
27565,859209344
27568,608088
27569,210908802
27571,11405545
27572,266115042
27573,46191282
27574,485936402
27576,215304502
27577,269711963
27581,88949269
27582,8233274
27583,119943029
27587,271058614
27589,449939558
27591,171819373
27592,107774448
27596,144581123
27597,317561332
27601,4647719
27603,133667199
27604,55946791
27605,2557008
27606,64235003
27607,41717031
27608,8328739
27609,28938715
27610,110850627
27612,48606605
27613,63705980
27614,70091923
27615,50066061
27616,57588638
27617,21646121
27701,13701239
27703,141486655
27704,104372417
27705,113423892
27707,55139106
27709,1012059
27712,86982886
27713,84550345
27801,180164608
27803,104454997
27804,109520776
27805,287337006
27806,359636327
27807,129438970
27808,108661465
27809,193782682
27810,336858587
27812,160486275
27813,2837859
27814,165233042
27816,156599238
27817,290568685
27818,158535976
27819,2796819
27820,145762923
27821,16841461
27822,237016510
27823,489191896
27824,253826553
27825,1248996
27826,190661839
27827,217010
27828,199019993
27829,127383433
27830,157015503
27831,170045441
27832,78359116
27834,457656428
27837,154694415
27839,369642675
27840,32796476
27841,690101
27842,28036012
27843,154284071
27844,110364937
27845,258807192
27846,245345777
27847,96600856
27849,198105542
27850,484209098
27851,116056631
27852,125771452
27853,110167962
27855,141506353
27856,336184368
27857,163615924
27858,156052072
27860,371345424
27861,1533524
27862,103883589
27863,175251259
27864,104552173
27865,225422946
27866,67165012
27869,212110899
27870,175894198
27871,249362171
27872,32620990
27873,1594228
27874,337963064
27875,142818962
27876,108207174
27878,4757176
27879,750026
27880,67310187
27881,1760084
27882,256412013
27883,198375510
27884,85628519
27885,322718665
27886,499548241
27888,123311732
27889,512562704
27890,23241922
27891,366247707
27892,500752137
27893,285341443
27896,89529238
27897,110956161
27909,587675836
27910,352040674
27915,20407829
27916,20073383
27917,52096585
27919,150867039
27920,9469241
27921,187268075
27922,108640488
27923,18664455
27924,243725999
27925,624685310
27926,92662481
27927,68857031
27928,177367652
27929,15356359
27932,306275491
27935,155445286
27936,24326135
27937,219102256
27938,131659056
27939,17121907
27941,8185188
27942,86278026
27943,6938562
27944,479278804
27946,110560259
27947,31260852
27948,23945945
27949,39326784
27950,76969988
27953,713603664
27954,22890682
27956,12036265
27957,110061550
27958,229044125
27959,38061297
27960,22542551
27962,230509902
27964,3852057
27965,41697839
27966,26479484
27967,9619123
27968,20160508
27970,293962571
27972,3677413
27973,97488393
27974,118838087
27976,275448597
27978,41620337
27979,186736412
27980,133838731
27981,20444889
27982,822707
27983,861119892
27985,2380815
27986,39828117
28001,344420333
28006,13908693
28007,3401218
28009,7413326
28012,70905895
28016,111333118
28017,444841
28018,257317828
28019,388986
28020,112675241
28021,162211254
28023,119991122
28025,282019059
28027,177754541
28031,36312920
28032,6037226
28033,40349417
28034,117506185
28036,58494305
28037,114890730
28039,220171
28040,184104423
28043,164164298
28052,109112242
28054,51797967
28056,123188600
28071,118059899
28072,2795265
28073,66236680
28075,54691207
28076,3464217
28077,1513664
28078,165201476
28079,113847230
28080,102265842
28081,78889771
28083,51877587
28086,227802317
28088,6940346
28089,642770
28090,242854414
28091,245227246
28092,317122864
28097,78720685
28098,8815844
28101,2319755
28102,1311700
28103,401454999
28104,75608505
28105,61682824
28107,128478819
28108,517620
28109,4356564
28110,333649575
28112,342647409
28114,168972032
28115,190991668
28117,103731863
28119,170941479
28120,78631143
28124,147488502
28125,99637208
28127,179796764
28128,176606519
28129,110701280
28133,207069415
28134,22201916
28135,259069950
28137,114778830
28138,114891352
28139,453338806
28144,77469642
28146,257112373
28147,203363902
28150,277527606
28152,214124107
28159,6433338
28160,14533143
28163,91110080
28164,109176932
28166,74998885
28167,185361055
28168,224287945
28169,1450978
28170,484158669
28173,278921801
28174,93402106
28202,4671910
28203,8592355
28204,4477543
28205,30620598
28206,18274235
28207,6520754
28208,57006349
28209,14200833
28210,32893309
28211,27910956
28212,23935956
28213,35852680
28214,84787844
28215,79161716
28216,77489872
28217,38372984
28226,38630141
28227,100290493
28244,19679
28262,56119361
28269,78945199
28270,32671360
28273,56511806
28277,60628334
28278,73796162
28280,19577
28282,18417
28301,31810222
28303,43365575
28304,42717487
28305,6734536
28306,177885179
28307,30296246
28308,9580111
28310,11798779
28311,97153977
28312,434808100
28314,59723519
28315,165540381
28318,206339030
28320,310764163
28323,97367718
28325,2230191
28326,301342563
28327,493208460
28328,660781846
28330,641820
28332,5127241
28333,122358926
28334,414848674
28337,413828666
28338,371419706
28339,92868254
28340,324477167
28341,242822911
28342,3315787
28343,46349929
28344,100154901
28345,183620205
28347,133014837
28348,114989679
28349,174715414
28350,1675908
28351,146602867
28352,322419280
28356,142077875
28357,91734711
28358,517130622
28360,170220001
28363,148653162
28364,350047274
28365,498921862
28366,219394605
28367,737243
28369,192035109
28371,89936406
28372,113440755
28373,33449016
28374,57380593
28375,740155
28376,374071599
28377,261150174
28379,401041895
28382,305991709
28383,270153816
28384,252167735
28385,102214294
28386,116656281
28387,75326564
28390,152880888
28391,91751438
28392,102219814
28393,114461354
28394,113054041
28395,123899106
28396,129632852
28398,252334645
28399,241686762
28401,62526677
28403,36455763
28405,62330452
28409,61758705
28411,108525228
28412,56450419
28420,363927049
28421,143334816
28422,237688705
28423,207710725
28424,383885
28425,387746917
28428,13322741
28429,101334691
28430,105400675
28431,194892406
28432,91538875
28433,290212547
28434,208334963
28435,248014615
28436,98084402
28438,122251884
28439,62455358
28441,331231417
28442,146931112
28443,298295098
28444,231435816
28445,135053566
28447,300561978
28448,244592125
28449,10303909
28450,101592189
28451,361804121
28452,15071488
28453,214170243
28454,169024261
28455,196078761
28456,166885550
28457,335049302
28458,286093157
28460,90166000
28461,196289126
28462,242125428
28463,304985688
28464,59079922
28465,29019141
28466,490399569
28467,46361957
28468,45829704
28469,57605031
28470,123317114
28472,469555890
28478,313387850
28479,240680413
28480,7580262
28501,275011974
28504,320558983
28508,91584187
28510,53669949
28511,21168141
28512,14916365
28513,235076648
28515,142328955
28516,545226268
28518,246766894
28519,794577
28520,56987571
28521,108788068
28523,145161792
28524,14412518
28525,115253746
28526,221658155
28527,144128932
28528,7507795
28529,109485702
28530,183938164
28531,5804755
28532,428442870
28533,1150937
28537,65544112
28538,75016575
28539,127212734
28540,267360784
28543,5295213
28544,29405466
28546,145238466
28547,67230904
28551,341880813
28552,42439673
28553,3186051
28554,722658
28555,397342968
28556,117205898
28557,36757102
28560,304169705
28562,399456197
28570,322276536
28571,133765831
28572,273815231
28573,194178485
28574,331757224
28575,1553898
28577,6850530
28578,165296625
28579,9939271
28580,294955792
28581,22773632
28582,42076767
28583,4420019
28584,151828855
28585,460207929
28586,338976745
28587,8840013
28589,28156399
28590,108055620
28594,14831217
28601,119221883
28602,180437869
28604,170230491
28605,75013594
28606,112201430
28607,255649000
28609,115258504
28610,104298043
28611,192644369
28612,216551439
28613,110739026
28615,172536191
28616,6993428
28617,89289289
28618,102581891
28619,3090896
28621,181562696
28622,80301930
28623,73345266
28624,161570596
28625,506982694
28626,83903272
28627,51808230
28628,1334709
28629,6243156
28630,155323801
28631,64659043
28634,163130196
28635,109115619
28636,154089657
28637,7441258
28638,52470685
28640,100651715
28642,94445760
28643,180451533
28644,177268434
28645,855011099
28646,55932045
28647,15641269
28649,90581899
28650,115672425
28651,227677620
28652,208818
28654,162767307
28655,823744713
28657,414481344
28658,190945895
28659,264197352
28660,82810752
28662,4630789
28663,45176128
28665,162991546
28666,1204551
28667,1552259
28668,33712545
28669,119973719
28670,96279519
28671,1920042
28672,5006979
28673,65814632
28675,301218808
28676,74062759
28677,213498281
28678,115767669
28679,67530746
28681,433258292
28682,8409244
28683,86607351
28684,136884602
28685,157909233
28689,115744836
28690,55928277
28692,99471050
28693,66809545
28694,171211496
28697,164475752
28698,64938793
28701,46114621
28702,51386124
28704,85678103
28705,326091956
28707,28656796
28708,126525832
28709,136649248
28711,258592873
28712,325469693
28713,353075919
28714,753513555
28715,201293344
28716,409111033
28717,133156105
28718,42792607
28719,349942532
28720,8463399
28721,285413682
28722,118033522
28723,289818936
28725,706569
28726,6173164
28729,11335783
28730,128495702
28731,69974996
28732,110617625
28733,20105146
28734,780397143
28735,9639306
28736,91392077
28739,173706874
28740,143123622
28741,224687780
28742,63406817
28743,320614730
28745,1615608
28746,121522501
28747,136426454
28748,218992048
28749,2683583
28751,115996916
28752,634577884
28753,683619083
28754,223736806
28756,232514724
28757,3139241
28759,60156594
28761,278773809
28762,258316608
28763,143546256
28766,15092883
28768,214830169
28771,703597361
28772,32644699
28773,144179859
28774,117174176
28775,25480107
28777,176662455
28778,89033047
28779,277825643
28781,202919798
28782,128446662
28783,166187751
28785,395393900
28786,192710984
28787,205914578
28789,147884539
28790,108476573
28791,42578155
28792,260594025
28801,13145587
28803,99280624
28804,68885491
28805,67248544
28806,98337480
28901,163821536
28902,58734832
28904,491868754
28905,116568555
28906,864608626
28909,25550394
29001,170504981
29003,364953609
29006,373984914
29009,280307268
29010,534688892
29014,426284241
29015,314431380
29016,223096236
29018,283911330
29020,589442780
29030,235079195
29031,316790441
29032,204705672
29033,23121639
29036,139975008
29037,174068039
29038,207859266
29039,66893801
29040,145584995
29042,169266816
29044,356995248
29045,181345053
29046,6485962
29047,169507004
29048,123406916
29051,109932501
29052,148541617
29053,210321258
29054,147478281
29055,91240916
29056,269933495
29058,367720248
29059,287521716
29061,230426041
29062,41938674
29063,103801806
29065,62561951
29067,505435476
29069,198085010
29070,428457611
29072,177410066
29073,207707747
29074,52355802
29075,109852940
29078,321531985
29079,551672
29080,342755100
29081,208843135
29082,105231155
29101,279028933
29102,635618910
29104,154624310
29105,75788598
29107,196842427
29108,539349068
29111,167452038
29112,300182546
29113,111530096
29114,96031749
29115,338148725
29117,232766
29118,201866527
29122,1126379
29123,178911620
29125,274372878
29126,199961416
29127,265863078
29128,279711206
29129,214287527
29130,390817725
29133,141393501
29135,498173557
29137,220686191
29138,572885026
29142,133904434
29145,115457604
29146,164577142
29147,483216
29148,270054544
29150,111340136
29152,12036429
29153,370081955
29154,205707253
29160,303689797
29161,348710588
29162,86854884
29163,76757867
29164,261346187
29166,84970463
29168,294618599
29169,31034358
29170,62452889
29172,65103469
29175,19439145
29178,379231568
29180,789935050
29201,29587394
29202,24162
29203,164011470
29204,16715259
29205,17016133
29206,22185788
29207,169439358
29208,171565
29209,134080623
29210,41392676
29212,58479543
29223,66049469
29225,41936
29229,53238615
29301,70946453
29302,128517452
29303,80766886
29306,49286897
29307,116673686
29316,56437810
29320,1405682
29321,100986103
29322,151458161
29323,181701781
29324,567782
29325,400119044
29329,595408
29330,93891292
29331,5170181
29332,123530736
29333,983171
29334,57357551
29335,230164253
29338,235166
29340,422203995
29341,242853056
29346,550321
29349,202055717
29351,12315157
29353,242148584
29355,177286980
29356,212337647
29360,375304327
29364,8162864
29365,47503899
29368,413663
29369,73829265
29370,123939200
29372,109862230
29373,1725985
29374,134117719
29375,367579
29376,96572917
29377,3391249
29378,217027
29379,661468960
29384,122460854
29385,49410866
29388,253405256
29401,4016094
29403,13837807
29404,13227458
29405,38537229
29406,37784923
29407,39756215
29409,166971
29410,27119178
29412,101650719
29414,90800977
29418,34925367
29420,29048510
29423,97768
29424,47840
29426,174323950
29429,281912273
29431,203899607
29432,303280689
29434,143755913
29435,177970766
29436,208864401
29437,241244572
29438,194567128
29439,7531343
29440,1354457717
29445,151138258
29446,439577421
29448,125396909
29449,207590348
29450,374119483
29451,25927727
29452,148827503
29453,359396984
29455,278153731
29456,47242943
29458,427932084
29461,421511377
29464,77110902
29466,76050536
29468,193491021
29469,56895194
29470,217604354
29471,108022412
29472,480656671
29474,290792378
29475,277756913
29477,286895508
29479,241060827
29481,231214229
29482,6665115
29483,350308719
29485,92467656
29487,108513478
29488,595901854
29492,129439400
29493,2194191
29501,139071319
29505,133755549
29506,328297412
29510,787414290
29511,159086753
29512,561324922
29516,241729187
29518,125964286
29519,11120048
29520,347131804
29525,129006641
29526,475860984
29527,401294057
29530,99253862
29532,268952782
29536,336575586
29540,285911732
29541,203540256
29543,47845504
29544,295194097
29545,93011809
29546,377390285
29547,103227499
29550,552313614
29554,582424936
29555,238323959
29556,451480124
29560,418528780
29563,98133927
29564,169393546
29565,320362293
29566,78567914
29567,55477039
29568,238395884
29569,451377383
29570,124236992
29571,498632965
29572,21238229
29574,260121111
29575,26133360
29576,94636271
29577,60941905
29579,112018098
29580,180249587
29581,419487397
29582,56780471
29583,275750751
29584,281981811
29585,122080122
29588,108006686
29590,257090130
29591,187607142
29592,109396358
29593,209769488
29594,5938085
29596,171659786
29601,11084456
29605,66250242
29607,74577298
29609,62604474
29611,59927923
29613,1743522
29614,497344
29615,49695866
29617,60186408
29620,648470330
29621,221799921
29624,72725842
29625,124145104
29626,133894090
29627,321806673
29628,129639072
29630,157516822
29631,22582343
29634,3636260
29635,179329259
29638,153812651
29639,44597346
29640,226032939
29642,128834967
29643,69471779
29644,212598120
29645,276918354
29646,292024883
29649,140402357
29650,46604208
29651,234982831
29653,180049960
29654,305231682
29655,385618747
29657,164691765
29658,64543542
29659,1838219
29661,178345052
29662,14780434
29664,247960762
29665,544298
29666,319602814
29667,1357540
29669,162248526
29670,143062919
29671,331040755
29672,100485560
29673,181222764
29676,189066681
29678,204700082
29680,80413653
29681,107120047
29682,69036127
29683,202830
29684,145502940
29685,223368405
29686,79234437
29687,121623696
29689,92175106
29690,274218638
29691,177589263
29692,125170059
29693,431241226
29696,60283380
29697,99607859
29702,256612761
29704,70004010
29706,705104434
29707,82270349
29708,49618054
29709,252886027
29710,294446221
29712,72213357
29714,84707457
29715,87680801
29717,99179099
29718,303617882
29720,734478223
29724,642772
29726,104318843
29727,127399605
29728,250923889
29729,173845670
29730,311009510
29732,138102412
29733,305914
29741,96127097
29742,210637123
29743,80835971
29745,349807266
29801,226805259
29803,493126890
29805,255965680
29809,16147051
29810,315369050
29812,716337734
29816,2550550
29817,278653765
29819,176986924
29821,160620593
29824,579758232
29826,8694414
29827,271163502
29828,1745051
29829,84994102
29831,298283057
29832,251245009
29834,4883485
29835,474172948
29836,440590629
29838,75890732
29840,86240471
29841,82449771
29842,101357090
29843,165327420
29844,8618810
29845,170380234
29847,235286651
29848,244255587
29849,94711938
29850,5271467
29851,53738934
29853,286820972
29856,150025641
29860,134824744
29899,977277
29902,48159799
29904,154580
29905,7163047
29906,125461496
29907,108889083
29909,142421008
29910,267035322
29911,194694397
29912,900132
29915,27894290
29916,189128305
29918,234641237
29920,252820828
29921,17328765
29922,346976344
29923,34613868
29924,138764864
29926,78827355
29927,507741809
29928,53436265
29929,196121993
29932,186102327
29934,180281767
29935,5941504
29936,614860429
29939,27934637
29940,145961633
29941,43852130
29943,118502878
29944,342956073
29945,568160527
30002,4379409
30004,148542952
30005,37574437
30008,24490434
30009,24853606
30011,68918781
30012,110963231
30013,73492357
30014,305057350
30016,237451709
30017,30978973
30019,119921173
30021,9156142
30022,65913813
30024,110381915
30025,176421513
30028,133008181
30030,16889312
30032,35312859
30033,23950428
30034,43922097
30035,22190878
30038,75261939
30039,64881669
30040,152512588
30041,152488034
30043,84404902
30044,63541193
30045,56317752
30046,40544440
30047,71838786
30052,226750377
30054,107112927
30055,133009596
30056,99085166
30058,79882764
30060,42483708
30062,66935673
30064,82435441
30066,70582370
30067,38352482
30068,37146792
30070,160146
30071,30944939
30072,507194
30075,77230521
30076,40323701
30078,43974978
30079,3313098
30080,35306942
30082,27144018
30083,43892943
30084,39502430
30087,60552498
30088,20163676
30092,28413401
30093,30896876
30094,104570582
30096,59265938
30097,58186049
30101,104590938
30102,75862846
30103,261480184
30104,99156040
30105,154400920
30106,32169123
30107,281858586
30108,228074145
30110,180182358
30113,267674322
30114,277809418
30115,157422914
30116,264853562
30117,284022667
30118,968684
30120,238438421
30121,146335459
30122,62366389
30124,156316425
30125,474439521
30126,53660847
30127,131530481
30132,284798313
30134,128470782
30135,216899160
30137,10256424
30139,185578303
30141,76253051
30143,360537778
30144,58419651
30145,206295006
30147,47805033
30148,27788648
30149,22598215
30152,54650280
30153,308691954
30157,220185624
30161,366132007
30164,48412
30165,430089603
30168,32386467
30170,118126660
30171,136826790
30173,87388087
30175,228225884
30176,216944256
30177,13118449
30178,139822583
30179,193668268
30180,194076965
30182,92263371
30183,158961938
30184,174852237
30185,163933339
30187,89136496
30188,113933881
30189,50378858
30204,323477755
30205,93961907
30206,144009623
30213,165882457
30214,136558264
30215,185958813
30216,77600759
30217,672496127
30218,174488531
30220,142189207
30222,374332760
30223,279857454
30224,171287882
30228,190108735
30230,338525027
30233,401691214
30234,30097612
30236,83442589
30238,43747481
30240,361457666
30241,288501088
30248,178021965
30250,696114
30251,89295825
30252,236409617
30253,125458844
30256,88959399
30257,114424495
30258,144935727
30259,90200912
30260,29210622
30263,517339321
30265,110253687
30268,169433470
30269,65359338
30273,16933758
30274,27370181
30275,277621
30276,254307507
30277,114808799
30281,181847369
30284,241340
30285,44107510
30286,502935682
30288,20242385
30289,559987
30290,46269019
30291,31601746
30292,150632183
30293,208507773
30294,83787117
30295,113074947
30296,27120552
30297,28429948
30303,2702799
30305,16682964
30306,11311814
30307,11857548
30308,4129967
30309,8851222
30310,22843900
30311,32199824
30312,8682768
30313,2873972
30314,11993254
30315,29310489
30316,32436963
30317,9079339
30318,52836984
30319,26889804
30322,1119383
30324,13626613
30326,1791718
30327,43491943
30328,33474075
30329,14017432
30331,95850920
30332,218051
30334,126610
30336,27064393
30337,31225098
30338,25413648
30339,21235984
30340,22094479
30341,26263060
30342,23150887
30344,31357213
30345,18400030
30346,2612071
30349,119031600
30350,32424252
30354,27845487
30360,15138453
30363,825612
30401,654893522
30410,173156300
30411,392193655
30412,3970864
30413,319812241
30415,417162943
30417,447103930
30420,98138132
30421,261681909
30423,1944023
30425,185358589
30426,307635967
30427,618890649
30428,385441618
30429,563522
30434,511983557
30436,731639120
30438,822331
30439,627127287
30441,472732622
30442,806917502
30445,208597891
30446,171114509
30448,7461737
30449,19835838
30450,128548398
30451,196529
30452,140836280
30453,319312221
30454,92718185
30455,113354598
30456,208857416
30457,458066165
30458,380711982
30460,41422
30461,419931253
30464,2101919
30467,1338936202
30470,75404178
30471,376305680
30473,216960062
30474,361246947
30475,241059
30477,183248565
30501,56758944
30504,42953934
30506,260095045
30507,184023396
30510,115837695
30511,78359591
30512,575508520
30513,384913813
30516,54378587
30517,72384598
30518,103030360
30519,88823928
30520,148088236
30521,244807330
30522,117450475
30523,446235895
30525,533427766
30527,65680325
30528,462221959
30529,133436049
30530,202745806
30531,99388921
30533,566973898
30534,593082131
30535,75103288
30536,399519623
30537,52370178
30538,65945470
30540,508470545
30541,182122902
30542,109489261
30543,97791959
30545,102758399
30546,349996890
30547,135830698
30548,100110616
30549,283256123
30552,141197042
30553,153582534
30554,189054725
30555,34181275
30557,144399780
30558,153046182
30559,128348125
30560,188696537
30562,7702466
30563,90115508
30564,80039841
30565,88221971
30566,24103218
30567,81059044
30568,74929497
30571,145573359
30572,276159343
30573,12368488
30575,29828832
30576,97896800
30577,419970620
30581,519577
30582,129189038
30601,61079936
30602,1856215
30605,94899537
30606,78926766
30607,91825246
30609,60531
30619,69133852
30620,63469787
30621,126409799
30622,106728652
30623,5596029
30624,111495383
30625,117473293
30627,322402301
30628,124364382
30629,193707720
30630,94293109
30631,501553743
30633,258928668
30634,124719252
30635,735524269
30641,88290115
30642,506690278
30643,299398232
30646,90192562
30648,218308904
30650,573213955
30655,223675467
30656,180869585
30660,259544238
30662,207577288
30663,143008627
30664,720635
30665,6223043
30666,95020378
30667,202349424
30668,413959733
30669,322114850
30673,679338842
30677,306017802
30678,181451478
30680,238236655
30683,101291007
30701,392271478
30705,616769710
30707,333689022
30708,37927967
30710,123054302
30711,180090572
30720,125773481
30721,321572197
30725,38838584
30726,340985
30728,449541666
30730,143462020
30731,224642723
30733,39587779
30734,198075637
30735,161260244
30736,332958367
30738,222904696
30739,64906295
30740,131666817
30741,64312523
30742,8676582
30746,43239435
30747,474037951
30750,34173703
30751,1472232
30752,201955484
30753,106077713
30755,92089894
30756,350187
30757,44318638
30802,343508606
30803,142999498
30805,91566806
30807,1600589
30808,164152085
30809,113092676
30810,212893194
30812,344537
30813,128611213
30814,132335743
30815,338396674
30816,338601332
30817,498864156
30818,86668990
30820,217816974
30821,267790161
30822,90429184
30823,188062881
30824,514281776
30828,351508914
30830,931628159
30833,176696530
30901,53164580
30903,439879
30904,26821756
30905,36228403
30906,218872038
30907,62128915
30909,67410760
30912,382256
31001,453620256
31002,299337723
31003,11977905
31005,49785232
31006,470094999
31007,161195038
31008,180807886
31009,185151266
31011,128380387
31012,140900639
31014,546469950
31015,563857999
31016,236088075
31017,243269677
31018,236814482
31019,141124340
31020,278413265
31021,620173526
31022,112114287
31023,734677378
31024,869857241
31025,163733247
31027,456362242
31028,9199838
31029,666243429
31030,450850898
31031,345140141
31032,392774449
31033,192309224
31035,133955295
31036,653188724
31037,153433268
31038,240352317
31039,7360503
31041,141575482
31042,251022847
31044,448523960
31045,9403779
31046,193739816
31047,186188649
31049,252464506
31050,56920061
31051,4895726
31052,181997416
31054,131452917
31055,348666577
31057,225124621
31058,257772861
31060,263634561
31061,612813061
31062,691861
31063,295839749
31064,653730748
31065,166957292
31066,176307161
31067,9001376
31068,232664995
31069,249809400
31070,131555587
31071,143291463
31072,196075843
31075,141364353
31076,310469232
31077,245860493
31078,273514751
31079,289722699
31081,91660556
31082,582536250
31083,5314207
31084,686810
31085,115230346
31087,1201184947
31088,81408958
31089,397300110
31090,377212485
31091,224819004
31092,485928488
31093,50861757
31094,279569499
31096,442376780
31097,138532926
31098,47457316
31201,27688146
31204,37933534
31206,72276318
31207,447811
31210,107047912
31211,127410517
31213,26043
31216,142661500
31217,255827093
31220,123016594
31301,30626807
31302,115579051
31303,210820777
31304,5927781
31305,110196552
31307,9839656
31308,222513391
31309,67500369
31312,413895378
31313,174229229
31314,24448215
31315,30975277
31316,749175210
31318,3518203
31320,303448318
31321,359177527
31322,75504933
31323,326823372
31324,331993523
31326,181470914
31327,101082948
31328,14386616
31329,274210765
31331,779617302
31401,12459285
31404,38828511
31405,78882646
31406,67165117
31407,74433177
31408,63368907
31409,17232520
31410,51276100
31411,54869758
31415,15795432
31419,166520027
31501,34171834
31503,859014833
31510,585401903
31512,206348045
31513,858749196
31516,422119469
31518,120556841
31519,347038300
31520,43578853
31522,140008355
31523,479242103
31524,4389269
31525,254385047
31527,45645099
31532,133017817
31533,173509265
31535,260372088
31537,756455971
31539,699390440
31542,265868547
31543,323302884
31544,262617211
31545,256518777
31546,440120252
31547,6522812
31548,147046950
31549,290216044
31550,132238123
31551,185407866
31552,221858172
31553,444077343
31554,541425808
31555,382103535
31556,1277103
31557,285647451
31558,196790962
31560,354543330
31561,12222671
31562,278307378
31563,288475452
31565,341838237
31566,163992169
31567,109559553
31568,334503414
31569,173936094
31601,399004619
31602,105626088
31605,138337222
31606,114163751
31620,323575353
31622,286903353
31623,2302040
31624,205663744
31625,155235379
31626,370146056
31627,2272476
31629,112934807
31630,234141275
31631,320192479
31632,288071926
31634,735935997
31635,309636842
31636,512278385
31637,204830394
31638,69960371
31639,572329914
31641,216458148
31642,479817800
31643,680538052
31645,130427912
31647,116751367
31648,11942657
31649,127600608
31650,264115569
31698,217408
31699,1388874
31701,70027364
31705,398502705
31707,48575450
31709,329078475
31711,152227315
31712,127138603
31714,486334333
31716,209493275
31719,243681721
31720,12003570
31721,552032931
31722,1953839
31730,654947720
31733,147888068
31735,56359074
31738,161533111
31743,140375038
31744,317752441
31747,2048725
31749,152425944
31750,729231258
31756,101298511
31757,220465406
31763,654384044
31764,203810501
31765,219405587
31768,392082496
31771,279969421
31772,163090407
31773,219361304
31774,434197506
31775,118361689
31778,274561312
31779,365776338
31780,258455256
31781,70580753
31783,256929587
31784,86806688
31787,228534332
31788,333256591
31789,166003639
31790,167644370
31791,491787759
31792,546161064
31793,259521787
31794,293667245
31795,128334943
31796,157703280
31798,200931196
31801,223809490
31803,732377570
31804,136271110
31805,183433078
31806,425885656
31807,30109401
31808,134602749
31810,32561031
31811,338291695
31812,217498596
31814,42987210
31815,644662363
31816,102738516
31820,103530145
31821,235109753
31822,297021398
31823,22103852
31824,291547298
31825,341257457
31826,135398020
31827,391678196
31829,30248762
31830,140780219
31831,172471408
31832,63993900
31833,254082605
31836,214398995
31901,11516371
31903,25940084
31904,74684032
31905,99833882
31906,17807936
31907,59606471
31909,47295680
32003,41020989
32008,357486436
32009,222833929
32011,449336769
32024,370365171
32025,252296189
32026,1684889
32033,199453880
32034,146830692
32038,277833083
32040,315302078
32043,525051882
32044,60371318
32046,499943421
32052,716138425
32053,319017504
32054,554436112
32055,485808717
32058,186872434
32059,306502734
32060,1025745036
32061,56984042
32062,159754387
32063,264702449
32064,20072870
32065,44560734
32066,717173055
32068,261824324
32071,273542376
32072,69444427
32073,42701270
32079,1275381
32080,40257158
32081,98807039
32082,86249441
32083,103858571
32084,123312287
32086,170351782
32087,349778634
32091,345554276
32092,326157404
32094,149909337
32095,128977189
32096,420640437
32097,344088529
32102,163041652
32110,685397613
32112,137561983
32113,211600892
32114,43789387
32117,29276505
32118,10970346
32119,20367227
32124,116872792
32127,40990883
32128,86544061
32129,19255624
32130,239246352
32131,87149130
32132,19434071
32133,914496
32134,622812887
32136,48544065
32137,152937285
32139,31462796
32140,71169941
32141,60915069
32145,239352146
32147,44173471
32148,219342563
32157,4082091
32159,82250343
32162,60161570
32164,86254398
32168,425162650
32169,37931152
32174,320167824
32176,13626630
32177,617905000
32179,178493284
32180,277365187
32181,64908905
32187,61572004
32189,63226981
32190,81988138
32193,20503377
32195,54853743
32202,5141829
32204,7032162
32205,19656853
32206,15967357
32207,29862187
32208,30100671
32209,24184171
32210,52214595
32211,21418440
32212,13707152
32216,32593224
32217,13681676
32218,250588692
32219,138411282
32220,159064644
32221,92978535
32222,29947153
32223,29855015
32224,54809279
32225,68486281
32226,221828921
32227,2863206
32228,335197
32233,26428110
32234,335368077
32244,61070573
32246,48842659
32250,22288526
32254,32111984
32256,164533554
32257,31716073
32258,48382131
32259,141820763
32266,6053034
32277,18550805
32301,26777308
32303,91989186
32304,40570316
32305,232175318
32308,38240130
32309,287726973
32310,273181923
32311,119119874
32312,270043412
32317,99482599
32320,103354869
32321,1053250827
32322,186140987
32323,20007195
32324,181180659
32327,598795642
32328,290278224
32330,8724191
32331,754878808
32332,11618976
32333,274312967
32334,428174924
32336,469069174
32340,604741754
32343,68577557
32344,1333635430
32346,85604244
32347,273984174
32348,825145657
32350,132632328
32351,542777581
32352,250213352
32355,8862077
32356,101155020
32358,405358434
32359,405473398
32361,5938266
32399,642706
32401,27709097
32403,114529713
32404,333921517
32405,49223554
32407,35945239
32408,27344524
32409,195896581
32410,51943642
32413,189044437
32420,135630451
32421,355421523
32423,169422143
32424,405480168
32425,695024721
32426,125635419
32427,120410780
32428,728651688
32430,215258365
32431,275037435
32432,334786
32433,671172521
32435,334770274
32437,91121809
32438,162765131
32439,266172976
32440,270600943
32442,242522004
32443,152833116
32444,24270234
32445,67444077
32446,421904100
32447,1006507
32448,479644461
32449,129484864
32455,600989364
32456,212410390
32459,141807415
32460,192021203
32461,1547501
32462,397841946
32463,217986
32464,441262967
32465,612332212
32466,293975136
32501,9855035
32502,5964344
32503,31881217
32504,27716223
32505,35098012
32506,84080300
32507,65255083
32508,20944395
32509,3309352
32511,629101
32514,50742857
32526,150652163
32530,127323
32531,563101185
32533,194015090
32534,25166961
32535,185665312
32536,120428483
32539,315005168
32541,30091209
32542,42032634
32544,24600661
32547,90500420
32548,33535204
32550,17393512
32561,31177869
32563,43068192
32564,236175922
32565,598365809
32566,104222701
32567,361592264
32568,404171385
32569,10469498
32570,827666397
32571,269388715
32577,171972415
32578,62363444
32579,11312676
32580,32409620
32583,374249849
32601,11769224
32603,3541529
32605,25893687
32606,44242810
32607,30662412
32608,100959409
32609,290872617
32612,2114531
32615,358919964
32616,1661792
32617,76530546
32618,235439728
32619,306165316
32621,190027814
32622,157575552
32625,219469491
32626,528758426
32628,268151930
32631,4819528
32639,147293113
32640,541191217
32641,128513151
32643,303495713
32648,155568916
32653,101343821
32656,146654662
32658,7773425
32664,3668140
32666,142442785
32667,241080628
32668,314560439
32669,268165175
32680,647180456
32681,953631
32683,21233940
32686,191468351
32692,13443159
32693,532138708
32694,69258729
32696,380398577
32697,1188635
32701,14558580
32702,147336037
32703,131699587
32707,25148937
32708,47755687
32709,302193245
32712,154639029
32713,53552528
32714,22168488
32720,162673880
32724,245392382
32725,59341253
32726,31654403
32730,3078322
32732,145256048
32735,9816403
32736,272995274
32738,66843722
32744,34791258
32746,56910053
32750,26723817
32751,18216908
32754,358417055
32757,94230974
32759,105953979
32763,43520894
32764,235556937
32765,101400214
32766,113530184
32767,163777468
32771,93946814
32773,71640081
32776,111752599
32778,65004186
32779,48894321
32780,165173229
32784,237481821
32789,20169730
32792,31775385
32796,37940549
32798,7995633
32801,5938202
32803,18005752
32804,18994456
32805,17223767
32806,17227379
32807,20925735
32808,31052281
32809,26827872
32810,23955589
32811,21372057
32812,22330655
32814,3378707
32817,29061330
32818,29951368
32819,53415997
32820,39041389
32821,28876429
32822,35304578
32824,79593241
32825,74441472
32826,24857333
32827,60492831
32828,54414122
32829,25267147
32830,52862191
32831,25482955
32832,145549602
32833,90266398
32835,24242207
32836,40219417
32837,58018076
32839,19391311
32901,32530430
32903,9569221
32904,49656020
32905,24599248
32907,45965323
32908,49926913
32909,112481677
32920,10080166
32922,14236179
32925,8018169
32926,131297869
32927,56851709
32931,13468120
32934,62807011
32935,33372354
32937,17374189
32940,336894431
32948,685327080
32949,42158035
32950,46247290
32951,21071352
32952,32053895
32953,83547959
32955,57265987
32958,72291906
32960,29433113
32962,31741410
32963,44980199
32966,753400519
32967,107874855
32968,68110130
32970,2841683
32976,66445670
33001,5057167
33004,14800799
33009,13192342
33010,11178672
33012,15174211
33013,9874442
33014,15983664
33015,15127209
33016,11357895
33018,50921602
33019,10108514
33020,15675822
33021,22551032
33023,24959687
33024,27767567
33025,27479793
33026,11757225
33027,34541104
33028,14891578
33029,44930435
33030,47581420
33031,55296928
33032,48755284
33033,43602418
33034,724538637
33035,53815367
33036,15218582
33037,87575838
33039,785623
33040,47953629
33042,66082771
33043,38421908
33050,23541897
33051,1131214
33054,22711268
33055,15552701
33056,15742930
33060,18212055
33062,9848639
33063,22817984
33064,27106305
33065,21475417
33066,7917467
33067,26814587
33068,15334588
33069,24289334
33070,11306286
33071,19355122
33073,20667501
33076,27487039
33101,17695
33109,812544
33122,15377174
33125,10113754
33126,13004239
33127,8551013
33128,1028395
33129,3498322
33130,2855697
33131,1052836
33132,4510346
33133,10825879
33134,13509122
33135,5584845
33136,3696661
33137,5239973
33138,10923750
33139,6980410
33140,7900932
33141,6016169
33142,18328254
33143,20449890
33144,8037741
33145,6572162
33146,8087722
33147,18789408
33149,12195420
33150,9049228
33154,4571592
33155,19121893
33156,35170549
33157,38362611
33158,7232391
33160,11000846
33161,14158848
33162,13445608
33165,19758732
33166,24761875
33167,10730644
33168,9538160
33169,17866737
33170,34112089
33172,17059939
33173,13131311
33174,8015580
33175,19912487
33176,31846496
33177,32467777
33178,146007586
33179,13147577
33180,8818369
33181,8326505
33182,39896327
33183,14946109
33184,6317348
33185,11874957
33186,32680826
33187,102546166
33189,14388694
33190,4607661
33193,19517408
33194,230029123
33196,63412891
33301,6440086
33304,8228096
33305,5657181
33306,2191197
33308,11779390
33309,24769290
33311,26799159
33312,28782596
33313,16658682
33314,21685903
33315,13555411
33316,12746539
33317,24859472
33319,18026006
33321,21300837
33322,14083908
33323,15524481
33324,23579016
33325,24312779
33326,23291347
33327,29069967
33328,24345091
33330,26581702
33331,32119510
33332,79003802
33334,12397382
33351,14341874
33401,13472508
33403,8322110
33404,19394263
33405,11600413
33406,22425496
33407,25072220
33408,17635675
33409,16028252
33410,29173997
33411,108195368
33412,120485163
33413,18620853
33414,72267300
33415,19118698
33417,17233942
33418,120070078
33426,15920723
33428,23245824
33430,294581824
33431,22949489
33432,11932682
33433,24578945
33434,17369093
33435,16606827
33436,30378911
33437,28030501
33438,54635382
33440,1703753442
33441,12370140
33442,17299860
33444,13010573
33445,20882266
33446,55276614
33449,48054751
33455,126969031
33458,55984964
33460,12057919
33461,18657872
33462,22447086
33463,27861508
33467,47706582
33469,29597659
33470,202827452
33471,686839638
33472,33603574
33473,18377291
33476,68040196
33477,16195608
33478,138442133
33480,10274757
33483,10050616
33484,15891701
33486,13987889
33487,16666351
33493,161009603
33496,23853036
33498,19167814
33503,1673642
33510,19296389
33511,41183547
33513,234306249
33514,140079782
33521,4907929
33523,306738227
33525,300244342
33527,80513873
33534,32070648
33538,250276704
33540,90760097
33541,63769873
33542,27049391
33543,53243898
33544,88873931
33545,76365405
33547,374303051
33548,20247218
33549,30595433
33556,94950451
33558,44989963
33559,32743488
33563,38241945
33565,226799061
33566,59436629
33567,109109526
33569,37612563
33570,102279062
33572,40347184
33573,45707303
33576,41075671
33578,55790746
33579,55253437
33584,55497842
33585,44468912
33592,126920455
33594,26817980
33596,30197471
33597,342293991
33598,280304598
33602,6600741
33603,10714787
33604,19285482
33605,20266173
33606,8500773
33607,23454469
33609,11354628
33610,46240085
33611,16521478
33612,26469411
33613,19023089
33614,25311233
33615,22320190
33616,9845231
33617,22262229
33618,22455163
33619,68790841
33620,2296953
33621,21574279
33624,23261737
33625,23681802
33626,35479858
33629,12468121
33634,21250359
33635,14673014
33637,20112679
33647,87887452
33701,6908849
33702,25842099
33703,13021219
33704,8922251
33705,15687639
33706,9470971
33707,13640579
33708,8843649
33709,13307802
33710,20555556
33711,12346872
33712,15130966
33713,16972091
33714,9598749
33715,9526020
33716,18958152
33744,1494043
33755,13963378
33756,18725640
33759,14018251
33760,13206843
33761,13780977
33762,18951465
33763,9027048
33764,17302460
33765,10625744
33767,5151079
33770,13423883
33771,15228405
33772,13454576
33773,12940966
33774,11903308
33776,8930500
33777,14806919
33778,9663839
33781,17258684
33782,13934295
33785,3052462
33786,1392522
33801,49473646
33803,40354212
33805,69590868
33809,228863748
33810,145196342
33811,72040710
33812,25331891
33813,39949518
33815,19204479
33823,80539593
33825,326743257
33827,77993585
33830,329668480
33834,466107491
33837,133041582
33838,15175941
33839,7451243
33841,411998498
33843,263146144
33844,259142464
33847,2795748
33848,34129697
33849,57967503
33850,47651653
33851,4908774
33852,864260648
33853,21147653
33854,365042
33855,1711184
33856,284442
33857,478199442
33859,116608836
33860,302598108
33865,448466321
33867,11328480
33868,431394807
33870,143357736
33872,50300265
33873,308998030
33875,194869946
33876,88695095
33877,5928235
33880,110910917
33881,56577278
33884,51744108
33890,624928080
33896,29892670
33897,91496728
33898,789725392
33901,16137234
33903,32550448
33904,25188653
33905,108128929
33907,18188733
33908,83744521
33909,46740305
33912,55139539
33913,260630999
33914,57690342
33916,26524969
33917,143225767
33919,23301478
33920,158885154
33921,7172271
33922,42141427
33924,18544719
33928,185379493
33930,302576526
33931,28298345
33935,882835636
33936,51076744
33944,141163108
33945,345340
33946,23651545
33947,37504849
33948,33623494
33950,58190132
33952,28595933
33953,41869991
33954,22003280
33955,140124365
33956,42335300
33957,42022012
33960,557599302
33965,4171925
33966,22720663
33967,19712788
33971,43602184
33972,64822229
33973,10305869
33974,58947800
33976,23994359
33980,23854224
33981,62875876
33982,1135608168
33983,27591287
33990,24318735
33991,36633993
33993,158140482
34101,9594089
34102,14656511
34103,8908444
34104,25799233
34105,25740428
34108,20112569
34109,32553820
34110,40319816
34112,41646716
34113,72776715
34114,522945034
34116,24758325
34117,184121906
34119,58286839
34120,388034787
34134,29861714
34135,93685574
34137,25503046
34138,1724912
34139,8886262
34140,3446853
34141,2899160742
34142,1525813455
34145,42222059
34201,8861678
34202,60998962
34203,40811127
34205,16797534
34207,16117598
34208,41901002
34209,32616491
34210,23294139
34211,93875238
34212,52264666
34215,1142639
34216,1988869
34217,5676270
34219,367911755
34221,142983949
34222,13613269
34223,74548141
34224,33565511
34228,10562362
34229,15554762
34231,24429965
34232,28486292
34233,15929273
34234,17351409
34235,17039832
34236,9134820
34237,10117485
34238,34283673
34239,11553024
34240,176935879
34241,178369517
34242,9260348
34243,45245745
34251,760441921
34266,1679496899
34268,356042
34269,139809751
34275,67483012
34285,21382393
34286,38484791
34287,40409633
34288,50087581
34289,8657246
34291,34258811
34292,77329840
34293,118212725
34420,65145451
34428,176016961
34429,104673615
34431,283101452
34432,280166267
34433,86572046
34434,63563274
34436,146462183
34442,113496148
34445,155863
34446,80869113
34448,188792041
34449,265853261
34450,66797199
34452,89678887
34453,53141718
34461,124673977
34465,64758684
34470,30127185
34471,51117795
34472,95061811
34473,99189101
34474,51151026
34475,75888945
34476,96474611
34479,45073548
34480,87326927
34481,171566244
34482,235829519
34484,84943416
34488,248517447
34491,111884648
34498,19390565
34601,315333908
34602,172754014
34604,91866862
34606,30157647
34607,66505980
34608,39711700
34609,57606045
34610,174803145
34613,138591524
34614,195458826
34637,36365478
34638,123754778
34639,69369392
34652,22149174
34653,27974637
34654,69859139
34655,120753893
34661,6918103
34667,83592049
34668,40210113
34669,50427191
34677,25716720
34679,342014
34681,1460167
34683,27292851
34684,16974334
34685,33734479
34688,40148333
34689,27511613
34690,9669715
34691,21176775
34695,13724606
34698,26454005
34705,46074421
34711,108825271
34714,280578229
34715,86891404
34731,44297383
34734,5774039
34736,327295156
34737,50852066
34739,904767757
34741,38687208
34743,17931944
34744,86194197
34746,110768423
34747,114710133
34748,112486113
34753,14104802
34756,22586220
34758,85155562
34759,190174467
34760,1350006
34761,40927648
34762,23664843
34769,23601924
34771,215583228
34772,250387158
34773,973351056
34785,197484706
34786,50418042
34787,178922448
34788,94874131
34797,12192596
34945,633063166
34946,37882848
34947,24934307
34949,24312828
34950,13266541
34951,64177164
34952,60290145
34953,61650220
34956,539121284
34957,42600243
34972,2356548099
34974,1040217479
34981,26743874
34982,43549116
34983,38734606
34984,25340543
34986,50408763
34987,265070549
34990,239589060
34994,17354582
34996,17146681
34997,254567327
35004,46804278
35005,89054221
35006,258556530
35007,96824279
35010,563573282
35013,73356
35014,247392328
35016,192547545
35019,77416539
35020,49321504
35022,169920725
35023,233970576
35031,335383260
35032,414688
35033,196364649
35034,277838182
35035,184085351
35036,2135745
35040,197916047
35042,389488176
35043,118846248
35044,149427900
35045,308435231
35046,348548219
35049,109368191
35051,280236506
35052,946021
35053,124093718
35054,67699499
35055,165881715
35057,328389007
35058,177973567
35060,6824453
35061,5244014
35062,116105960
35063,101382776
35064,10600774
35068,36173690
35070,3595944
35071,147909588
35072,490653104
35073,68648882
35074,145226
35077,389813303
35078,112761063
35079,274773016
35080,113005238
35082,20885344
35083,94492021
35085,269753744
35087,58091800
35089,178437216
35091,16991774
35094,149340093
35096,204271521
35097,20394884
35098,78289352
35111,166247450
35112,6372904
35114,32117524
35115,323110297
35116,57603553
35117,69061542
35118,96306270
35119,732148
35120,174848117
35121,373289202
35124,107642021
35125,122986939
35126,150917838
35127,25473467
35128,165792362
35130,174086996
35131,233020208
35133,125073541
35135,17135551
35136,559808719
35139,3054389
35143,109603708
35146,276407808
35147,176256254
35148,15982373
35149,14357505
35150,163140149
35151,439817681
35160,879696877
35171,76289145
35172,74661004
35173,164363794
35175,164945631
35176,27382134
35178,147603076
35179,241794328
35180,230047293
35183,174879665
35184,366705050
35186,144179429
35187,53082
35188,59479074
35203,5232102
35204,12581691
35205,9372904
35206,26505668
35207,26844365
35208,9135718
35209,24257999
35210,65545891
35211,45847395
35212,15157492
35213,16474412
35214,69087730
35215,73837698
35216,36294016
35217,46717734
35218,6782691
35221,9544475
35222,9664243
35223,21295116
35224,40641662
35226,46285958
35228,11257755
35229,450323
35233,4350477
35234,9225060
35235,36336733
35242,136993695
35243,31424691
35244,56180054
35254,1107713
35401,122634376
35404,43430774
35405,123149051
35406,219903966
35441,172852954
35442,610104886
35443,490676402
35444,385623263
35446,157481793
35447,374163960
35452,134672554
35453,240893902
35456,219372817
35457,17321392
35458,66208332
35459,353862306
35460,251508647
35461,321354578
35462,810541272
35463,158141489
35464,85161388
35466,676096504
35469,48147627
35470,688151533
35473,64946816
35474,519599501
35475,556526733
35476,14232246
35477,88145607
35480,176694228
35481,306960945
35490,174091393
35501,129293286
35503,206429305
35504,250893324
35540,190976780
35541,173730049
35542,142124634
35543,96832570
35544,185883645
35545,3328276
35546,572816428
35548,168550452
35549,299785109
35550,170441579
35552,154436806
35553,368900616
35554,133631586
35555,819497168
35559,1698657
35563,268925180
35564,174185296
35565,719645167
35570,618962719
35571,162276862
35572,193118300
35574,261871188
35575,96379275
35576,450703971
35577,9825850
35578,308993341
35579,365939334
35580,203135428
35581,315776504
35582,230302446
35584,1547791
35585,102662677
35586,472581696
35587,136911419
35592,323019739
35593,304662557
35594,374268902
35601,73092105
35603,182768819
35610,125224713
35611,295373906
35613,199188289
35614,164708519
35615,1814967
35616,546414874
35618,119136760
35619,337059629
35620,281938837
35621,118744932
35622,250479262
35630,66473855
35633,541185471
35634,159725817
35640,284504198
35643,208958666
35645,223477196
35646,242596061
35647,61105344
35648,150483986
35649,5742390
35650,548023516
35651,139117839
35652,216648861
35653,371337832
35654,368186207
35660,17046869
35661,145371720
35670,263856991
35671,136469734
35672,342373931
35673,113485747
35674,491598183
35677,283731555
35739,70242820
35740,92674395
35741,60949208
35744,85896683
35745,173685367
35746,150352942
35747,193019011
35748,209719136
35749,104931617
35750,164558821
35751,74345010
35752,121014949
35754,112602535
35755,44373368
35756,198339862
35757,31130192
35758,69610902
35759,42088973
35760,137068454
35761,301915589
35763,108873986
35764,86067500
35765,182554547
35766,92766292
35768,438437311
35769,162209492
35771,158273552
35772,445929528
35773,188295090
35774,36655361
35775,41276171
35776,234072371
35801,36524049
35802,47022612
35803,123135030
35805,23689114
35806,60289635
35808,149504200
35810,74602591
35811,119767899
35816,13730180
35824,33057994
35896,651817
35901,154145705
35903,174487225
35904,119584347
35905,107646235
35906,90840015
35907,57666809
35950,115452118
35951,188638732
35952,283951060
35953,295518268
35954,271493024
35956,190956824
35957,206099756
35958,136436319
35959,161270323
35960,370387323
35961,331253664
35962,203800436
35963,71858368
35966,216106443
35967,323640503
35968,138876545
35971,146930367
35972,63141925
35973,296425297
35974,34044751
35975,88673372
35976,331323800
35978,174411887
35979,27113588
35980,143353506
35981,60014041
35983,129781649
35984,167358540
35986,116855315
35987,153773623
35988,31897213
35989,157201290
35990,198483
36003,241940955
36005,365539579
36006,185063347
36009,389008882
36010,328080329
36013,45010552
36016,624919697
36017,161247780
36020,26128765
36022,234857815
36024,232892792
36025,37271623
36026,190891140
36027,748491093
36028,333882400
36029,264883980
36030,176676588
36031,26835569
36032,287753376
36033,607624491
36034,150768643
36035,282266132
36036,270648013
36037,933866752
36038,6125160
36039,98507549
36040,401304259
36041,137560607
36042,210770268
36043,266571541
36046,177862289
36047,286340360
36048,273421224
36049,413962623
36051,131537861
36052,161942514
36053,752594342
36054,63116884
36064,209367236
36066,51643130
36067,619583984
36069,385822411
36071,121637057
36075,236753519
36078,446319703
36079,515808997
36080,140201053
36081,562877814
36082,986533
36083,659539366
36088,8698196
36089,851854690
36091,212038095
36092,338734679
36093,211078173
36104,34944445
36105,190068575
36106,15794850
36107,8368497
36108,180263142
36109,29994043
36110,76574148
36111,11135131
36112,903675
36113,7522538
36115,1536424
36116,145289868
36117,140629921
36201,96509973
36203,99136398
36205,11147930
36206,41436755
36207,191177982
36250,45703792
36251,374373786
36255,177632549
36256,245650947
36258,291664926
36260,70339995
36262,231864437
36263,63745563
36264,610671324
36265,257693302
36266,463387974
36267,3530687
36268,243122299
36269,115727597
36271,212569834
36272,873154954
36273,135071787
36274,473099091
36276,347455652
36277,21710920
36278,344302439
36279,76824926
36280,319930856
36301,231145673
36303,162727091
36305,82188534
36310,558170297
36311,310146027
36312,199670741
36313,10156876
36314,61102403
36316,129503747
36317,105181164
36318,125530716
36319,259512550
36320,170642880
36321,17906324
36322,161771944
36323,599088075
36330,311153616
36340,122928824
36343,260678930
36344,333125172
36345,318638558
36346,130052118
36350,165843811
36351,210096909
36352,183751742
36353,249818361
36360,468373214
36362,76234797
36370,73161344
36371,30099349
36373,160982373
36374,140392088
36375,315379780
36376,58493201
36401,1183734789
36420,688761522
36421,535791884
36425,388857474
36426,1258842225
36432,369608389
36435,112646643
36436,86077416
36439,3868966
36441,152084154
36442,528573085
36444,273933624
36445,398989362
36446,11673841
36451,496716238
36453,240026868
36454,3670520
36455,1392967
36456,321003931
36460,357989083
36467,428733597
36470,91687301
36471,257057208
36473,15817601
36474,475358281
36475,425916552
36476,3142612
36477,438432823
36480,419796857
36481,150228047
36482,319227657
36483,268036381
36502,850540783
36505,55844608
36507,867263648
36509,16940793
36511,12102992
36512,14158131
36513,37537763
36518,350102881
36521,374100519
36522,570051543
36523,99123429
36524,433081966
36525,43427682
36526,96957945
36527,106273618
36528,16266665
36529,156579945
36530,250412146
36532,190767275
36535,236771248
36538,89259795
36539,184606067
36540,114484019
36541,247630174
36542,136069363
36543,756597
36544,103830590
36545,1029785342
36548,89614989
36549,72302984
36550,139669275
36551,168853286
36553,285522248
36555,2183805
36556,18574698
36558,633953848
36559,916736
36560,181725737
36561,41988808
36562,115502375
36564,789712
36567,591779888
36568,2325646
36569,160142027
36571,118187646
36572,24029661
36574,36289885
36575,108779122
36576,50341643
36578,79026260
36579,340031476
36580,139259891
36581,133913570
36582,207981143
36583,166242330
36584,178126579
36585,214887530
36587,315749511
36590,9010
36602,2362175
36603,16778008
36604,6842902
36605,47257787
36606,16979866
36607,8276172
36608,162023735
36609,18234829
36610,20727675
36611,12305347
36612,7263478
36613,132731812
36615,7511080
36616,18103
36617,12294215
36618,41773292
36619,44463563
36688,1387917
36693,32636324
36695,123686963
36701,672834448
36703,312807408
36720,129232209
36722,83422022
36723,15561996
36726,679361168
36727,158986015
36728,234200134
36732,331455843
36736,106450824
36738,187103044
36740,189665318
36742,294597240
36744,593208344
36748,397045818
36749,160351793
36750,296154575
36751,242911383
36752,387198794
36753,31727536
36754,105277246
36756,1072738410
36758,226475516
36759,496482124
36761,666825549
36763,52237383
36765,190437655
36766,20196275
36767,305058606
36768,624148858
36769,379477935
36773,252195966
36775,240380440
36776,210519519
36782,523940569
36783,304540928
36784,701186626
36785,327303769
36786,356603867
36790,13043965
36792,145723868
36793,196129898
36801,185377537
36804,500067724
36830,258086012
36832,183545121
36849,1003510
36850,382580617
36852,91013209
36853,469837422
36854,152490360
36855,186498948
36856,85770410
36858,140950244
36859,13656107
36860,394278495
36861,127839233
36862,620840507
36863,227784583
36865,261055
36866,230925732
36867,33661392
36869,193965909
36870,62828049
36871,381678747
36874,288438065
36875,363000920
36877,106859147
36879,227950380
36901,27909202
36904,587941244
36907,322846601
36908,339906280
36910,14609215
36912,362347068
36913,24106870
36915,96228654
36916,77025699
36919,417700601
36921,259201208
36922,277561560
36925,352378367
37010,200307198
37012,90138833
37013,104055102
37014,63821722
37015,398158105
37016,70942669
37018,119757186
37019,43391819
37020,249303795
37022,221138191
37023,46941747
37025,156397718
37026,124943740
37027,142306314
37028,41607159
37029,127024221
37030,164299115
37031,103909018
37032,208999478
37033,654647454
37034,185509941
37035,78014647
37036,252136649
37037,192000526
37040,239337333
37042,157901380
37043,290542964
37046,181044988
37047,157622024
37048,113960435
37049,68788926
37050,131418665
37051,202940037
37052,97462956
37055,525886850
37057,79670164
37058,465920628
37059,67840086
37060,99480429
37061,249231239
37062,176760024
37064,462521559
37066,296710135
37067,81409319
37069,95765654
37072,201695527
37073,131342621
37074,265346308
37075,153805535
37076,70706477
37078,245981738
37079,199148358
37080,126760187
37082,113172655
37083,380053348
37085,145604932
37086,67259648
37087,430175858
37090,421929398
37091,536353094
37095,190939726
37096,767930027
37097,278412399
37098,155603309
37101,518218629
37110,957399244
37115,55089556
37118,88166326
37122,289993961
37127,125269401
37128,139678481
37129,211410968
37130,135589828
37132,1315281
37134,101202941
37135,97110741
37137,218510120
37138,45970949
37140,67502015
37141,54960431
37142,94741253
37143,71597603
37144,337495837
37145,181552150
37146,78208848
37148,353992918
37149,169015081
37150,276940661
37151,46544323
37153,149338500
37160,594475954
37165,655681
37166,400987698
37167,149038537
37171,55976250
37172,468678769
37174,177666090
37175,199435573
37178,117316945
37179,138404035
37180,82032117
37181,121577749
37183,206217548
37184,302980071
37185,599079900
37186,272218651
37187,186331922
37188,78005481
37189,66290306
37190,379614721
37191,107530274
37201,791650
37203,10863035
37204,19164046
37205,37601758
37206,20006051
37207,49232990
37208,11955364
37209,94204875
37210,23946488
37211,55372445
37212,7183731
37213,1875611
37214,65060328
37215,40447609
37216,17488178
37217,37375349
37218,102059544
37219,550250
37220,19278085
37221,133834815
37228,3825133
37240,42119
37243,40241
37246,61644
37301,139747483
37302,42500515
37303,386441185
37305,51391706
37306,307774022
37307,134005053
37308,94949245
37309,98341326
37310,109246728
37311,139652080
37312,154905292
37313,88117553
37315,297862
37317,195087862
37318,31062786
37321,292785639
37322,343392271
37323,309431926
37324,186539049
37325,71831352
37326,5061273
37327,523670648
37328,77855234
37329,149941950
37330,93358884
37331,107662926
37332,168745816
37333,29587675
37334,659159145
37335,121055690
37336,112435557
37337,162966546
37338,194992071
37339,90883392
37340,32178884
37341,81298999
37342,199740836
37343,108923239
37345,148747573
37347,125507488
37348,93213864
37350,3755576
37351,1185510
37352,128409523
37353,95457625
37354,298747757
37355,562929724
37356,62629599
37357,363927352
37359,93640107
37360,72315553
37361,47586683
37362,196557671
37363,190262960
37365,117259415
37366,116023358
37367,801797599
37369,286559278
37370,163495478
37373,107106291
37374,209164120
37375,169843505
37376,216840918
37377,193258354
37379,273656902
37380,339220489
37381,360520206
37385,636955049
37387,94629800
37388,239790084
37391,66494377
37394,301124
37396,10109622
37397,422522705
37398,272126933
37402,3922827
37403,4434116
37404,12762322
37405,143816156
37406,31750398
37407,9064036
37408,4963825
37409,11373125
37410,7633839
37411,22457032
37412,22627632
37415,47092230
37416,29441430
37419,115735396
37421,78697599
37601,119594200
37604,87514314
37614,817842
37615,94210970
37616,116079058
37617,152969521
37618,178565581
37620,330022838
37640,273601307
37641,236750218
37642,151078981
37643,333072671
37645,15661912
37650,256506301
37656,79970303
37657,96045606
37658,145902053
37659,333624637
37660,171523504
37663,68709213
37664,84488433
37665,8035047
37680,69376355
37681,173916964
37682,467115
37683,351949144
37686,76513783
37687,218357841
37688,140232774
37690,59865101
37691,40409401
37692,136175292
37694,33705036
37701,27434980
37705,112764411
37708,109472639
37709,113417611
37710,211715455
37711,142154782
37713,84425596
37714,205018103
37715,69374261
37716,218301606
37719,1722867
37721,127636066
37722,236995974
37723,142123650
37724,58817978
37725,247773818
37726,252966538
37727,291561214
37729,129484078
37730,632725
37731,124410623
37732,1813439
37733,11539461
37737,68277680
37738,543869258
37742,128903147
37743,571097332
37745,301637095
37748,264706906
37752,133599169
37753,77763809
37754,98065943
37755,114753931
37756,255510944
37757,72972780
37760,103571267
37762,35404955
37763,236002893
37764,89802950
37765,49930676
37766,396699429
37769,74519191
37770,308212584
37771,125661994
37772,101201499
37774,226531363
37777,85556715
37779,98953887
37801,180455237
37803,252624885
37804,90160741
37806,40385858
37807,205376544
37809,85606295
37810,86705272
37811,97168636
37813,150934396
37814,115625652
37818,118393803
37819,56664179
37820,169022287
37821,329633227
37825,224534290
37826,142329058
37828,8393205
37829,144945537
37830,219587258
37840,220732057
37841,448656595
37843,134552511
37845,2644101
37846,191920694
37847,342206407
37848,17501674
37849,102079164
37851,867360
37852,210693948
37853,40264868
37854,355513418
37857,613415853
37860,65991765
37861,258887996
37862,217610192
37863,47594317
37865,182976799
37866,136646819
37869,350042050
37870,216020209
37871,102914027
37872,247547686
37873,159462567
37874,263260592
37876,486723987
37877,66724412
37878,97866537
37879,451606677
37880,183912533
37881,184652021
37882,414127266
37885,435875440
37886,113639911
37887,238190800
37888,141291753
37890,87980943
37891,83304536
37892,195514565
37902,1206281
37909,18113966
37912,28064174
37914,103054455
37915,4855079
37916,3813014
37917,25491417
37918,90779556
37919,49383668
37920,187822284
37921,39660549
37922,70563293
37923,28981668
37924,71502227
37931,74244873
37932,74651537
37934,45237792
37938,83789395
38001,175584547
38002,301517808
38004,68204505
38006,261480113
38007,5181105
38008,383968620
38011,152633306
38012,699427654
38015,112474072
38016,49328573
38017,219487233
38018,47830924
38019,357320939
38021,1363883
38023,170704657
38024,366447647
38028,149932044
38029,135613
38030,334569881
38034,260514200
38036,1635567
38037,128442231
38039,169689443
38040,281865287
38041,260500706
38042,127940919
38044,107771435
38046,10583083
38047,2496585
38049,289032778
38050,5111821
38052,325249554
38053,456788817
38054,932361
38057,271531860
38058,68517446
38059,332188241
38060,114244516
38061,164787351
38063,789991950
38066,158690786
38067,167174203
38068,700290794
38069,340678653
38070,2704699
38075,345672735
38076,61760870
38077,82632
38079,274202342
38080,364797705
38103,6838998
38104,13204731
38105,4409422
38106,67101105
38107,13990291
38108,18145234
38109,173409301
38111,25635801
38112,11646508
38114,19544974
38115,22221031
38116,49234671
38117,24204159
38118,80817127
38119,22889049
38120,24990070
38122,19535040
38125,49421949
38126,4705401
38127,97284029
38128,61214567
38131,480155
38132,1773590
38133,32791034
38134,48198378
38135,33126010
38138,30722325
38139,22970248
38141,20224175
38152,133282
38201,366180007
38220,101130339
38221,280883641
38222,182787361
38224,145125158
38225,285758821
38226,61464515
38229,155549910
38230,222579099
38231,137099960
38232,132378154
38233,246524894
38235,19686994
38236,94634485
38237,337034257
38240,225130193
38241,170539326
38242,477745011
38251,231194532
38253,138083645
38254,1752802
38255,121772929
38256,151940531
38257,141521426
38258,70641561
38259,72297083
38260,170262402
38261,482839204
38301,427555869
38305,335199230
38310,295398429
38311,151279235
38313,188232900
38315,288802025
38316,165128729
38317,93493146
38318,107053227
38320,382277659
38321,246866491
38326,137892682
38327,7964484
38328,64701530
38329,280566791
38330,180406217
38332,139327035
38333,63973985
38334,122516609
38337,70043481
38339,47773626
38340,460546798
38341,356368557
38342,89291515
38343,358831716
38344,414404999
38345,129542538
38347,10504317
38348,131837000
38351,545492471
38352,49452428
38355,97205640
38356,186831225
38357,159619147
38358,213716832
38359,15114014
38361,105127988
38362,21582802
38363,236804363
38365,949238
38366,119291103
38367,202151697
38368,139832309
38369,100468106
38370,50505367
38371,110439972
38372,824447770
38374,114176968
38375,296597740
38376,10687184
38379,76040214
38380,105869355
38381,143235438
38382,450174580
38387,90392941
38388,194306027
38390,69815480
38391,159430048
38392,87675088
38401,778252552
38425,275471167
38449,147728500
38450,290392336
38451,209649012
38452,137555469
38453,40479763
38454,158333742
38455,1381583
38456,187953611
38457,70436031
38459,54443450
38460,86397040
38461,181336459
38462,513499258
38463,293054512
38464,723533526
38468,255209575
38469,175336541
38471,187122324
38472,257558185
38473,65719407
38474,281546690
38475,162706261
38476,108010651
38477,243565810
38478,676428760
38481,30370141
38482,111240538
38483,252714479
38485,701462845
38486,185130057
38487,126279759
38488,152421196
38501,230868390
38504,123257702
38505,344149
38506,420732586
38541,132124224
38542,8002523
38543,122670622
38544,214723899
38545,63929944
38547,84906067
38548,69677573
38549,190586366
38551,240393581
38552,16409026
38553,124077758
38554,83480276
38555,251148186
38556,825023804
38558,58889011
38559,50511238
38560,88025063
38562,355415271
38563,82094018
38564,73737232
38565,27702073
38567,56437024
38568,190567313
38569,40523818
38570,276723882
38571,585628168
38572,400756359
38573,169306095
38574,446945761
38575,107130352
38577,195192275
38578,1115528
38579,42520559
38580,90469677
38581,257375828
38582,119567429
38583,927732028
38585,429047818
38587,78876722
38588,238404578
38589,79509955
38601,248891603
38603,336853962
38606,684718327
38610,246812317
38611,484822459
38614,642278550
38617,144909302
38618,494468845
38619,355927160
38620,146502433
38621,165250255
38622,3103852
38623,29314883
38625,94885667
38626,417422882
38627,115570797
38629,130998078
38630,7960642
38631,11895732
38632,439713247
38633,259318894
38635,881252971
38637,41722280
38639,17858436
38641,189673216
38642,215326140
38643,431881374
38644,24121909
38645,142899358
38646,275120326
38647,147352405
38650,201985593
38651,85424617
38652,402029639
38654,245851381
38655,997374450
38658,91830238
38659,293993155
38661,82097955
38663,512174097
38664,238684935
38665,165971038
38666,352676960
38668,404173372
38670,223890465
38671,57600633
38672,33831817
38673,68153166
38674,96007602
38676,546820998
38677,1922996
38680,56397339
38683,357888009
38685,231489382
38701,214180454
38702,6294004
38703,423060553
38704,2851628
38720,127381293
38721,307613139
38722,82940959
38723,1329452
38725,339426198
38726,149330971
38730,127894098
38731,15036990
38732,205905196
38736,160231923
38737,336522188
38738,41335906
38740,174351171
38744,155948381
38745,49515953
38746,166111285
38748,701370027
38749,763452
38751,395582674
38753,209382633
38754,228754985
38756,448688656
38759,158962772
38760,14908942
38761,131957067
38762,175397129
38764,16259529
38765,44127526
38767,5671939
38768,24543453
38769,236754530
38771,147169883
38772,37729437
38773,382989474
38774,192991271
38778,180070163
38781,2566976
38801,195814250
38804,209560793
38821,369459257
38824,354010474
38826,80741046
38827,90812927
38828,219625887
38829,694314251
38833,135894866
38834,565900094
38838,122146015
38841,81215662
38843,511051876
38844,32914606
38846,97849404
38847,233100843
38848,194368009
38849,183297468
38850,318645463
38851,571836306
38852,518382156
38855,154835925
38856,158577275
38857,49080828
38858,328235267
38859,110712763
38860,338571071
38862,76655286
38863,731649608
38864,230670215
38865,291853234
38866,194382089
38868,192491317
38869,3494215
38870,167636508
38871,140037148
38873,218239104
38876,202037697
38878,210125908
38879,3063126
38901,620293683
38913,80771904
38914,122204463
38915,284097456
38916,467436699
38917,431998768
38920,146288249
38921,364854227
38922,559128190
38923,205558288
38924,268732617
38925,387024008
38927,159422535
38928,118531329
38929,200365186
38930,520947607
38940,385569255
38941,245849095
38943,69267842
38944,247048362
38945,45585655
38946,79088739
38947,6067955
38948,315324508
38949,42719780
38950,97059213
38951,152873032
38952,285851346
38953,114300114
38954,175964036
38957,55118792
38958,30271477
38961,145161958
38962,40049556
38963,270370827
38964,77403345
38965,636119969
38966,111172437
38967,482895369
39038,551189935
39039,369612682
39040,452423796
39041,334179998
39042,577763906
39044,363522584
39045,298706965
39046,799812163
39047,260056812
39051,1089065438
39054,10470560
39056,139202771
39057,167421555
39059,412453232
39061,7504881
39062,3830561
39063,251294069
39066,376850909
39067,271467346
39069,456627393
39071,306308251
39073,413428714
39074,704480654
39078,89384027
39079,172486232
39082,156000736
39083,853876783
39086,408153781
39088,126936744
39090,687106159
39092,277797092
39094,424373352
39095,869438558
39096,510750079
39097,144733141
39108,509763019
39110,192724099
39111,361651994
39113,28901978
39114,492581188
39115,18945827
39116,221689147
39117,684279379
39119,360594271
39120,1232303889
39140,253597270
39144,297742440
39145,339998011
39146,351688907
39149,211731883
39150,588395718
39152,154611344
39153,402114358
39154,291039805
39156,153271098
39157,79382530
39159,756956642
39160,371905112
39162,131571027
39166,160620288
39167,511179
39168,399397697
39169,395832043
39170,257595109
39174,2386633
39175,629196330
39176,330759459
39177,144710751
39179,210746650
39180,533731669
39183,659278188
39189,204290293
39191,570546088
39192,386421247
39193,3587313
39194,1172465660
39201,5665751
39202,9568415
39203,5869730
39204,35091442
39206,23277780
39208,130265819
39209,157556098
39211,31877875
39212,66627981
39213,74399956
39216,8762230
39217,40009
39218,46103793
39232,44935837
39269,11806
39272,57042969
39301,722542787
39305,282292285
39307,247170906
39309,1536056
39320,111529322
39322,190794896
39323,137169880
39325,284324743
39326,99980559
39327,268947232
39328,778036415
39330,342470636
39332,185047239
39335,301158893
39336,200927532
39337,166834119
39338,581359700
39339,987125506
39341,974494999
39342,6400969
39345,319519557
39346,203545033
39347,187247898
39348,102714557
39350,1068218124
39352,260052696
39354,330162295
39355,680530152
39356,135581325
39358,429701024
39359,3860538
39360,603480872
39361,377706525
39362,521419394
39363,61088271
39364,191678269
39365,486468562
39366,199422321
39367,1219672549
39401,496657328
39402,227361880
39406,709369
39421,168856113
39422,355904841
39423,250352894
39425,499000430
39426,455634369
39427,151379435
39428,469310771
39429,791069574
39437,434486660
39439,358228019
39440,51167687
39443,682168836
39451,700612631
39452,1461650793
39455,919333884
39456,272338758
39459,166730272
39461,116976422
39462,139965488
39464,240168399
39465,342162053
39466,368213266
39470,1134096968
39474,411266485
39475,434925508
39476,1045104423
39477,14273502
39478,191287036
39479,328159474
39480,139287761
39481,101466096
39482,510289480
39483,401338244
39501,35441959
39503,312574351
39507,20906174
39520,240283782
39525,27656931
39530,25706765
39531,17512080
39532,204403684
39534,4179776
39540,11935265
39553,68476641
39556,272456422
39560,56580603
39561,72849730
39562,486804723
39563,52737191
39564,137509889
39565,722498580
39567,34441844
39571,220227803
39572,27905243
39573,1028463256
39574,590069329
39576,16817075
39577,661975817
39581,50906132
39601,683382432
39629,403048462
39630,7868567
39631,393470839
39633,328910107
39635,3145574
39638,455779705
39641,363537829
39643,83179374
39645,831337249
39647,202018143
39648,268723947
39652,458122731
39653,568943688
39654,398612977
39656,117181612
39657,237125641
39661,678775343
39662,118846158
39663,320828558
39664,301788018
39665,153183969
39666,403376730
39667,818128163
39668,299488217
39669,1105580151
39701,485103987
39702,261336296
39705,172698212
39730,652058169
39735,399412341
39736,7014886
39737,39954293
39739,464422687
39740,215349780
39741,173204423
39743,179265816
39744,653732993
39745,135769462
39746,234646493
39747,391465188
39750,212730822
39751,205299782
39752,178809729
39755,177479752
39756,197364673
39759,840473189
39760,83550
39762,1479864
39766,84617098
39767,245495274
39769,367696424
39771,1484733
39772,186334447
39773,598101887
39776,193044278
39813,319232606
39815,132962213
39817,380715742
39819,402472608
39823,904892158
39824,145792750
39825,242295884
39826,54503788
39827,153153129
39828,358480676
39834,313493983
39836,200138181
39837,733348704
39840,546799074
39841,174971088
39842,734311516
39845,506454379
39846,223775637
39851,315497827
39854,337462231
39859,151947831
39861,138102899
39862,382652699
39866,144920971
39867,223475595
39870,479576999
39877,106279846
39885,769653
39886,316712335
39897,367382678
40003,109415084
40004,374022721
40006,236392421
40007,29131967
40008,204266970
40009,164555566
40010,4745837
40011,151768197
40012,25942586
40013,205758315
40014,142170260
40019,97163416
40020,1229469
40022,41671246
40023,58512831
40025,426850
40026,80444706
40031,172791962
40033,371421757
40036,46716052
40037,127162399
40040,53078773
40041,268181
40045,147649535
40046,124996681
40047,76910692
40048,349072
40049,444132
40050,25160160
40051,245447491
40052,54647544
40055,53233207
40056,7371888
40057,252980030
40058,61523
40059,67258970
40060,113622508
40062,13505342
40063,1276739
40065,457378806
40067,111725809
40068,113175859
40069,492456299
40070,31077025
40071,317574536
40075,122242346
40076,146420772
40077,22024627
40078,151289945
40104,164293300
40107,138505501
40108,184119489
40109,24194179
40110,1227285
40111,95901943
40115,51745832
40117,49460279
40118,35444007
40119,248582374
40121,87748925
40140,62262417
40142,127682303
40143,388077173
40144,163618851
40145,83315351
40146,216687966
40150,89549741
40152,24985784
40155,1398901
40157,80639517
40160,43414034
40161,18291031
40162,146297363
40165,373942123
40170,45988097
40171,47656774
40175,195850204
40176,74383252
40177,35715712
40178,22615346
40202,4054950
40203,7617115
40204,8405686
40205,18079853
40206,14816234
40207,30115577
40208,6368649
40209,6957253
40210,8334087
40211,19374739
40212,9841616
40213,32622063
40214,38592704
40215,9716134
40216,37423027
40217,6224713
40218,25206486
40219,37558190
40220,19730348
40222,27031225
40223,30425265
40228,19601838
40229,51140283
40231,216375
40241,37362843
40242,6906522
40243,10390758
40245,83897155
40258,30248129
40272,88398988
40280,251901
40291,56742955
40299,137629263
40310,1547234
40311,454467724
40312,147003221
40313,98612078
40316,15883684
40322,302448403
40324,401593982
40328,126913779
40330,573441016
40334,1517535
40336,533588153
40337,149328853
40339,326337
40342,488477063
40346,32150463
40347,90579335
40348,11151256
40350,32415845
40351,640690901
40353,360390089
40356,362387862
40358,53724033
40359,592350261
40360,379312164
40361,669007224
40363,54042
40370,215488528
40371,192524234
40372,139212219
40374,163251460
40376,18651903
40379,164558850
40380,296223417
40383,396529346
40385,122433496
40387,187379558
40390,65677780
40391,620184242
40402,122532669
40403,295958162
40404,328190
40409,113592153
40419,238665282
40422,297682734
40434,143603
40437,313704665
40440,23777357
40442,63639025
40444,410607199
40445,118163844
40447,646854336
40448,964073
40456,447450395
40460,95717585
40461,131830051
40464,87133685
40468,87639225
40472,135457629
40475,707199202
40481,14226258
40484,339274742
40486,130900324
40489,171853975
40502,18649239
40503,22910211
40504,15738955
40505,20673127
40506,226026
40507,1077703
40508,11073628
40509,106489580
40510,55523803
40511,229347708
40513,37366567
40514,7673306
40515,145726537
40516,91245133
40517,15992076
40601,571363552
40604,908525
40701,372324023
40729,170405089
40734,105530752
40737,18723001
40740,42148802
40741,541455821
40743,3156048
40744,273724408
40759,124313026
40763,54507046
40769,760938761
40771,32290497
40801,18224380
40806,60195028
40807,795090
40808,15056270
40810,210046332
40813,32396615
40815,105896978
40816,82885972
40818,11284171
40819,36277819
40820,40604654
40823,150160244
40824,10365233
40826,81021337
40827,40169225
40828,122631957
40829,10600644
40830,7125226
40831,133243031
40840,44052947
40843,77819123
40844,21955594
40845,22565066
40847,2482453
40849,2633286
40854,5587076
40855,35340555
40856,111414417
40858,41837618
40862,42877937
40863,65713544
40865,8061346
40868,65547727
40870,18226593
40873,76872915
40874,101138717
40902,97380796
40903,22224378
40906,320843254
40913,45784366
40914,32269466
40915,24976677
40921,39885686
40923,10409561
40927,30352241
40935,197098936
40939,16976602
40940,49503451
40941,3604386
40943,16480730
40946,28760457
40949,8395932
40953,29756673
40958,18181917
40962,960996983
40964,6637790
40965,186472439
40972,147107924
40977,345055649
40979,6447201
40982,16164477
40983,48932589
40988,54957575
40995,7547005
40997,54661008
41001,132464026
41002,114383117
41003,220999444
41004,296075428
41005,151166644
41006,136872465
41007,134012637
41008,112630060
41010,228505494
41011,18437723
41014,2751621
41015,65935327
41016,4161336
41017,54348060
41018,29564006
41030,72324799
41031,563327675
41033,108864525
41034,72458191
41035,275750654
41039,191691395
41040,378502635
41041,277991749
41042,74403229
41043,125273838
41044,81294339
41045,90040980
41046,43812684
41048,56961328
41049,218837253
41051,75384228
41052,6990471
41055,163139812
41056,362608516
41059,35351753
41062,331402
41063,93518397
41064,221611868
41071,14043241
41073,2430126
41074,3357180
41075,15602714
41076,54242746
41080,73596372
41083,89075834
41085,966871
41086,166745345
41091,132821205
41092,99173868
41093,281052820
41094,116824227
41095,69446452
41097,259862436
41098,131763840
41099,597790
41101,24978319
41102,132512569
41121,129029158
41124,150390886
41129,221607276
41132,52460309
41135,21864324
41139,15768838
41141,168641790
41142,1546499
41143,512270286
41144,389475467
41146,8326721
41149,85889918
41159,61980782
41164,631440097
41166,55773049
41168,141435683
41169,16492884
41171,324010436
41174,26203488
41175,198916338
41179,844540476
41180,184663736
41183,3339459
41189,156928903
41201,25771446
41203,15739970
41204,31452789
41214,51879634
41216,41138389
41219,118106862
41222,74832973
41224,234501948
41226,14579599
41230,585837120
41231,14938155
41232,29371375
41234,13007755
41238,58422470
41240,116104368
41250,197113950
41254,25761391
41255,39238399
41256,57133763
41257,15419468
41260,6571206
41262,57573806
41263,16317129
41264,31137378
41265,78159750
41267,19962855
41268,799260
41271,7766852
41274,9563535
41301,534627472
41311,457346875
41314,582305136
41317,61234048
41332,109227286
41339,913200548
41348,99766487
41352,54720781
41360,44169125
41365,36617015
41366,3025512
41367,13249005
41385,51295294
41390,2936221
41397,7124810
41408,18226857
41421,30404208
41425,80620681
41464,38825364
41465,676270870
41472,715626812
41501,520485496
41503,3817744
41512,34308505
41513,29580618
41514,131004849
41517,2673819
41519,27574497
41522,168573114
41524,20093086
41526,306245
41527,15552047
41528,19824002
41531,24138569
41534,4391437
41535,6099486
41537,144574857
41538,486654
41539,94472925
41540,25808950
41543,13346334
41544,29035950
41547,17505746
41548,43020543
41553,88452324
41554,87146905
41555,21537730
41557,53913139
41558,37906920
41559,11643701
41560,16800304
41562,70641831
41563,14610552
41564,43050463
41566,35391056
41567,8534879
41568,70976441
41571,49414125
41572,117958481
41601,11763331
41602,9308144
41603,33721481
41604,14214134
41605,4185435
41606,27128978
41607,14878496
41612,920122
41615,15098410
41616,35423061
41619,12897995
41621,1736954
41622,3916923
41630,47648023
41631,30987269
41632,82350437
41635,53305974
41636,25372564
41640,134441707
41642,23897046
41643,2195882
41645,33967771
41647,47891975
41649,60382873
41650,8954679
41653,310817261
41655,42909955
41659,6998302
41660,17478720
41663,4561476
41666,23395910
41667,20549832
41669,9002969
41701,383033699
41712,13480999
41713,381468
41714,73012965
41719,30484220
41721,98714540
41722,62126359
41723,53637448
41725,3525455
41727,28855073
41729,347276
41731,69451895
41735,22574442
41739,5744227
41740,46293089
41745,16455094
41746,20471803
41749,240250123
41751,1964902
41754,11340071
41759,13274574
41760,99901
41762,14559801
41763,65444806
41764,49414529
41766,12748716
41772,81928205
41773,42145000
41774,124688670
41775,23776332
41776,77955219
41777,100031390
41804,34387065
41810,6865839
41812,15737006
41815,16618496
41817,7347087
41819,45404953
41821,62238936
41822,78200999
41824,24286714
41825,15604255
41826,26236124
41828,48800143
41831,26023899
41832,16579379
41833,41540491
41834,32036524
41835,15362794
41836,28047291
41837,34603454
41838,20794441
41839,76302870
41840,9799844
41843,38714000
41844,34339916
41845,12439492
41847,34859770
41848,8497774
41849,2628892
41855,23109290
41858,228101829
41859,19323580
41861,5630728
41862,53732845
42001,189833002
42003,180247658
42020,66018174
42021,149335429
42022,1273220
42023,258918523
42024,117822047
42025,515889546
42027,116916270
42028,70221438
42029,120471456
42031,389454485
42032,4212651
42035,72828693
42036,68722869
42037,2644129
42038,226722437
42039,131962821
42040,84993552
42041,285195242
42044,62919349
42045,93104975
42047,56353395
42048,68057928
42049,110140945
42050,301987874
42051,145363463
42053,302331206
42054,75508921
42055,116613527
42056,140475112
42058,42857483
42060,2179663
42061,917299
42064,776007156
42066,561600458
42069,67866621
42071,549437302
42076,109110308
42078,222471154
42079,134955281
42081,302876021
42082,73138739
42083,74804200
42084,699171
42085,73959282
42086,86717635
42087,181533099
42088,164428963
42101,733340662
42102,57800
42103,183674986
42104,145376471
42120,116988909
42122,97680289
42123,61122818
42124,979488
42127,229195089
42129,525871384
42130,8772060
42133,183808584
42134,549584319
42140,106721666
42141,718985648
42151,71264967
42153,42174850
42154,55133897
42156,13829078
42157,45546491
42159,73299763
42160,103760524
42163,2125565
42164,652888758
42166,185799771
42167,535930056
42170,84546274
42171,262753865
42202,158638938
42204,92719366
42206,306795071
42207,50014887
42210,373021505
42211,727287031
42214,50312707
42215,151722934
42217,412777326
42220,458488053
42223,39235175
42232,70235691
42234,153519113
42236,172025628
42240,696086388
42254,13149613
42256,494734813
42259,84771708
42261,762756959
42262,93344382
42265,133366017
42266,195017051
42273,47314886
42274,97669635
42275,113933672
42276,522485441
42280,57129713
42285,21313898
42286,148845116
42301,442956394
42303,124131928
42320,381586217
42321,3975844
42322,156371
42323,5205515
42324,94584418
42325,78461836
42326,34585988
42327,322244412
42328,166842558
42330,224906367
42332,1565824
42333,82476457
42337,128093957
42338,8775512
42339,77597938
42343,184855669
42344,90156781
42345,395528687
42347,320449100
42348,288726386
42349,159704540
42350,107749330
42351,177886853
42352,58964890
42354,2241875
42355,73988804
42356,64462
42361,90527422
42366,208736964
42367,2733631
42368,109631465
42369,11104904
42370,276437
42371,98478327
42372,96454300
42374,10447175
42376,258919743
42378,173544708
42404,229141002
42406,274621938
42408,333165635
42409,224115208
42410,6809192
42411,225208428
42413,135320582
42420,488162263
42431,431556615
42436,48447039
42437,449150439
42440,2586716
42441,154332517
42442,158247622
42445,686341119
42450,154384679
42451,102385850
42452,138739169
42453,42396046
42455,197698995
42456,173134253
42458,42676156
42459,312929168
42461,93742739
42462,114428257
42463,5466559
42464,158111324
42501,517424886
42503,334944225
42516,34846268
42518,65732670
42519,127694009
42528,126878451
42533,3798766
42539,548954535
42541,40087987
42544,377227193
42553,161155612
42565,69445785
42566,44344519
42567,236919574
42602,495969656
42603,9479762
42629,258074174
42631,337137
42633,1126470756
42634,238667029
42635,60580535
42638,3312969
42642,362193182
42647,360478382
42649,185963603
42653,205416053
42701,411185660
42712,135999679
42713,105763218
42715,40127664
42716,93730633
42717,774753959
42718,653953974
42721,377406527
42722,45040122
42724,199231576
42726,266107712
42728,828301162
42729,135464535
42731,29048733
42732,150601372
42733,150297072
42740,82205620
42741,38751623
42743,529709510
42746,120944249
42748,341058386
42749,236454874
42753,66345799
42754,487010153
42757,212629589
42758,1387537
42762,24221792
42764,40509190
42765,305088010
42776,175077752
42782,91879031
42784,154924184
42788,21455019
43001,68745463
43002,2592733
43003,87745420
43004,33522238
43005,2156200
43006,61937552
43008,3859988
43009,89092160
43010,597654
43011,213626257
43013,49779640
43014,170644480
43015,323652775
43016,46898404
43017,43673843
43019,273929348
43021,92284387
43022,107092713
43023,134314656
43025,90545839
43026,90832622
43028,138464788
43029,61174158
43030,237929
43031,230649514
43032,126538
43033,1152306
43035,50720674
43036,539791
43037,11980096
43040,433017806
43044,203454482
43045,97932769
43046,65836647
43050,403865743
43054,51889908
43055,292203317
43056,222437404
43060,66419675
43061,117006301
43062,204188592
43064,266558547
43065,74781965
43066,99733577
43067,80893794
43068,50114396
43070,395485
43071,87917658
43072,190505135
43074,224455531
43076,185493603
43077,496716
43078,394740771
43080,190912546
43081,63885461
43082,57285710
43084,55873705
43085,19082179
43101,708025
43102,153805778
43103,216198786
43105,148394326
43106,102427084
43107,77586760
43109,405281
43110,130100282
43111,1041668
43112,90292972
43113,425972692
43115,124152267
43116,2436395
43117,51061
43119,82369264
43123,154214499
43125,81311511
43126,1193661
43127,1499549
43128,123213482
43130,419105602
43135,246868428
43136,719120
43137,77911546
43138,456375956
43140,575233006
43142,182024
43143,344230510
43144,18194630
43145,139605612
43146,206855769
43147,75483553
43148,64322465
43149,141675265
43150,68591666
43151,691125
43152,112671046
43153,136675800
43154,64162579
43155,78389088
43156,783568
43157,893299
43158,5282372
43160,557040220
43162,121093534
43164,145913411
43201,7986882
43202,6494698
43203,3829118
43204,23290781
43205,6146823
43206,7771219
43207,60320303
43209,16158133
43210,4037033
43211,12214335
43212,9295866
43213,23360510
43214,17446975
43215,13239539
43217,10686470
43219,43582592
43220,17614335
43221,24160399
43222,3633646
43223,26115821
43224,21669943
43227,10301034
43228,52430950
43229,22826708
43230,54219472
43231,11122274
43232,31773650
43235,34946321
43240,6496460
43302,505335967
43310,165953005
43311,263048550
43314,144580476
43315,209839787
43316,186389158
43317,521641
43318,176558359
43319,54174770
43320,85811409
43321,1846874
43322,841992
43323,96250528
43324,73642468
43326,476856642
43330,279091
43331,80416165
43332,163905646
43333,78726619
43334,171043172
43336,209570
43337,89721538
43338,248881408
43340,124205163
43341,54582552
43342,110765627
43343,88509402
43344,250580861
43345,75749511
43347,76219861
43348,5500511
43351,402541497
43356,55450334
43357,177390474
43358,162697346
43359,61788598
43360,77413990
43402,289268563
43403,531804
43406,49556290
43407,38078118
43408,1696879
43410,135364506
43412,74682338
43413,83442810
43416,71174346
43420,348643323
43430,65679422
43431,125627535
43432,58970339
43433,1296346
43434,54446
43435,92921463
43437,2606232
43438,11261422
43439,143256
43440,41413878
43442,44936528
43443,30303102
43445,48921610
43446,3259257
43447,43713901
43449,219141779
43450,110424225
43451,63484189
43452,121525288
43456,9320978
43457,48004678
43458,2573816
43460,7112627
43462,66514556
43463,19411
43464,86139720
43465,28492597
43466,71873191
43467,898187
43468,1861424
43469,59906631
43501,62578564
43502,178080856
43504,39691831
43505,253028
43506,263293743
43511,118161160
43512,566492411
43515,211468896
43516,182219709
43517,167784815
43518,177638273
43519,3329082
43521,172344988
43522,82008199
43523,3552265
43524,77957240
43525,2945089
43526,201124426
43527,136153755
43528,48188102
43529,1860443
43531,446557
43532,120960041
43533,64835661
43534,95588407
43535,62108643
43536,39890397
43537,47409475
43540,49053874
43541,1008158
43542,37684125
43543,226335583
43545,344708347
43547,1121930
43548,61608924
43549,78298198
43551,204856189
43553,423465
43554,89240914
43555,1063184
43556,82480605
43557,114502597
43558,215010090
43560,54106366
43565,469976
43566,51032205
43567,292789190
43569,89935343
43570,120845329
43571,55402113
43604,7307024
43605,18267877
43606,16889975
43607,18651119
43608,9377996
43609,13242522
43610,3268996
43611,17965437
43612,29957067
43613,15888702
43614,23456252
43615,41977490
43616,101112239
43617,14176091
43619,29307191
43620,2829181
43623,17445806
43701,467304043
43711,552359
43713,237831383
43716,176459488
43717,706263
43718,138072805
43719,96609588
43720,117578245
43721,985527
43722,1935119
43723,45872478
43724,401862375
43725,345697919
43727,194813480
43728,96583904
43730,120149582
43731,131763159
43732,192372931
43733,2389844
43734,9894521
43735,3877911
43736,267881
43738,300622
43739,82521551
43740,972120
43746,54447576
43747,81788768
43748,92574121
43749,255367468
43750,2802074
43754,193746300
43755,91995173
43756,369010572
43758,225521762
43759,361792
43760,89805690
43761,1609253
43762,188065913
43764,156720549
43766,96534592
43767,82753245
43768,1645696
43771,64577626
43772,88415692
43773,273796701
43777,137192261
43778,117060634
43779,91417444
43780,92132773
43782,31955706
43783,156023339
43786,551793
43787,194830016
43788,99821044
43793,268093003
43802,97540550
43804,82395561
43805,3091143
43811,48765816
43812,418355660
43821,214028879
43822,227607460
43824,198019598
43830,131810082
43832,261061544
43836,406966
43837,132592698
43840,83168945
43842,1062480
43843,109563222
43844,322713614
43845,75344931
43901,80861680
43902,44744286
43903,97011124
43905,1001494
43906,83478425
43907,409643082
43908,80628912
43910,143071376
43912,48776486
43913,6603523
43914,1509007
43915,138001362
43917,91815608
43920,116213274
43925,309716
43926,612432
43927,1061595
43928,3411737
43930,97451505
43931,945694
43932,47395059
43933,123224090
43934,557026
43935,50693008
43938,82767341
43939,2368335
43940,1590742
43942,54275203
43943,107902634
43944,74383170
43945,168114087
43946,152404986
43947,44013860
43948,1829632
43950,227146881
43951,381384
43952,66627572
43953,47030398
43961,1059484
43962,3339356
43963,1148169
43964,123263992
43967,263746
43968,88784057
43970,461386
43971,3164191
43972,341137
43973,233688458
43974,168890
43976,60727307
43977,119070802
43983,53215949
43985,1069065
43986,103886032
43988,134984644
44001,88964009
44003,172824745
44004,187318639
44010,49484385
44011,53889931
44012,28825443
44017,15913274
44021,105943168
44022,78819436
44023,133878459
44024,233896445
44026,73701585
44028,85974374
44030,153540674
44032,104246383
44035,123681557
44039,61274711
44040,24837405
44041,167325798
44044,143151319
44045,2631097
44046,39938130
44047,273027535
44048,78892146
44049,926835
44050,65955620
44052,23893256
44053,30724413
44054,32393658
44055,17211356
44056,25402536
44057,129325698
44060,102787300
44062,198300530
44064,58315626
44065,56416524
44067,43758473
44070,30216697
44072,48537568
44074,128180469
44076,177872142
44077,157271268
44080,2581040
44081,52875731
44082,87749855
44084,110139056
44085,130613224
44086,71408919
44087,45345003
44089,89437710
44090,269528839
44092,19338651
44093,83304815
44094,101565867
44095,23504518
44099,56960274
44101,90423
44102,15633888
44103,11297030
44104,12285461
44105,22694150
44106,10950126
44107,14302286
44108,10976647
44109,18740444
44110,10963986
44111,16166707
44112,10470389
44113,9918004
44114,7497526
44115,5731968
44116,12417533
44117,9866379
44118,18422404
44119,5456603
44120,13764041
44121,16246975
44122,34159725
44123,6672614
44124,37700190
44125,36849527
44126,11977514
44127,4892997
44128,21772270
44129,15237377
44130,44380720
44131,41649096
44132,8144285
44133,54860044
44134,24857150
44135,26145336
44136,35245690
44137,13403775
44138,35772529
44139,59420922
44140,11825052
44141,61355187
44142,19798928
44143,36458615
44144,14469346
44145,41248905
44146,51875306
44147,34111669
44149,28917926
44201,141654025
44202,78570956
44203,90610206
44212,56085590
44214,70867901
44215,3811343
44216,60130419
44217,74718650
44221,16832938
44223,38857350
44224,51609977
44230,44571059
44231,127207508
44233,69162799
44234,64145650
44235,64836222
44236,88235270
44240,104201571
44241,55707538
44243,1252338
44250,1157438
44251,3749629
44253,63793658
44254,68089467
44255,108887623
44256,345074012
44260,85741121
44262,5962707
44264,55236455
44265,409099
44266,237801382
44270,54051167
44272,58075391
44273,100428698
44274,1119755
44275,100036432
44276,49056739
44278,38434924
44280,63460006
44281,123653030
44285,358543
44286,61910209
44287,173005828
44288,42487541
44301,9153297
44302,2431420
44303,5978459
44304,3905029
44305,16889679
44306,21465343
44307,4974749
44308,1274417
44310,15553867
44311,4943735
44312,49626169
44313,35696431
44314,11354727
44319,48624483
44320,25252330
44321,39311670
44333,72187172
44401,83298703
44402,93752902
44403,37382523
44404,44166033
44405,9109665
44406,137757237
44408,92229449
44410,176213310
44411,46200345
44412,59165356
44413,61424545
44417,86454679
44418,45137752
44420,40576829
44423,70854402
44425,79991210
44427,79237459
44428,140928711
44429,16825728
44430,35389289
44431,68032463
44432,267341402
44436,60010246
44437,10190941
44438,21843549
44439,451892
44440,21614411
44441,41567062
44442,22699627
44443,33260523
44444,110445599
44445,42933324
44446,35125823
44449,30677626
44450,118292129
44451,97099972
44452,34587281
44454,21461149
44455,53488669
44460,283167195
44470,69331394
44471,11370887
44473,62338388
44481,148555629
44483,47051163
44484,45262910
44485,19931436
44490,1958548
44491,76891356
44493,648867
44502,14513522
44503,1164194
44504,3229162
44505,45323051
44506,4665493
44507,4503852
44509,14133530
44510,4919362
44511,19241366
44512,44616967
44514,55842467
44515,49677629
44601,211712895
44606,108661872
44607,5422402
44608,56131639
44609,77813564
44610,460975
44611,75346269
44612,66530352
44613,5023600
44614,58010866
44615,372810608
44618,109377372
44620,58949736
44621,78264421
44622,141839377
44624,126386357
44625,49113509
44626,71102024
44627,120297333
44628,99697862
44629,53030256
44632,70859990
44633,59700308
44634,49278240
44637,143774943
44638,72863109
44640,608427
44641,140326487
44643,84665925
44644,57340115
44645,64250869
44646,74815826
44647,74325492
44651,62399778
44652,161895
44653,1040283
44654,407118242
44656,107396251
44657,170291632
44659,311674
44661,146807
44662,155556738
44663,241488912
44666,60850514
44667,120325241
44669,45072687
44670,437534
44671,2083709
44672,8565914
44675,78968607
44676,141914623
44677,42668595
44678,2405744
44680,46796903
44681,153786973
44682,993280
44683,177304749
44685,66356398
44687,168437
44688,59701002
44689,9509369
44690,780450
44691,406090859
44693,2501656
44695,78037219
44697,1597976
44699,141353577
44702,1388277
44703,2837944
44704,6270419
44705,21216706
44706,48121348
44707,37218613
44708,26478139
44709,14921652
44710,5765714
44714,6804144
44718,21303702
44720,88199959
44721,39813296
44730,95565272
44802,73665218
44804,52509330
44805,397001623
44807,184963079
44809,826059
44811,304209983
44813,185691513
44814,68148786
44815,2940833
44816,66787
44817,82136682
44818,189449275
44820,414712243
44822,112702173
44824,64340761
44825,104393
44826,68397464
44827,123095489
44828,576644
44830,308449035
44833,235968602
44836,90907449
44837,175202851
44838,805253
44839,91527085
44840,120092740
44841,49300885
44842,187227244
44843,70790900
44844,45632308
44846,59450942
44847,181687269
44849,126189393
44850,980862
44851,192292343
44853,70736884
44854,100778435
44855,69975091
44856,136376
44857,215125509
44859,78562019
44861,67254
44864,153087294
44865,91939970
44866,67296241
44867,157807663
44870,150742741
44874,1197449
44875,204805952
44878,156649071
44880,79737538
44881,103491
44882,190152344
44883,432251648
44887,77737990
44889,204600364
44890,226968486
44901,303091
44902,4839345
44903,295829824
44904,132805763
44905,32942599
44906,53743464
44907,20166258
45001,1572235
45002,65613302
45003,27362503
45005,93269705
45011,156807975
45013,299048926
45014,56184483
45015,15612395
45030,110420150
45032,698042
45033,132936
45034,2263102
45036,210578418
45039,41311564
45040,72718413
45041,465578
45042,127773572
45044,98370155
45050,19279305
45051,223858
45052,33952479
45053,70254558
45054,79931434
45056,196824054
45062,835506
45064,81895291
45065,6821247
45066,53602555
45067,51431324
45068,171458012
45069,73646883
45070,1042871
45101,46702132
45102,57071418
45103,223560643
45106,194078287
45107,195514730
45111,1928658
45112,645946
45113,97743080
45115,2695497
45118,101792792
45120,106363462
45121,269056480
45122,114558213
45123,254802291
45130,97234688
45131,551850
45132,475922
45133,826507329
45135,182575012
45140,119956424
45142,164884472
45144,181586565
45145,63298
45146,70346826
45147,1544291
45148,59931439
45150,84676028
45152,133426783
45153,72194192
45154,171902793
45155,1312189
45156,1642818
45157,108102258
45158,450071
45159,132196152
45160,898895
45162,61184314
45164,721336
45166,1915427
45167,158844339
45168,84857291
45169,251474289
45171,195423285
45172,1142616
45174,3214669
45176,136450908
45177,446838935
45202,7018797
45203,3250608
45204,8323963
45205,7518024
45206,5204888
45207,3047216
45208,10981040
45209,6127831
45211,23430348
45212,9661036
45213,8249368
45214,5842493
45215,30453497
45216,7807147
45217,5387203
45218,4213993
45219,4543558
45220,7424188
45223,15013794
45224,16739973
45225,7979136
45226,14586281
45227,14898997
45229,7068689
45230,35493040
45231,37115573
45232,5974726
45233,28794637
45236,17948801
45237,15672671
45238,26084082
45239,16344264
45240,23756819
45241,45569738
45242,35701619
45243,50352046
45244,56599871
45245,40856763
45246,26394200
45247,54962386
45248,30785090
45249,16958503
45251,30859697
45252,29505531
45255,33091390
45301,228503
45302,130992091
45303,82269380
45304,219824882
45305,37409908
45306,86750938
45307,445767
45308,132473100
45309,172477754
45310,441293
45311,236746336
45312,71362845
45314,131074529
45315,27801286
45316,242396
45317,63941235
45318,115802672
45319,928622
45320,346584624
45321,33978821
45322,51567498
45323,16411582
45324,82106511
45325,66131002
45326,59744920
45327,124364849
45328,1038373
45330,2251756
45331,387234892
45332,32930857
45333,57401301
45334,66594213
45335,219905209
45336,1986806
45337,53042902
45338,131693097
45339,37002869
45340,59815394
45341,14962987
45342,89605983
45344,171166909
45345,56636562
45346,108757041
45347,142793064
45348,78473443
45349,594875
45350,476188
45351,824246
45352,380195
45353,7280716
45354,2277179
45356,197396618
45358,396093
45359,38988293
45360,392775
45361,1154580
45362,83168934
45363,60465699
45365,415489995
45368,204888655
45369,114216940
45370,55516375
45371,127622153
45372,573444
45373,221610421
45377,57215427
45378,591626
45380,176968111
45381,132798845
45382,53484264
45383,67545800
45384,3370905
45385,354069989
45387,71441167
45388,45346203
45389,834098
45390,136945807
45402,10840615
45403,10057216
45404,15968719
45405,10191001
45406,12959013
45409,8968798
45410,5774163
45414,58801692
45415,16028138
45416,4807666
45417,84836183
45418,6246296
45419,9976189
45420,16049316
45424,81558549
45426,49918940
45428,1526915
45429,25696290
45430,13016912
45431,29683671
45432,19477062
45433,27976964
45434,27225423
45439,15988540
45440,24387359
45449,17210743
45458,51804293
45459,36539122
45502,299254538
45503,44982895
45504,60231703
45505,34845711
45506,32044529
45601,885612562
45612,294870521
45613,200430550
45614,189488252
45616,213196350
45617,438330
45618,58498
45619,90743481
45620,59627324
45621,747749
45622,37488591
45623,187279211
45624,348425
45628,208295119
45629,78850807
45630,294892
45631,293440141
45634,88743615
45636,1679238
45638,200863866
45640,461040179
45642,150519
45644,157216789
45645,121039274
45646,40594116
45647,172204823
45648,368040011
45650,38705627
45651,388240928
45652,86067418
45653,120652397
45654,145335602
45656,336763170
45657,254979608
45658,251630657
45659,254510090
45660,507952315
45661,263707962
45662,139443780
45663,167703022
45669,89705410
45671,43511875
45672,138432190
45673,1351208
45674,4188056
45678,105495702
45679,150325610
45680,85854576
45681,99274670
45682,120481980
45684,205069741
45685,78377954
45686,239635493
45688,95081861
45690,372631753
45692,211913194
45693,327264772
45694,184585833
45695,94902424
45696,93271153
45697,266981610
45698,9585046
45701,384081716
45710,261638275
45711,132386484
45714,89227410
45715,110377891
45716,989115
45719,1893717
45721,132683
45723,170879909
45724,138011177
45727,80935808
45729,66231228
45732,193237957
45734,90060587
45735,129699731
45740,899771
45741,110534622
45742,69887500
45743,95090034
45744,140904662
45745,193006438
45746,42843872
45750,287920985
45760,50651392
45761,85939760
45764,208462045
45766,76430171
45767,294765168
45768,77494842
45769,271805813
45770,52973066
45771,159777242
45772,111794487
45773,12413205
45775,75293636
45776,50964460
45778,63172553
45779,1886594
45780,6515285
45782,1413763
45784,97003376
45786,169154473
45787,73910
45788,89420434
45789,29582234
45801,116463785
45804,56404859
45805,38973058
45806,155446678
45807,196949306
45808,1377190
45809,658447
45810,162062652
45812,103173472
45813,141939959
45814,92375886
45816,684185
45817,167293406
45819,672378
45820,1871172
45821,102843535
45822,424772870
45826,702068
45827,160123101
45828,85565629
45830,245675725
45831,190934256
45832,180752749
45833,178648812
45835,49626964
45836,62237971
45838,366552
45840,434243432
45841,66317417
45843,259565897
45844,140714826
45845,82869398
45846,192924185
45849,114567417
45850,155303191
45851,87680753
45853,2868573
45854,849809
45855,688238
45856,271290717
45858,162715561
45859,3445145
45860,90609139
45861,4863307
45862,95062696
45863,78056262
45864,2942559
45865,82126643
45866,474046
45867,66245974
45868,40299941
45869,95254613
45870,845596
45871,61513670
45872,78640438
45873,127127355
45874,148420729
45875,265395246
45876,1552874
45877,71916943
45879,273780797
45880,153329437
45881,76354781
45882,217390906
45883,93274563
45884,434353
45885,183519487
45886,54964601
45887,184746759
45888,440336
45889,52670382
45890,38287631
45891,342495085
45894,84674160
45895,490891500
45896,98523467
45897,3561849
45898,87757312
45899,723198
46001,191217051
46011,193600877
46012,83997175
46013,56003887
46016,16488768
46017,44803402
46030,96759835
46031,122056800
46032,66947906
46033,44451216
46034,74618167
46035,62233977
46036,203654914
46037,49044524
46038,40921706
46039,70112357
46040,86193852
46041,651206333
46044,56662821
46045,88186
46047,34330
46048,3498927
46049,69693198
46050,118537086
46051,40968889
46052,460882023
46055,67170672
46056,60036312
46057,64543673
46058,69258204
46060,206896151
46062,88216262
46063,1191551
46064,168382905
46065,98667309
46068,117251725
46069,235392318
46070,117567653
46071,179649624
46072,291875297
46074,93525581
46075,79980433
46076,114976092
46077,112908364
46103,97950
46104,72590451
46105,109220077
46106,70410848
46107,8510950
46110,37671676
46111,271170
46112,103704101
46113,42547745
46115,95739408
46117,30534696
46118,141281889
46120,237797940
46121,140958051
46122,228281555
46123,79398496
46124,159602506
46125,88060
46126,84587883
46127,61232945
46128,90704751
46130,77083463
46131,324046512
46133,63640894
46135,431352161
46140,438859103
46142,38758372
46143,126303496
46144,1342909
46146,2014475
46147,152675838
46148,132263262
46149,67965332
46150,63886593
46151,530294348
46155,59165
46156,105797880
46157,82582401
46158,194944368
46160,239400545
46161,94250334
46162,29094098
46163,76404779
46164,60820151
46165,103832331
46166,90399846
46167,77737016
46168,83551416
46171,94119540
46172,174862739
46173,584714060
46175,57690887
46176,445890273
46180,66375471
46181,116275684
46182,91370366
46183,80062
46184,53185437
46186,73340354
46201,14503022
46202,14479346
46203,35851013
46204,2910544
46205,16333431
46208,17424123
46214,18453453
46216,9089269
46217,55597778
46218,24387784
46219,33416757
46220,31023239
46221,51573786
46222,28850032
46224,18605756
46225,10452072
46226,37372664
46227,43387145
46228,20706879
46229,28243374
46231,32078329
46234,33148322
46235,24931201
46236,27396429
46237,38510132
46239,75135405
46240,25423697
46241,57828494
46250,19643283
46254,35446342
46256,28940748
46259,55625540
46260,26363999
46268,34313245
46278,33863379
46280,11045598
46290,1405186
46301,8721905
46303,71402600
46304,138803107
46307,226900986
46310,173278533
46311,35131652
46312,36295717
46319,24001681
46320,17276950
46321,19512398
46322,17916343
46323,15992247
46324,11439479
46327,10708856
46340,85241371
46341,233873927
46342,91214276
46345,1008188
46346,4660041
46347,185563951
46348,132880944
46349,217855416
46350,502918031
46356,305659944
46360,200286302
46365,60257938
46366,205992143
46368,67915255
46371,98081594
46373,26220016
46374,93954332
46375,35200795
46376,23319087
46377,1556494
46379,1199332
46381,2368709
46382,126283702
46383,225906351
46385,210608675
46390,127272769
46391,104277718
46392,283550997
46393,3873684
46394,8334923
46402,9860368
46403,21431314
46404,14809041
46405,22466038
46406,33418969
46407,10959727
46408,25261421
46409,9272074
46410,76432922
46501,181329067
46502,145517
46504,169751605
46506,257864101
46507,103812113
46508,2418864
46510,173618444
46511,173201204
46514,99841151
46516,46156371
46517,95308006
46524,88307122
46526,173687870
46528,183615332
46530,64443750
46531,55478952
46532,136646273
46534,315092227
46536,75163282
46537,1276165
46538,79643723
46539,82753451
46540,158295578
46542,133996528
46543,78147788
46544,103881393
46545,46084494
46550,193320531
46552,161783480
46553,81235943
46554,182604465
46555,24000419
46556,5202626
46561,37383870
46562,157098985
46563,394265139
46565,165055722
46567,144128563
46570,52934583
46571,111700644
46573,88470690
46574,243751716
46580,188833880
46582,147027467
46590,7338762
46595,590819
46601,5621994
46613,7385143
46614,137051559
46615,8464805
46616,3787490
46617,6725227
46619,59070358
46628,90677416
46635,8091473
46637,24986402
46701,249778987
46702,117774434
46703,303826919
46704,52408
46705,51515107
46706,223491339
46710,113495357
46711,154381218
46714,333681846
46721,208241369
46723,161668274
46725,531588827
46730,72607192
46731,41203280
46732,58783560
46733,446801415
46737,168624280
46738,67618320
46740,159502557
46741,67320231
46742,131625355
46743,58031776
46745,50924310
46746,190512222
46747,94840491
46748,47469509
46750,515906753
46755,195374681
46759,76677341
46760,65103016
46761,319676478
46763,58095843
46764,88497685
46765,33560040
46766,52477713
46767,180700757
46770,136780381
46771,3057297
46772,91818287
46773,204020138
46774,132319015
46776,60563701
46777,143340952
46779,91873465
46781,66375763
46783,155898601
46784,34465860
46785,63165768
46786,93873
46787,166461293
46788,92013262
46791,39376420
46792,260765154
46793,144218114
46794,66633310
46795,143765970
46797,133403169
46798,53408537
46799,641143
46802,10966676
46803,17047990
46804,49857955
46805,16703920
46806,23801054
46807,8310123
46808,27752268
46809,59292516
46814,44105725
46815,27021511
46816,94625791
46818,171249728
46819,66332292
46825,39635382
46835,54925571
46845,58948158
46901,359304475
46902,138102773
46910,160350930
46911,102730903
46913,85226186
46914,74596005
46915,6151711
46917,139479780
46919,109225507
46920,81533878
46922,353598
46923,348940737
46926,91073741
46928,187548567
46929,132824658
46930,363744
46931,178461
46932,143367366
46933,29549244
46936,169409982
46938,80173759
46939,244710464
46940,147168498
46941,68143751
46943,869878
46946,846520
46947,479946224
46950,72792019
46951,164375204
46952,274785596
46953,219683248
46957,1231710
46958,1090246
46959,2853878
46960,107701153
46961,1254220
46962,283381359
46967,240003
46968,945559
46970,478894609
46974,108095347
46975,559902792
46978,164438315
46979,109256056
46982,107715797
46984,602332
46985,182135323
46986,90087183
46987,1415958
46988,68383032
46989,87024016
46990,78037310
46991,79292046
46992,419712650
46994,149162324
46996,484935498
46998,211531
47001,188678621
47003,32616775
47006,268227255
47010,27877334
47011,92513266
47012,428681361
47016,50694871
47017,39912927
47018,184637524
47020,55960226
47022,88119193
47023,121809005
47024,169061897
47025,143481236
47030,86950066
47031,159616609
47032,90594303
47034,297344
47035,791435
47036,41691294
47037,207760048
47038,80547671
47040,173741385
47041,214313929
47042,199266738
47043,267154518
47060,148360028
47102,103668094
47104,492742
47106,179880422
47108,229879443
47110,15020282
47111,206930239
47112,418813159
47114,2533420
47115,147565686
47116,77694562
47117,216259358
47118,367787334
47119,111775054
47120,48143204
47122,92079641
47123,19167054
47124,63478556
47125,107374309
47126,90640004
47129,24482386
47130,88227627
47135,132103669
47136,71766650
47137,157388505
47138,190932342
47140,107331156
47141,88374804
47142,95821395
47143,58227813
47145,111159880
47147,72023041
47150,113709677
47160,107059
47161,57070775
47162,59000449
47163,53842122
47164,90760847
47165,213451798
47166,33208867
47167,552499203
47170,412330071
47172,64274587
47175,58204267
47177,43193974
47201,529419007
47203,200746423
47220,215334667
47223,149721419
47224,58262091
47226,268283
47227,127280559
47229,129559950
47230,129825643
47231,73247730
47232,82384270
47234,85555679
47235,104266437
47240,773644362
47243,90520218
47244,45568438
47246,152317636
47247,304459
47250,536592492
47260,144234127
47263,323975
47264,256099076
47265,495151750
47270,48124247
47272,84202957
47273,80106539
47274,547785902
47280,2716928
47281,144777965
47282,832990
47283,155317992
47302,171947620
47303,150423395
47304,90697742
47305,3457744
47306,576754
47320,86736883
47324,570398
47325,52682802
47326,173171605
47327,141383615
47330,153981802
47331,493064392
47334,68829466
47335,1248729
47336,121656347
47337,484383
47338,72517994
47339,34346207
47340,138638930
47341,94645252
47342,129533434
47344,370265
47345,76969140
47346,116640055
47348,301787073
47351,1097290
47352,77842967
47353,322210933
47354,76758210
47355,164612981
47356,139538413
47357,90213561
47358,97889629
47359,156131910
47360,89090074
47361,119787
47362,379537713
47367,1863806
47368,90601349
47369,88830581
47371,565487390
47373,78122542
47374,304275325
47380,157782747
47381,776579
47382,404437
47383,84779391
47384,84905346
47385,38523629
47386,46034554
47387,42430154
47388,745285
47390,203110776
47393,96373051
47394,313090827
47396,82583520
47401,214757486
47403,223931917
47404,132836447
47405,1217508
47406,574931
47408,172015658
47420,580286
47421,473263678
47424,477309642
47427,137967349
47429,63841628
47431,95743259
47432,214117609
47433,209589777
47434,126857
47436,118644901
47437,2222042
47438,153771901
47441,173714093
47443,115063303
47446,312417220
47448,510088879
47449,50605336
47451,4809395
47452,264149640
47453,32309869
47454,327578273
47455,1453355
47456,68004064
47457,1492654
47458,38770
47459,151084954
47460,389497845
47462,196513522
47464,284291
47465,61794244
47467,143037
47468,68181967
47469,161761409
47470,119664414
47471,177720956
47501,378683499
47512,129118694
47513,153607072
47514,11391545
47515,144423713
47516,76970410
47519,50459623
47520,211150387
47521,48822955
47522,21898585
47523,170261111
47524,131591054
47525,74809246
47527,138919207
47528,48535653
47529,81899760
47531,95662624
47532,180730642
47535,9063142
47536,71313
47537,41352773
47541,51783797
47542,210716471
47546,320623124
47550,90991767
47551,83352374
47552,13370500
47553,361136493
47557,141342294
47558,223460518
47561,184999919
47562,171061944
47564,95382064
47567,296828133
47568,71742401
47574,37679416
47575,54845783
47576,56374168
47577,65411363
47578,129927819
47579,30029887
47580,12989750
47581,369993977
47584,381336
47585,91698585
47586,244179560
47588,42225183
47590,102130556
47591,418980882
47596,5340080
47597,114785750
47598,183606833
47601,323132750
47610,92420274
47611,100701759
47612,41214473
47613,136937616
47615,93127855
47616,110797749
47619,125149027
47620,538532486
47630,120923611
47631,156372503
47633,160887608
47634,130731498
47635,219862790
47637,150359814
47638,127439412
47639,111365918
47640,99534686
47648,138776624
47649,111266784
47654,275499
47660,231649469
47665,182447152
47666,127087421
47670,206381946
47683,477087
47708,1468225
47710,22782684
47711,42016245
47712,163240633
47713,10026539
47714,20678494
47715,60207238
47720,143873540
47725,147667256
47802,418974794
47803,88513757
47804,17138314
47805,135143450
47807,9744805
47809,454436
47832,109792618
47833,96221815
47834,388774542
47836,509465
47837,75307694
47838,272976660
47840,137572043
47841,171692487
47842,186214359
47846,81638746
47847,125802024
47848,43673963
47849,67488216
47850,132196604
47853,111905
47854,74214644
47855,2065607
47857,1323546
47858,82544388
47859,107079783
47860,1720766
47861,113814072
47862,104632069
47863,2188309
47865,352370
47866,46105334
47868,150497722
47869,267487
47871,214001
47872,443007641
47874,178164907
47876,1215812
47879,153494327
47880,61096
47881,1023930
47882,371514671
47884,3332701
47885,213215733
47901,1538615
47904,14614686
47905,309303380
47906,349862276
47907,737909
47909,299494016
47916,153403
47917,102344430
47918,376744989
47920,73561940
47921,106153603
47922,196087044
47923,237127057
47924,203476
47925,1212887
47926,96430108
47928,112006053
47929,109567475
47930,66442036
47932,281534937
47933,607538018
47940,105773540
47941,2051690
47942,145631995
47943,162369405
47944,481071648
47946,239565400
47948,143131261
47949,108626723
47950,97650642
47951,167234556
47952,297229721
47954,173899033
47955,64322578
47957,153587937
47958,1466895
47959,177180721
47960,303559172
47963,268018869
47964,386465
47965,1055274
47966,2830566
47967,80712251
47968,63223975
47969,465299
47970,152126250
47971,144062965
47974,105986024
47975,101004997
47977,216296478
47978,666925712
47980,143696055
47981,94183559
47982,360426
47983,1294950
47987,319702446
47989,108908441
47990,111539810
47991,77740331
47992,94495948
47993,366992289
47994,38011744
47995,213331366
47997,315328
48001,49285914
48002,96152529
48003,85439567
48005,94534481
48006,185042707
48009,13063011
48014,94767077
48015,4434428
48017,5685381
48021,13284608
48022,91517358
48023,44134067
48025,20823193
48026,10725533
48027,96795692
48028,46286542
48030,7295260
48032,96633141
48033,23216334
48034,11165072
48035,22769783
48036,21564459
48038,28244480
48039,59592689
48040,17895518
48041,103617120
48042,58915419
48043,10636220
48044,34976759
48045,37308053
48047,46810962
48048,49325443
48049,92629139
48050,48161042
48051,38929675
48054,105638658
48059,81793459
48060,54006952
48062,102290837
48063,95197681
48064,95874672
48065,96779168
48066,25531378
48067,11888886
48069,1382920
48070,3853273
48071,18376954
48072,6220199
48073,19111735
48074,96025178
48075,19154531
48076,18427773
48079,108000980
48080,11447129
48081,10179974
48082,8559794
48083,22373314
48084,16005789
48085,24091587
48088,11490626
48089,20595182
48091,20687890
48092,21219027
48093,14685424
48094,45374305
48095,43843947
48096,94791815
48097,197491011
48098,24310753
48101,18197456
48103,168549096
48104,20144358
48105,129235725
48108,43938127
48109,2529780
48111,174792527
48114,85584540
48116,94734281
48117,142099424
48118,227253672
48120,7734341
48122,7067278
48124,22936005
48125,10489348
48126,25936781
48127,19924548
48128,6123402
48130,161216466
48131,129672601
48133,69928585
48134,46492175
48135,15199403
48137,110034431
48138,23008810
48139,1784348
48140,68941170
48141,16194523
48143,19271
48144,19696155
48145,43480222
48146,15166783
48150,31043412
48152,31368266
48154,30085204
48157,2489019
48158,243165116
48159,79099576
48160,208520569
48161,116028138
48162,147506234
48164,76103345
48165,24092424
48166,68848523
48167,46051258
48168,52818029
48169,149369227
48170,88466860
48173,29715561
48174,106186902
48176,192532998
48177,1609885
48178,130950931
48179,52773354
48180,61165856
48182,102695658
48183,48047198
48184,18208652
48185,31511259
48186,21391224
48187,46812415
48188,46715902
48189,88922638
48190,914778
48191,42127108
48192,13629783
48193,18203060
48195,17684657
48197,108574180
48198,86976322
48201,5193859
48202,8616315
48203,20755790
48204,12980499
48205,16547087
48206,8096174
48207,16056754
48208,8190064
48209,17559793
48210,13052690
48211,10836629
48212,13886100
48213,16923464
48214,12935252
48215,10382851
48216,5723485
48217,5911901
48218,6874442
48219,21773628
48220,11462460
48221,14119728
48223,15680026
48224,14852834
48225,6904113
48226,3129327
48227,19502811
48228,22299416
48229,7253187
48230,8362795
48233,48551
48234,20276288
48235,16189828
48236,19345553
48237,13372049
48238,13975522
48239,25197401
48240,9695519
48242,18548714
48243,42720
48301,19116523
48302,28621740
48304,29289230
48306,58894316
48307,39738335
48309,40025109
48310,21900677
48312,29148986
48313,23546383
48314,19955287
48315,33107752
48316,28845028
48317,31468944
48320,2809166
48322,30449933
48323,22576162
48324,22055679
48326,44608358
48327,29360639
48328,23461518
48329,26391880
48331,24065329
48334,23271044
48335,19510144
48336,23543945
48340,19354240
48341,16538834
48342,14824474
48346,46498699
48348,85763000
48350,61631906
48353,34704039
48356,36568454
48357,30467125
48359,27878698
48360,30612053
48362,25642584
48363,52307563
48367,60729994
48370,30978872
48371,110805262
48374,23554366
48375,22232885
48377,24884839
48380,65737248
48381,51938567
48382,42632076
48383,38560882
48386,43054719
48390,32559151
48393,34328077
48397,462099
48401,85732628
48411,1558134
48412,129540651
48413,356854574
48414,83348175
48415,169215216
48416,290268373
48417,63850543
48418,100282056
48419,200327843
48420,167148672
48421,105609659
48422,248472802
48423,169824761
48426,101473904
48427,249887964
48428,88592721
48429,140539863
48430,214959669
48432,86470729
48433,143806880
48434,1414680
48435,64859913
48436,82561803
48437,1529510
48438,83268858
48439,137025565
48440,1751525
48441,262592635
48442,221490579
48444,209131816
48445,145542705
48446,312810297
48449,66270908
48450,57618700
48451,87504095
48453,277289932
48454,78076180
48455,168432081
48456,120224471
48457,113682427
48458,90862380
48460,87292003
48461,216599864
48462,123367401
48463,90523464
48464,48408179
48465,106337848
48466,95267415
48467,164418018
48468,164915305
48469,20426606
48470,103618021
48471,261259791
48472,197710190
48473,152756332
48475,278838841
48476,688512
48502,1023345
48503,21253125
48504,40054969
48505,32543016
48506,49046862
48507,53951234
48509,22947554
48519,20003539
48529,12794286
48532,39640208
48551,969422
48553,527430
48554,470822
48601,271964227
48602,20281596
48603,47419359
48604,64568620
48607,2311687
48609,115451385
48610,304259313
48611,99439143
48612,313005761
48613,157125423
48614,91855195
48615,149212095
48616,208422771
48617,358922884
48618,268962777
48619,204381514
48621,144893568
48622,246370072
48623,191267882
48624,878396337
48625,622642185
48626,165268637
48627,562209
48628,85795057
48629,208192052
48630,247248
48631,85786868
48632,328556315
48633,6672147
48634,120295161
48635,149873895
48636,227431733
48637,188537202
48638,17110587
48640,262842247
48642,296054959
48647,366182932
48649,67228955
48650,253951814
48651,172326164
48652,138582465
48653,651628081
48654,245681738
48655,244922722
48656,344117921
48657,161545298
48658,210966768
48659,206417537
48661,688221389
48662,120676590
48667,853490
48701,109753300
48703,113049110
48705,228929679
48706,173511212
48708,72173933
48710,1076945
48720,82911517
48721,71125955
48722,44514626
48723,336533217
48724,893791
48725,91891672
48726,326890672
48727,62728509
48728,332930304
48729,113257853
48730,189741612
48731,125900393
48732,64070249
48733,127220144
48734,105724717
48735,96601393
48737,264850100
48738,28162013
48739,241317661
48740,175067463
48741,118750397
48742,193762475
48743,5287430
48744,168026420
48745,193967153
48746,210784939
48747,79701152
48748,119971550
48749,89963126
48750,248449575
48754,94706177
48755,131017021
48756,202486669
48757,142676434
48759,128709839
48760,70938037
48761,226423173
48762,116617190
48763,241940456
48765,143312858
48766,135105280
48767,192815144
48768,271800611
48770,175682123
48801,185048149
48806,167516580
48807,72361550
48808,63852304
48809,212472819
48811,162738434
48813,439810145
48815,71132416
48816,1196194
48817,153181638
48818,65434887
48819,115129421
48820,170116409
48821,54904191
48822,83790331
48823,58028437
48825,3213327
48827,289219385
48829,169726882
48831,188522125
48832,67139626
48834,119804593
48835,144985772
48836,240929252
48837,205903375
48838,239316709
48840,50126765
48841,61375156
48842,46561515
48843,233192409
48845,63562481
48846,280780513
48847,317130221
48848,171258445
48849,214709390
48850,209222727
48851,80778443
48852,1082656
48853,2422116
48854,288787687
48855,235512319
48856,71236409
48857,59379218
48858,447830528
48860,76653985
48861,60731320
48864,55850799
48865,57895935
48866,125710640
48867,356734264
48870,153209
48871,78435518
48872,146057256
48873,86720834
48874,1491533
48875,223317611
48876,35852719
48877,87266802
48878,83151997
48879,489504055
48880,194333065
48881,144349983
48883,304650268
48884,157603272
48885,43996747
48886,77184861
48888,229258241
48889,76615153
48890,80557033
48891,110809604
48892,140637138
48893,132912012
48894,74559668
48895,215090708
48896,705778
48897,84048665
48906,85911964
48910,39387542
48911,41191932
48912,12437941
48915,4700981
48917,62988853
48921,922687
48933,1955281
49001,19953789
49002,45743399
49004,54589204
49006,16892918
49007,9343540
49008,16936192
49009,265767925
49010,411284904
49011,83714749
49012,80330458
49013,152835400
49014,195816207
49015,60960017
49017,143664213
49021,237873291
49022,178163965
49024,44431307
49026,76512500
49027,1105549
49028,307593418
49029,87187103
49030,122695749
49031,296311533
49032,95310088
49033,83599415
49034,97995648
49036,407767508
49037,64216334
49038,97696829
49040,103900693
49042,140970720
49043,83849573
49045,224579738
49046,204617193
49047,309539770
49048,98167143
49050,64444785
49051,76167724
49052,79842617
49053,62344766
49055,152475645
49056,146626076
49057,133348170
49058,381676496
49060,48961195
49061,97057171
49064,117693973
49065,112435827
49066,52322367
49067,214798558
49068,335283948
49070,68377005
49071,73716790
49072,145400080
49073,180566137
49074,183834
49075,138653
49076,144554982
49078,124317802
49079,215373765
49080,201890135
49082,222637382
49083,87514338
49084,48874
49085,60962897
49087,158383891
49088,83196805
49089,100084371
49090,204064893
49091,225606248
49092,144645924
49093,273792274
49094,147896691
49095,72034221
49096,171824791
49097,192725497
49098,84043925
49099,152958546
49101,56501462
49102,40070136
49103,115240976
49104,412373
49106,40687968
49107,169400038
49111,105808834
49112,111466771
49113,91576422
49115,3459960
49116,5461197
49117,49552166
49119,337870
49120,304174207
49125,34957073
49126,41425425
49127,41930852
49128,111092070
49129,12978887
49130,31256912
49201,395636668
49202,36104268
49203,68169647
49220,73365878
49221,306755081
49224,256078009
49227,66176621
49228,205760958
49229,142783496
49230,169940382
49232,162574353
49233,55480249
49234,56756740
49235,129323988
49236,97284392
49237,98757113
49238,73236620
49240,273777583
49241,88131885
49242,234694377
49245,250228196
49246,88516254
49247,221526413
49248,85157229
49249,82960861
49250,202351774
49251,151137156
49252,101007214
49253,63561900
49254,8402567
49255,103562608
49256,152542920
49259,72484255
49261,1517829
49262,59381035
49263,260619
49264,69470192
49265,77854617
49266,114477742
49267,103452742
49268,55887862
49269,155502397
49270,116065528
49271,142760031
49272,29369394
49274,154857661
49276,58534938
49277,92016270
49279,68234522
49282,7585848
49283,35214561
49284,137914536
49285,192446610
49286,154621544
49287,72894145
49288,97739975
49289,1861768
49301,146913535
49302,126281332
49303,38918450
49304,334899018
49305,119016239
49306,51301311
49307,352398702
49309,318913689
49310,231090954
49312,75006120
49315,138658511
49316,147384783
49318,46001374
49319,225546096
49320,927968
49321,66888417
49322,66314281
49323,127153746
49325,72235908
49326,61727407
49327,239865271
49328,146525301
49329,211333501
49330,114819979
49331,234286390
49332,117061280
49333,205952497
49335,2457768
49336,202873401
49337,291362361
49338,136437499
49339,75865260
49340,223978088
49341,215723410
49342,116377319
49343,137132731
49344,83422638
49345,137574771
49346,166765642
49347,48180076
49348,172417077
49349,498658948
49401,66522530
49402,319819933
49403,122028023
49404,161180178
49405,178673712
49406,4846926
49408,272940999
49410,111841812
49411,223957168
49412,279452613
49415,76228548
49417,120300210
49418,48959004
49419,186798670
49420,305593518
49421,346474503
49423,201001993
49424,148685946
49425,164996664
49426,161994474
49428,42703281
49431,269006673
49434,147970
49435,56773719
49436,80970757
49437,170345167
49440,1553600
49441,56294159
49442,112778955
49444,61548258
49445,158487676
49446,83800396
49448,86064095
49449,107953149
49450,76333101
49451,214815513
49452,119041886
49453,28115005
49454,189251433
49455,216100206
49456,64448511
49457,200330093
49458,18569990
49459,196548346
49460,141511110
49461,112855244
49464,194944288
49503,18645875
49504,28580995
49505,23052295
49506,18867477
49507,14292423
49508,31244444
49509,18797379
49512,58579517
49519,20640547
49525,60851414
49534,90552216
49544,53859546
49546,46776951
49548,27394373
49601,534188465
49611,4076556
49612,61121358
49613,60804538
49614,218676379
49615,180520780
49616,95704358
49617,116814103
49618,80451482
49619,162464533
49620,135337982
49621,152068252
49622,116040382
49623,148484906
49625,217778053
49626,3600526
49627,4323064
49628,1935742
49629,10404208
49630,117069358
49631,384237194
49632,219331295
49633,425354857
49634,386567
49635,104325019
49636,30983593
49637,64755676
49638,178236310
49639,155617759
49640,154390523
49642,46949107
49643,145672677
49644,298033545
49645,104047592
49646,574861703
49648,68910876
49649,269475251
49650,63789754
49651,579260533
49653,72027477
49654,90065552
49655,232796921
49656,327683182
49657,249732215
49659,427142095
49660,483622475
49663,440657299
49664,149685195
49665,406875508
49666,6558346
49667,206211694
49668,275381726
49670,119589205
49674,4161101
49675,31268717
49676,111559950
49677,342400667
49679,142602935
49680,134979660
49682,95210588
49683,222974625
49684,261003830
49686,311447319
49688,249926065
49689,203718275
49690,198919597
49701,32554355
49705,196398692
49706,161858577
49707,559611117
49709,590062765
49710,94277543
49712,185728706
49713,256248949
49715,476036294
49716,62634821
49717,2370777
49718,128867706
49719,151606673
49720,247697492
49721,669986277
49722,1719396
49724,144013387
49725,124723485
49726,333385413
49727,334370544
49728,463887410
49729,97813318
49730,241943960
49733,327274821
49735,648795179
49736,209675770
49738,760747687
49740,320319848
49743,233246029
49744,91841733
49745,203606253
49746,548470162
49747,250455156
49748,271715206
49749,188251747
49751,392812262
49752,66380707
49753,442640767
49755,258499337
49756,423566666
49757,11275045
49759,390695340
49760,371907513
49762,566630633
49764,154133
49765,650570134
49766,114732475
49768,426629677
49769,138195007
49770,284098586
49774,417400532
49775,90947006
49776,320237948
49777,164912984
49779,312540853
49780,775538244
49781,203698504
49782,188272585
49783,391216328
49788,20073348
49791,2789894
49793,160001354
49795,338309394
49796,5246155
49799,286158561
49801,390422058
49802,20523282
49805,78030258
49806,118452095
49807,543130303
49808,418391355
49812,184733887
49814,600940662
49815,303671585
49816,143802907
49817,237722138
49818,466121559
49819,33681740
49820,52894859
49821,373735559
49822,157199568
49825,58966119
49826,36993642
49827,266278841
49829,168726335
49831,302480717
49833,20954985
49834,93414763
49835,244514512
49836,261738996
49837,178325263
49838,361172579
49839,359542987
49840,467659353
49841,496771536
49847,153038276
49848,11088468
49849,737376666
49852,614147
49853,439206348
49854,1343083927
49855,520014199
49858,222280081
49861,508650787
49862,425054580
49863,1408928
49864,12282464
49866,376695092
49868,1825956744
49870,142384722
49871,33740176
49872,49103060
49873,435231947
49874,102445827
49876,8958237
49877,314875959
49878,1209817563
49879,365858976
49880,560356908
49881,120347828
49883,696715788
49884,729264898
49885,381403523
49886,40294083
49887,556122981
49891,220667216
49892,421827368
49893,194414687
49894,2164789
49895,566347493
49896,152109651
49901,6206198
49902,816801
49903,480152348
49905,154004904
49908,268644950
49910,313101054
49911,107236508
49912,554684095
49913,181466753
49915,2333672
49916,276552557
49917,4444590
49918,122104027
49919,307951747
49920,1095083362
49921,1060914
49922,15203968
49925,328260770
49927,45235506
49929,45763825
49930,126693316
49931,73201606
49934,5722853
49935,1229697727
49938,616006654
49942,2640830
49945,429646703
49946,703527694
49947,827675198
49948,344278669
49950,462748321
49952,170361035
49953,1087668628
49955,29358844
49958,313896041
49959,1834602
49960,109230512
49961,155371175
49962,258690345
49963,31084521
49965,536224845
49967,879300331
49968,648359211
49969,675796165
49970,266710096
49971,243950016
50001,62138637
50002,278946912
50003,296301978
50005,69350801
50006,317603456
50007,13230085
50008,219751886
50009,65110196
50010,154300206
50011,125094
50012,1970842
50014,144701867
50020,248209192
50021,66699223
50022,431447651
50023,57376579
50025,507431790
50026,142869455
50027,72295870
50028,114898341
50029,104992032
50032,955412
50033,289882
50034,161883963
50035,116754372
50036,500730843
50038,7909663
50039,60611298
50041,1091042
50042,83827850
50044,118458611
50046,119244043
50047,150483985
50048,226295339
50049,520831433
50050,197638336
50051,66180485
50052,50869679
50054,151338093
50055,126026086
50056,148870690
50057,52157425
50058,364071769
50060,452581183
50061,79934741
50062,80070229
50063,170414677
50064,40413842
50065,147313677
50066,64261100
50067,86811520
50068,114801422
50069,13203580
50070,170639127
50071,292783541
50072,228440994
50073,67245570
50074,125806839
50075,119361202
50076,289965748
50078,662938
50101,25553549
50102,1304963
50103,157259188
50104,28940553
50105,20560442
50106,170038479
50107,130379034
50108,188443610
50109,56213259
50111,71154727
50112,475179403
50115,440938714
50116,44058226
50117,71585238
50118,49645955
50119,39608387
50120,43950129
50122,218555534
50123,204311597
50124,54175711
50125,423836379
50126,351570071
50127,28260
50128,75688821
50129,434047299
50130,170599765
50131,55679280
50132,74610535
50133,195971334
50134,48164993
50135,192726895
50136,100558638
50138,442294769
50139,229430672
50140,239711574
50141,93626409
50142,2557065
50143,92538067
50144,361450086
50146,75846003
50147,187382401
50148,51098075
50149,213331163
50150,147921882
50151,205302998
50153,80343093
50154,53144148
50155,78465749
50156,231929421
50157,168370013
50158,547772995
50160,971186
50161,210950112
50162,132095112
50163,1219957
50164,137992501
50165,6422172
50166,162197141
50167,102105520
50168,104710670
50169,103016830
50170,227974824
50171,279914010
50173,79765014
50174,278516494
50201,300131552
50206,124112593
50207,366313656
50208,425051891
50210,196415792
50211,145653126
50212,351562848
50213,542667255
50214,100057202
50216,140468162
50217,178621336
50218,543494
50219,303908423
50220,266727049
50222,108352212
50223,75824021
50225,215916963
50226,97511698
50227,966787
50228,180073069
50229,105343123
50230,223891628
50231,1050171
50232,86216305
50233,130640669
50234,80969291
50235,120739661
50236,89328889
50237,143451120
50238,301466256
50239,43996343
50240,197061268
50242,106817264
50243,1429823
50244,57592537
50246,120140658
50247,215692340
50248,211583115
50249,201201662
50250,264907288
50251,105082427
50252,22123852
50254,113426185
50255,477443
50256,70005067
50257,103298000
50258,139020129
50261,171571225
50262,83675798
50263,89736160
50264,174276456
50265,44698601
50266,42903905
50268,123395222
50271,172820307
50272,1950984
50273,518734156
50274,129890422
50275,131719598
50276,207995487
50277,104453459
50278,138821912
50309,7300339
50310,20824412
50311,6505827
50312,14684370
50313,45841401
50314,6428723
50315,25945270
50316,9209713
50317,57733456
50319,213691
50320,48346180
50321,30381460
50322,27890731
50323,20051012
50324,3728644
50325,19933459
50327,48239797
50401,386298266
50420,117339549
50421,232499673
50423,373573173
50424,315854722
50426,60115
50428,306745370
50430,160952043
50431,1936775
50432,1112547
50433,125861812
50434,23250979
50435,105271306
50436,352539783
50438,343202369
50439,84616353
50440,80662387
50441,395113695
50444,55946108
50446,108696959
50447,260052975
50448,160285279
50449,94989383
50450,209818251
50451,164335393
50452,127232348
50453,114168343
50454,44766371
50455,84207873
50456,120255238
50457,88503712
50458,190646364
50459,373316205
50460,93196935
50461,446679480
50464,61009261
50465,9497235
50466,353993242
50467,712182
50468,255966266
50469,227803624
50470,62885280
50471,110088604
50472,315750899
50473,95399895
50475,230913706
50476,101626454
50477,58455861
50478,191508508
50479,150183686
50480,162133410
50482,74538648
50483,198210465
50484,113633666
50501,404026411
50510,219140407
50511,321055308
50514,285570071
50515,95985258
50516,63861473
50517,196408904
50518,80803777
50519,142395645
50520,61321538
50521,3160848
50522,175965354
50523,109190936
50524,148457566
50525,361295236
50527,141597246
50528,191697633
50529,1399933
50530,167506794
50531,96657853
50532,181264548
50533,258512725
50535,158353893
50536,366257834
50538,80897289
50539,139538052
50540,274582564
50541,236217632
50542,172846427
50543,212831567
50544,75462860
50545,97236585
50546,136970283
50548,321537984
50551,69715733
50554,230388786
50556,101271962
50557,129031389
50558,114668267
50559,102790940
50560,225266938
50561,119453012
50562,165088966
50563,252676588
50565,113933839
50566,89845528
50567,67107582
50568,219872746
50569,54357548
50570,112172564
50571,115641237
50573,1077740
50574,288084680
50575,163403457
50576,93036823
50577,107328851
50578,192199936
50579,355386428
50581,245969304
50582,53238465
50583,305136571
50585,164764839
50586,91053427
50588,356321816
50590,204002978
50591,73973530
50593,411086
50594,67115147
50595,399176127
50597,213350728
50598,176474234
50599,132957017
50601,367844917
50602,207319862
50603,122972008
50604,184412057
50605,38865917
50606,184449140
50607,123107367
50609,89200070
50611,78763425
50612,57580999
50613,325891899
50616,447013400
50619,229320869
50620,253762
50621,165398900
50622,64793013
50624,135235396
50625,157901834
50626,130257724
50627,276453271
50628,289171697
50629,204522070
50630,214518813
50632,109674729
50633,102857710
50634,994561
50635,217522861
50636,312805218
50638,245829648
50641,122810404
50642,83369896
50643,162713760
50644,369499298
50645,213812909
50647,77440320
50648,223035169
50650,106677392
50651,290088158
50652,675613
50653,134009068
50654,136188207
50655,90962081
50658,184319964
50659,403480122
50660,100153439
50662,175817774
50664,95350
50665,253289497
50666,139334327
50667,5232184
50668,87516010
50669,239738490
50670,147675045
50671,57516937
50672,94929513
50673,445915
50674,405275138
50675,287086651
50676,147870501
50677,322021353
50680,138650940
50681,63049585
50682,220931404
50701,211360014
50702,24468097
50703,242451829
50707,24956884
50801,541144216
50830,305947041
50833,532934619
50835,43864487
50836,231147048
50837,130570446
50839,1816005
50840,129509330
50841,606084881
50842,669424
50843,195833796
50845,284295766
50846,238791111
50847,824846
50848,117220674
50849,303486226
50851,333872391
50853,195793681
50854,348732862
50857,131037148
50858,206774685
50859,206280046
50860,114506922
50861,112880984
50862,56002801
50863,77735260
50864,377093382
51001,360571936
51002,297041186
51003,144341437
51004,212017010
51005,244144837
51006,211572784
51007,87318024
51008,649526
51009,600203
51010,175387790
51011,1287707
51012,386625718
51014,139616311
51016,262372049
51018,95007417
51019,237189574
51020,140846090
51022,204081160
51023,269301251
51024,232644050
51025,278373628
51026,280928794
51027,239693783
51028,328877376
51029,58635123
51030,153837621
51031,605047892
51033,163378613
51034,290187531
51035,278976875
51036,114370125
51037,61696465
51038,233763276
51039,222604722
51040,394260075
51041,184548333
51044,89676323
51046,240752565
51047,199489820
51048,86240653
51049,113072303
51050,353266719
51051,8729803
51052,155976405
51053,195089191
51054,103939929
51055,172795968
51056,88612392
51058,214595969
51060,156216819
51061,121469914
51062,144453916
51063,159921596
51101,3059083
51103,27311426
51104,20115716
51105,15751187
51106,80719450
51108,116060364
51109,46990867
51111,17323008
51201,295723396
51230,64874874
51231,73029490
51232,156614020
51234,129270877
51235,144972036
51237,249747896
51238,118846018
51239,171721125
51240,262731857
51241,232758384
51242,1179284
51243,139202024
51244,788869
51245,203413251
51246,424372043
51247,289394239
51248,214496975
51249,324668761
51250,185953808
51301,404708519
51331,4364043
51333,167531137
51334,485528395
51338,188586440
51341,893940
51342,214273434
51343,64798960
51345,145805653
51346,377302716
51347,218919083
51350,112104252
51351,273431460
51354,226461052
51355,6209286
51357,108590739
51358,189130582
51360,288883254
51363,912846
51364,167034878
51365,52379289
51366,163534005
51401,453492507
51430,105496150
51431,101935406
51433,146054630
51436,156771985
51439,223131179
51440,66015883
51441,40165155
51442,448310715
51443,275567957
51444,422246
51445,327465615
51446,90260823
51447,90268947
51448,144010680
51449,231486949
51450,153299500
51451,974331
51453,223276341
51454,259213957
51455,286970933
51458,244888779
51459,1354392
51461,130022354
51462,279440826
51463,77535938
51465,141083117
51466,133431989
51467,168853208
51501,62413906
51503,307517020
51510,4647504
51520,48587809
51521,222025137
51523,133141500
51525,158056443
51526,108378916
51527,100568230
51528,189820519
51529,333100463
51530,140236575
51531,73939444
51532,147652414
51533,213611886
51534,260160797
51535,337194223
51536,124193282
51537,421586923
51540,140716930
51541,106726244
51542,92260815
51543,57415614
51544,144958878
51545,113997775
51546,292981412
51548,64249229
51549,84609732
51550,1443394
51551,209883348
51552,91256499
51553,118301077
51554,6685582
51555,403808873
51556,114368464
51557,180192672
51558,213130695
51559,220153297
51560,253740343
51561,155109924
51562,87844130
51563,142055070
51564,103453015
51565,126093537
51566,456144022
51570,166712819
51571,121237489
51572,114186992
51573,155733858
51575,126687849
51576,129895167
51577,206915849
51578,96684
51579,300426780
51601,275868388
51630,65736307
51631,95638425
51632,540326628
51636,144434621
51637,4192322
51638,220309220
51639,186957309
51640,310331120
51645,107043332
51646,162181420
51647,49689882
51648,127310083
51649,105693723
51650,75412280
51652,198866283
51653,89310870
51654,134384022
51656,440196
52001,67780438
52002,74690896
52003,146008972
52030,685951
52031,434093053
52032,272313972
52033,252534637
52035,138993863
52037,176730691
52038,76144583
52039,91030385
52040,157649391
52041,155041266
52042,161423704
52043,258325997
52044,31399476
52045,123925073
52046,119184453
52047,88316131
52048,85816093
52049,179161489
52050,83972686
52052,230273646
52053,153365320
52054,138806060
52057,361760078
52060,408287580
52064,106487105
52065,131270313
52066,681956
52068,120422059
52069,132598852
52070,128894867
52072,87094505
52073,127412180
52074,80091275
52076,252901003
52077,83706860
52078,106240584
52079,153895779
52101,804297454
52132,157249129
52133,118276385
52134,77559453
52135,67367180
52136,552203721
52140,201525257
52141,216827360
52142,188641401
52144,194138299
52146,202321781
52147,187840373
52151,311794395
52154,189897810
52155,274628778
52156,110195360
52157,146500748
52158,3002915
52159,197039531
52160,103210062
52161,140304608
52162,259086924
52163,4588973
52164,65279192
52165,172030450
52166,488240
52168,415559
52169,76942543
52170,120174630
52171,205821464
52172,409930350
52175,224707624
52201,171642869
52202,65270238
52203,118234932
52205,308813047
52206,73245907
52207,102186274
52208,150290042
52209,95204000
52210,90408662
52211,236011964
52212,60781953
52213,193397269
52214,244309331
52215,223920680
52216,146924409
52217,152036198
52218,186495556
52219,1157140
52220,1194254
52221,53788581
52222,208846376
52223,125817629
52224,256594591
52225,91251207
52227,74494699
52228,96821393
52229,127345836
52231,84639744
52232,47498335
52233,9087063
52235,4902623
52236,74195527
52237,210347960
52240,412583743
52241,30691903
52242,1861032
52245,21409164
52246,23515373
52247,206295202
52248,294506626
52249,131160381
52251,106289410
52253,119577065
52254,146746631
52255,112385437
52257,40665428
52301,315914574
52302,192198856
52305,73493549
52306,193533438
52307,482885
52308,211890
52309,74161803
52310,385075199
52312,221766
52313,83409266
52314,154326031
52315,75002545
52316,180062544
52317,89804249
52318,95080320
52320,152785403
52321,77834118
52322,230660771
52323,132025678
52324,103892064
52325,108982046
52326,5270322
52327,216570165
52328,7963286
52329,131742831
52330,123114406
52332,109610483
52333,223087068
52334,43078954
52335,144634010
52336,127178910
52337,70714335
52338,87381987
52339,264572350
52340,42913882
52341,33937571
52342,232537096
52345,8171685
52346,134845569
52347,166629739
52348,2357934
52349,379558303
52351,2156483
52352,203389332
52353,395063466
52354,76593833
52355,95181228
52356,232445207
52358,200272841
52359,38168563
52361,330072211
52362,157403817
52401,3070762
52402,35714946
52403,67959818
52404,142383472
52405,37765380
52411,42562409
52501,584568428
52530,36663512
52531,562765325
52533,227621428
52534,1012462
52535,149442333
52536,159956274
52537,896244978
52540,253554531
52542,117023730
52543,53378309
52544,355014121
52548,576707
52549,113331752
52550,100577772
52551,149357561
52552,150436467
52553,216218041
52554,92616720
52555,64674252
52556,457223677
52557,116099
52560,90878127
52561,90093290
52563,299021744
52565,300828536
52566,2706607
52567,72883272
52569,241557044
52570,177231236
52571,247880544
52572,251780913
52573,73619675
52574,101241582
52576,117041972
52577,411870537
52580,98696226
52581,98275500
52583,120561089
52584,58403280
52585,145148288
52586,122407505
52588,26616732
52590,194058217
52591,327551485
52593,42464725
52594,121926713
52595,1200707
52601,287140841
52619,94003580
52620,137753251
52621,109472504
52623,149938565
52624,1656465
52625,285129061
52626,243597401
52627,176663153
52630,109876404
52632,131963046
52635,111433453
52637,172008660
52638,88005670
52639,98989988
52640,188683783
52641,548479117
52644,111094490
52645,184279069
52646,140334694
52647,893638
52649,119342277
52650,104291267
52651,156607846
52653,291930236
52654,135531006
52655,42406218
52656,246613956
52657,494825
52658,117837815
52659,159703462
52660,57330904
52701,1633362
52720,105688192
52721,108720388
52722,68726248
52726,93486189
52727,63043512
52728,4124967
52729,108718298
52730,94750563
52731,136739262
52732,287286582
52737,612158
52738,318127071
52739,84943156
52742,303379625
52745,73938194
52746,68563259
52747,56082833
52748,106897657
52749,5236055
52750,77963303
52751,128813285
52752,986581
52753,64507943
52754,184738814
52755,156465312
52756,110778472
52757,3066908
52758,1609389
52760,56928745
52761,458403979
52765,78185480
52766,117338250
52767,1732533
52768,83497572
52769,106677596
52772,339607194
52773,145775407
52774,740029
52776,219106230
52777,139947634
52778,215802542
52801,939345
52802,24764696
52803,13264145
52804,87505763
52806,79458928
52807,76471571
53001,76360011
53002,82280966
53003,1213077
53004,91499624
53005,38067190
53006,106393591
53007,2000439
53010,266604942
53011,102655250
53012,90673069
53013,74849029
53014,331173197
53015,102876864
53016,1233342
53017,45304368
53018,29704944
53019,102825081
53020,159228459
53021,85749617
53022,72191923
53023,104540203
53024,70724147
53027,239087585
53029,96335565
53031,23759
53032,83484513
53033,38019019
53034,21617561
53035,91735613
53036,69389033
53037,59489006
53038,78180744
53039,183537819
53040,168812224
53042,159722455
53044,10200089
53045,37232392
53046,6373038
53047,422654
53048,68659842
53049,102836790
53050,177484389
53051,85313030
53057,85341226
53058,14978444
53059,81695991
53061,118464888
53063,101356548
53065,115875126
53066,274069030
53069,1001038
53070,74066087
53072,75532138
53073,210968743
53074,78032088
53075,93931486
53076,57485993
53078,87389643
53079,88076092
53080,74346757
53081,66117392
53083,83921197
53085,184266607
53086,55603732
53088,3404167
53089,70449272
53090,145206119
53091,66780717
53092,52719518
53093,52005184
53094,232225456
53095,186304981
53097,69761083
53098,267557596
53103,33300504
53104,82503911
53105,407975434
53108,51281905
53110,12330751
53114,89882974
53115,184531418
53118,97053122
53119,100017354
53120,149784912
53121,298326943
53122,8464050
53125,14139274
53126,135269868
53128,65818779
53129,13316929
53130,8270466
53132,90083219
53137,83743530
53139,77514884
53140,22249698
53142,56123731
53143,10812031
53144,113202909
53146,47450962
53147,184163951
53149,152197732
53150,86686160
53151,46014763
53153,10584836
53154,73801094
53156,83486389
53158,78501282
53167,553000
53168,91243999
53170,2654890
53172,12505971
53177,70628987
53178,80768366
53179,27813097
53181,36380222
53182,147176277
53183,9205220
53184,75949421
53185,119003816
53186,32547310
53188,71399440
53189,122835418
53190,347685478
53191,10007975
53192,2683958
53195,841628
53202,5470476
53203,1160405
53204,8502201
53205,3662147
53206,6960387
53207,25683594
53208,10105879
53209,28183323
53210,6590586
53211,10109258
53212,10556378
53213,10448849
53214,18827219
53215,14661822
53216,12013699
53217,36639219
53218,15212093
53219,12810613
53220,14345932
53221,23655554
53222,14320969
53223,26366961
53224,25423771
53225,17781396
53226,17816316
53227,13184833
53228,13515675
53233,4374039
53235,6631598
53295,603340
53402,53045456
53403,24684799
53404,11538536
53405,16853662
53406,42934885
53501,168878
53502,132601995
53503,146299220
53504,236293235
53505,47697270
53506,164009212
53507,163014369
53508,179953938
53510,108859920
53511,286235119
53515,96072056
53516,215590827
53517,114711240
53518,194354668
53520,318321079
53521,158510970
53522,100325876
53523,125571608
53525,144693886
53526,21048839
53527,93097576
53528,121060476
53529,94917637
53530,345708865
53531,109629341
53532,139986698
53533,372555271
53534,210575908
53536,244914578
53537,2286965
53538,257094058
53540,3546448
53541,160349380
53543,205922714
53544,103654034
53545,64137000
53546,214050427
53548,185011470
53549,180980465
53550,124122403
53551,109423733
53553,22567749
53554,121102469
53555,206490941
53556,120523429
53557,14587211
53558,44967597
53559,164852742
53560,152632993
53561,93262224
53562,82490156
53563,167355495
53565,473629699
53566,399361668
53569,114458784
53570,186469143
53571,1059150
53572,269543083
53573,281982269
53574,107049405
53575,141596197
53576,81116811
53577,118887449
53578,127514763
53579,110950132
53580,53525347
53581,616574273
53582,88555904
53583,197461719
53585,70675681
53586,260161048
53587,149823583
53588,355121449
53589,218239306
53590,173002076
53593,186205292
53594,183109446
53597,134226550
53598,8929659
53599,624263
53702,43101
53703,4713531
53704,58052774
53705,17032624
53706,1368029
53711,66103402
53713,27004904
53714,11967877
53715,3133742
53716,17009331
53717,9443331
53718,51914422
53719,26171348
53726,1282411
53792,54498
53801,153267038
53802,2465314
53803,31792350
53804,131133935
53805,360066825
53806,179792965
53807,276262053
53808,2134308
53809,262224130
53810,95432990
53811,125644009
53813,382701827
53816,156309704
53817,4033923
53818,397453726
53820,232940971
53821,268034964
53825,79895543
53826,185211197
53827,88052197
53901,367674811
53910,159300840
53911,92481870
53913,340653255
53916,260084780
53919,178156691
53920,20539910
53922,118608228
53923,200114844
53924,181094309
53925,325166470
53926,125393381
53928,725604
53929,207101138
53930,104486570
53931,2196599
53932,96084749
53933,96574458
53934,312038108
53935,2552380
53936,153466321
53937,133083509
53939,1349547
53941,180790444
53943,126421339
53944,201075325
53946,327881692
53947,661608
53948,381378830
53949,439590041
53950,267239116
53951,189663557
53952,244980624
53953,6359733
53954,205300285
53955,191571793
53956,203521572
53959,286055722
53960,234193603
53961,62091611
53963,216995984
53964,293200482
53965,438476639
53968,186593657
53969,2402107
54001,299981407
54002,195738283
54003,75047273
54004,217625332
54005,206148741
54006,70419846
54007,122193177
54009,83499428
54010,35434
54011,266468191
54013,262841544
54014,112213730
54015,97917410
54016,176615535
54017,358374022
54020,196717680
54021,115340992
54022,363553761
54023,106914583
54024,218346029
54025,125864727
54026,71835719
54027,77427270
54028,107224424
54082,35011338
54101,137230283
54102,254503627
54103,193449891
54104,527022669
54106,237298589
54107,190810668
54110,167338344
54111,136560935
54112,162608826
54113,4455692
54114,635796176
54115,324921101
54119,242942827
54120,253053917
54121,677017204
54123,1248375
54124,243894422
54125,192025755
54126,196883214
54127,218662
54128,134191447
54129,187551068
54130,206521708
54135,208327445
54136,5394102
54137,67760384
54138,188925855
54139,248105390
54140,8316989
54141,66308803
54143,175582728
54149,324536126
54150,44368470
54151,312426729
54153,261708085
54154,215819322
54155,89004811
54156,353164622
54157,229890789
54159,163008246
54160,1158752
54161,322305231
54162,295382965
54165,241925543
54166,366034379
54169,8845289
54170,296103433
54171,60040252
54173,36464036
54174,494720818
54175,140500563
54177,445748436
54180,10620797
54201,193899494
54202,107477457
54204,123315315
54205,106817652
54207,2561063
54208,265103641
54209,102008191
54210,69091037
54211,9187619
54212,85260349
54213,94926581
54214,739429
54216,280593909
54217,292277773
54220,255699277
54227,81077746
54228,104126199
54229,106267782
54230,284381008
54232,1926807
54234,62262154
54235,497663528
54241,172002735
54245,105058713
54246,65998150
54247,88055054
54301,16831163
54302,24801593
54303,28232416
54304,30441016
54307,210104
54311,166017059
54313,155453688
54401,215366551
54403,347053004
54405,77463111
54406,173720971
54407,121801619
54408,115566693
54409,549135127
54410,171918915
54411,492549529
54412,187343362
54413,81232588
54414,333776432
54416,214990863
54417,807742
54418,302438245
54420,99685904
54421,183459809
54422,100423908
54423,138100781
54424,425286810
54425,114182543
54426,280673686
54427,116268775
54428,169095495
54430,12610029
54433,415634940
54435,567961398
54436,276403024
54437,308227889
54440,219197930
54441,2406646
54442,192625531
54443,234940131
54446,198010519
54447,80498377
54448,230290671
54449,441520348
54450,4322594
54451,899479483
54452,1145574921
54454,117950320
54455,596383118
54456,574895144
54457,350975311
54458,1733612
54459,358698098
54460,220658881
54462,105498177
54463,207842019
54465,72780677
54466,785712687
54467,178592760
54469,6594426
54470,273692109
54471,120022033
54473,222126872
54474,11259278
54475,95412859
54476,109602581
54479,206612384
54480,90395225
54481,165197627
54482,236865062
54484,269667963
54485,53245868
54486,318505158
54487,777952160
54488,103595019
54489,114092698
54490,291709521
54491,462609068
54493,281502348
54494,345117013
54495,278343346
54498,314479301
54499,292102764
54501,946825516
54511,720732353
54512,198865513
54513,244034945
54514,538714412
54515,214646765
54517,201377709
54519,207743597
54520,370296735
54521,588212532
54524,236972092
54525,1878548
54526,285948325
54527,600203095
54529,171412505
54530,281794533
54531,201154567
54534,338522174
54536,129422924
54537,251078673
54538,289795619
54539,126558608
54540,214707233
54541,347079056
54542,688108240
54545,112779953
54546,558148174
54547,563554743
54548,229131668
54550,61999908
54552,901304837
54554,224925740
54555,821380587
54556,230580452
54557,239534959
54558,110593696
54559,354876444
54560,90737921
54561,43095502
54562,374920291
54563,107532916
54564,456829129
54565,266100769
54566,337955621
54568,197375759
54601,190434226
54603,23737625
54610,331580831
54611,140223697
54612,401274318
54613,189685517
54614,211049704
54615,778419040
54616,230738391
54618,257998021
54619,266400505
54621,97772756
54622,151121736
54623,135668597
54624,169588127
54625,16336105
54626,173376874
54627,211657196
54628,193639354
54629,283517409
54630,203855560
54631,272941001
54632,121081545
54634,385760630
54635,222470072
54636,214049856
54637,935601
54638,143607704
54639,249668466
54641,9669170
54642,244937324
54643,237716
54644,162378207
54645,1257948
54646,434972121
54648,186930251
54650,80608280
54651,149715827
54652,93345360
54653,44684165
54654,1871898
54655,233425180
54656,647251438
54657,70560768
54658,93949750
54659,146572230
54660,395534700
54661,134913448
54664,203365544
54665,456544337
54666,591002787
54667,225890309
54669,132517918
54670,139862046
54701,222494444
54703,205716989
54720,12675521
54721,164902987
54722,373168957
54723,79467778
54724,412880497
54725,258711878
54726,213778299
54727,363145289
54728,327441702
54729,430841415
54730,359960259
54731,125718650
54732,285818174
54733,118893561
54734,85431628
54736,327451422
54737,55972236
54738,258202678
54739,263981749
54740,235529657
54741,248518059
54742,270387380
54745,340892649
54746,112932206
54747,292352805
54748,106357132
54749,99809290
54750,164782228
54751,588909692
54754,221610201
54755,704618618
54756,185798589
54757,406754310
54758,412407777
54759,133689759
54760,373550
54761,106059757
54762,128001430
54763,143549561
54765,29769
54766,341242337
54767,216898822
54768,325610991
54769,81531439
54770,177275438
54771,401809753
54772,155505096
54773,188606694
54801,488827231
54805,86373663
54806,686901572
54810,117388874
54812,238511471
54813,140830570
54814,380212631
54817,418827792
54819,430041145
54820,284429233
54821,478650909
54822,123829463
54824,97454019
54826,126801121
54827,111814727
54828,158696480
54829,345395581
54830,929907458
54832,273393938
54835,369196552
54836,339276482
54837,454993919
54838,598017661
54839,120655746
54840,659901917
54841,936748
54842,16294379
54843,1140589914
54844,157391295
54845,17312749
54846,81018107
54847,426761843
54848,483949434
54849,234763296
54850,201396992
54853,241932796
54854,206511282
54855,186213048
54856,598221162
54857,730006
54858,49952644
54859,469072061
54861,12326462
54862,115294706
54864,131758432
54865,159142293
54867,85270167
54868,543291208
54870,233410613
54871,288134822
54872,161191892
54873,696484007
54874,381426205
54875,286332420
54876,264011899
54880,445639364
54888,247682488
54889,181340753
54891,190537061
54893,408331839
54895,274657888
54896,1121199517
54901,43206824
54902,90959608
54904,193290628
54909,248614738
54911,21469519
54913,163046984
54914,46115023
54915,40603028
54921,201907799
54922,122997954
54923,350579710
54927,588418
54928,28402695
54929,309083456
54930,240885027
54931,674591
54932,78273306
54933,2527055
54934,869632
54935,40826418
54937,295738471
54940,225019487
54941,83931595
54942,53456639
54943,317703462
54944,175455302
54945,272034426
54946,18110
54947,120407599
54948,36682594
54949,163825765
54950,215486153
54952,72824460
54956,158849994
54960,271400980
54961,319733398
54962,122680206
54963,198273654
54964,92696649
54965,150171641
54966,207713059
54967,8522362
54968,155515265
54970,119903679
54971,285309264
54974,68100187
54977,99505952
54979,67456155
54980,1282242
54981,346256246
54982,322131785
54983,220404000
54984,197458133
54985,261910
54986,73668004
55001,68212073
55003,5412684
55005,50173032
55006,202582352
55007,307907580
55008,260189204
55009,315625791
55011,116459921
55012,59035527
55013,75911198
55014,48324722
55016,75572188
55017,78144995
55018,124805625
55019,52337521
55020,64676035
55021,468379022
55024,230482356
55025,203961710
55026,14244715
55027,307008448
55029,189730
55030,98990390
55031,102560233
55032,180518177
55033,365321713
55036,736427
55037,791584885
55038,128366324
55040,256891123
55041,379714348
55042,63395342
55043,10025535
55044,166161447
55045,91803142
55046,120904343
55047,77732726
55049,124309580
55051,507357037
55052,120629718
55053,111265508
55054,3125422
55055,9169742
55056,262887246
55057,323945320
55060,530894756
55063,432670243
55065,85120778
55066,309764413
55068,111017850
55069,191944749
55070,70674167
55071,13291774
55072,815094285
55073,71832437
55074,90041622
55075,14676968
55076,23663125
55077,48382596
55079,158951509
55080,168382972
55082,202623991
55084,62891502
55085,2114027
55087,527256
55088,90352095
55089,156547907
55090,257450
55092,87420724
55101,2112978
55102,8429713
55103,5404144
55104,15687985
55105,9355449
55106,22411387
55107,10641918
55108,10190025
55109,30305645
55110,62726570
55111,5861833
55112,49235470
55113,38681518
55114,3370309
55115,17415657
55116,14125322
55117,23971212
55118,27285978
55119,36534626
55120,13839792
55121,23392969
55122,29181918
55123,28511045
55124,43564479
55125,39551368
55126,31070111
55127,34971716
55128,29111335
55129,50668710
55130,5140089
55150,877727
55155,136111
55301,26428607
55302,185203640
55303,163562470
55304,178926816
55305,24094173
55306,16092007
55307,201266631
55308,162507019
55309,169867213
55310,257066249
55311,42398020
55312,184552982
55313,281281151
55314,192831645
55315,68638220
55316,21103260
55317,32511624
55318,106941315
55319,183965016
55320,137611809
55321,210344016
55322,141401378
55324,91067204
55325,198816794
55327,46836256
55328,115060233
55329,130326569
55330,270591171
55331,38696413
55332,296664094
55333,183511285
55334,222704622
55335,292201024
55336,330657143
55337,48357093
55338,102558228
55339,58014422
55340,93548777
55341,12265763
55342,418590978
55343,19559684
55344,22832496
55345,29413172
55346,17834878
55347,43741476
55349,169800180
55350,416343698
55352,172876146
55353,218590138
55354,82151373
55355,447816474
55356,32294101
55357,49226936
55358,141944036
55359,108641208
55360,82954036
55362,158093229
55363,70169354
55364,40593354
55366,1722118
55367,53277942
55368,94871420
55369,61780758
55370,59327540
55371,477848144
55372,148527566
55373,28448124
55374,92075140
55375,13567677
55376,78012179
55378,37548982
55379,152684272
55381,118127233
55382,182893165
55384,912250
55385,250410995
55386,17512729
55387,81273209
55388,103913420
55389,192529029
55390,90768674
55391,44006740
55395,53045278
55396,275773121
55397,70612098
55398,201263162
55401,2332880
55402,460409
55403,3531970
55404,4577046
55405,7214095
55406,12954769
55407,10465034
55408,7043371
55409,3216090
55410,7710217
55411,10510714
55412,9390429
55413,8568368
55414,8746775
55415,1107973
55416,18956851
55417,14150246
55418,17508196
55419,10915109
55420,16825481
55421,16269250
55422,21522328
55423,18029371
55424,6310770
55425,12246085
55426,17477995
55427,18698328
55428,20972069
55429,16128470
55430,14650580
55431,20715868
55432,25600099
55433,30083344
55434,23392051
55435,7655102
55436,12273381
55437,16995399
55438,21690586
55439,12367799
55441,22376995
55442,13723978
55443,23964216
55444,11450121
55445,20172553
55446,26339189
55447,22848127
55448,28120831
55449,55919934
55450,9683560
55454,1620925
55455,703997
55601,40796085
55602,348216434
55603,934675284
55604,2305518145
55605,186677426
55606,340004271
55607,1146077113
55609,9368261
55612,420045607
55613,223982735
55614,631467816
55615,285898865
55616,917303204
55702,196432303
55703,360435956
55704,143680458
55705,301423961
55706,159270669
55707,408704395
55708,56685026
55709,594203312
55710,259017490
55711,175224582
55712,487776207
55713,14033772
55716,3550088
55717,283244365
55718,157744262
55719,181392309
55720,416458086
55721,226933155
55722,6937456
55723,1359136333
55724,618741042
55725,702679518
55726,239885927
55731,2179748522
55732,464618415
55733,92760384
55734,257702707
55735,348490884
55736,798116551
55738,281415100
55741,169593420
55742,137420495
55744,643419139
55746,860989068
55748,312443652
55749,206206713
55750,374827983
55751,158660258
55752,520085225
55753,1951385
55756,126087920
55757,282697990
55758,5461334
55760,959802014
55763,452700074
55764,15055926
55765,452013386
55766,46502269
55767,141005342
55768,162364886
55769,470922566
55771,2707286099
55772,38614300
55775,153914533
55779,344504609
55780,65857817
55781,197747905
55782,34349098
55783,274355037
55784,64809271
55785,291236886
55786,11065005
55787,224131099
55790,861744618
55792,258072716
55793,205000826
55795,220859042
55797,179193244
55798,249271392
55802,6778707
55803,868079162
55804,236131436
55805,3655600
55806,8682527
55807,14918643
55808,28071774
55810,132983356
55811,168268882
55812,4545507
55814,108231
55901,77375551
55902,104857236
55904,161045861
55905,154855
55906,165113640
55909,132241462
55910,227385997
55912,487186838
55917,349361901
55918,66918731
55919,112207940
55920,181685253
55921,469208164
55922,110341660
55923,317796272
55924,199760446
55925,78560055
55926,161154309
55927,207590462
55929,119832420
55931,47772540
55932,131701420
55933,68146913
55934,205928201
55935,141125286
55936,211747395
55939,210922780
55940,234624304
55941,64584793
55943,441236405
55944,150862460
55945,257101578
55946,312187062
55947,189150040
55949,286504887
55950,1725723
55951,196405228
55952,170050611
55953,88941810
55954,169383131
55955,81698597
55956,140622462
55957,104245748
55959,96317596
55960,92502798
55961,85772441
55962,163824932
55963,202187321
55964,231585413
55965,297398568
55967,97507700
55968,4099945
55969,79892173
55970,156803100
55971,208837505
55972,224369565
55973,74431966
55974,217060419
55975,397074885
55976,229112431
55977,64010011
55979,152144965
55981,131256506
55982,77779371
55983,100054151
55985,235002293
55987,413682044
55990,119863240
55991,141547394
55992,193566289
56001,296787897
56003,113242346
56007,437904354
56009,249680886
56010,211280788
56011,269940701
56013,438087290
56014,190776471
56016,68072931
56017,74619331
56019,268028093
56020,2666242
56021,93002869
56022,249855
56023,154665582
56024,51400720
56025,129715395
56026,272790317
56027,201941817
56028,57459764
56029,117484190
56031,404126437
56032,1661063
56033,92526397
56034,74444929
56035,1438531
56036,305576014
56037,184921134
56039,228343248
56041,178225893
56042,135737339
56043,52359753
56044,207894833
56045,70896864
56046,3785627
56047,4369850
56048,309528597
56050,54081071
56051,79199938
56052,124152736
56054,153990118
56055,306327655
56056,2669652
56057,224839891
56058,333963571
56060,84864232
56062,325740508
56063,109190549
56065,301881666
56068,169938336
56069,184994719
56071,215222854
56072,315299833
56073,518127533
56074,201964754
56075,151548
56078,56217037
56080,1164266
56081,456513544
56082,321226336
56083,254655972
56085,542866101
56087,379584072
56088,325101755
56089,1967118
56090,119371894
56091,50117335
56093,465078498
56096,138552642
56097,476671611
56098,286892746
56101,450291247
56110,278885381
56111,129874170
56113,94339280
56114,122252737
56115,309690535
56116,110508809
56117,66092859
56118,136542682
56119,234621224
56120,257667933
56121,96396460
56122,131316847
56123,180554504
56125,2621496
56127,135875499
56128,303776410
56129,121079413
56131,420523372
56132,154313421
56134,132353995
56136,222046490
56137,304220457
56138,75037129
56139,115621578
56140,311600
56141,102758025
56142,250115947
56143,472483631
56144,256529421
56145,138898536
56146,2570165
56147,76698902
56149,287880815
56150,444112055
56151,259964038
56152,342619370
56153,9347501
56155,109918306
56156,433126665
56157,117096636
56158,105965936
56159,309861662
56160,55851135
56161,84142553
56162,59474184
56164,678397771
56165,98853223
56166,92226714
56167,131846938
56168,253293366
56169,140765632
56170,178119584
56171,243489761
56172,308522978
56173,74431688
56174,99353932
56175,353805776
56176,158817529
56177,954367
56178,219218093
56180,298693049
56181,169678954
56183,265425482
56185,113578775
56186,162538444
56187,439749188
56201,310256980
56207,121943761
56208,488442128
56209,253271124
56210,586533
56211,280839195
56212,213209905
56214,162526100
56215,547336313
56216,99209807
56218,253373390
56219,196344306
56220,710526928
56221,362813574
56222,246829873
56223,302518249
56224,96273148
56225,276744229
56226,81598689
56227,170541668
56228,152445688
56229,252887156
56230,157538236
56231,257863370
56232,377767472
56235,231382450
56236,252582667
56237,170610802
56239,69558563
56240,387006533
56241,380561165
56243,242390811
56244,311242831
56245,121901892
56248,350507911
56249,171513629
56251,87480841
56252,188463980
56253,276337087
56255,103516529
56256,598446322
56257,222856341
56258,501182800
56260,246201071
56262,171282294
56263,128482445
56264,327066279
56265,689924524
56266,265746271
56267,524575678
56270,103879630
56271,387524791
56273,254902260
56274,194242450
56276,142128807
56277,277023964
56278,333382419
56279,155885210
56280,180444365
56281,31904887
56282,273073965
56283,458704912
56284,363996672
56285,253057475
56287,1137508
56288,121696892
56289,126767261
56291,174844875
56292,154213978
56293,219930242
56294,671124
56295,57449646
56296,646568867
56297,170771537
56301,192279363
56303,28912624
56304,155276889
56307,277746582
56308,403035443
56309,141865861
56310,185446462
56311,182963405
56312,449937611
56313,374023
56314,109981947
56315,180181166
56316,350456593
56318,103362466
56319,104090499
56320,138752404
56321,1667683
56323,94364289
56324,145828597
56325,437288
56326,245050040
56327,129269538
56328,3611914
56329,495517934
56330,103105797
56331,179613464
56332,132033947
56334,519578541
56335,1290714
56336,128624915
56338,434643426
56339,162854567
56340,127871532
56342,490037759
56343,178770396
56345,587981824
56347,485351809
56349,110674901
56350,593341373
56352,292799718
56353,480498942
56354,108752748
56355,67069928
56356,972874
56357,95998105
56358,318913506
56359,502353216
56360,336246165
56361,403477096
56362,380959364
56363,882773
56364,617503414
56367,262282137
56368,178493508
56369,2430741
56371,1168036
56373,260474227
56374,175162411
56375,9491654
56376,4690820
56377,54191169
56378,547436765
56379,234401621
56381,392312571
56382,188639285
56384,2818204
56385,168024392
56386,51638323
56387,21948230
56389,1494177
56401,841991457
56425,49108339
56431,1170749944
56433,315088714
56434,38702175
56435,414751985
56436,1685581
56437,172441088
56438,372081313
56440,140721494
56441,204992624
56442,91992235
56443,261400425
56444,144431860
56446,257987160
56447,254828649
56448,69753420
56449,238524042
56450,66438579
56452,252992628
56453,141415371
56455,63098424
56456,1922446
56458,65549005
56461,709730916
56464,657268751
56465,100248945
56466,483876908
56467,315400785
56468,133592086
56469,708459384
56470,1012898228
56472,403447178
56473,208818569
56474,630117488
56475,173500759
56477,615321356
56479,513201562
56481,383010667
56482,340062865
56484,234763010
56501,484224778
56510,611203283
56511,167890266
56514,554024036
56515,257521492
56516,207706629
56517,245626922
56518,48472883
56519,245341990
56520,318755330
56521,174321619
56522,379157721
56523,214886592
56524,104362169
56525,5418741
56527,135112069
56528,167706700
56529,12753166
56531,413435352
56533,45775482
56534,160113603
56535,217416006
56536,263855919
56537,738001204
56540,490319644
56541,5183711
56542,495386850
56543,172850762
56544,498039701
56545,402094225
56546,156153483
56547,402074846
56548,166075122
56549,540222010
56550,149950887
56551,279255867
56552,125269977
56553,162628146
56554,305035298
56556,255303342
56557,637409209
56560,409939380
56565,74545971
56566,46489211
56567,383512425
56568,86978726
56569,327176664
56570,252397231
56571,119274545
56572,424367339
56573,357788715
56574,152824365
56575,389255379
56576,102308102
56577,786496
56578,177779978
56579,507114087
56580,164498721
56581,102723297
56583,207560183
56584,352666243
56585,304197312
56586,186283390
56587,148285523
56588,137109157
56589,638844222
56590,200436843
56591,2237275
56592,151459704
56593,46158
56594,247520141
56601,947585073
56621,812303134
56623,1225454148
56626,149403621
56627,2179292705
56628,646489535
56629,644505195
56630,708986347
56633,570681260
56634,309655095
56636,1165305390
56637,61567113
56639,782814063
56641,81820544
56644,267527091
56646,203083914
56647,208462787
56649,667225187
56650,464928852
56651,172727870
56652,217925726
56653,1633599042
56654,304236354
56655,272674326
56657,143886977
56658,187759532
56659,34047841
56660,470331473
56661,1017571411
56662,155113554
56663,146535496
56666,113896294
56667,237447879
56668,401294
56669,569695737
56670,120379608
56671,571578950
56672,1120943431
56673,304213276
56676,528691515
56678,319484390
56680,74930206
56681,269280215
56683,160421382
56684,258963636
56685,326416026
56686,456607571
56687,4753586
56688,288010378
56701,987890932
56710,109221303
56711,48982210
56713,495440897
56714,537547451
56715,165992468
56716,820703679
56720,49195835
56721,488475890
56722,374764284
56723,295178152
56724,297323829
56725,754529285
56726,814159812
56727,2129941215
56728,502177408
56729,147388939
56731,97706782
56732,363811722
56733,379593171
56734,472035373
56735,879600952
56736,275533152
56737,495437616
56738,463444705
56741,13085192
56742,328766452
56744,265605388
56748,224495183
56750,599856941
56751,1210804283
56754,95563663
56755,124136284
56756,274617805
56757,573588192
56758,276287636
56759,380983086
56760,192521079
56761,276033526
56762,880413953
56763,629552715
57001,329443416
57002,153994302
57003,124537845
57004,515214290
57005,133025764
57006,402835375
57010,146040817
57012,220569281
57013,354209463
57014,344361895
57015,126907816
57016,87338781
57017,325961884
57018,211711045
57020,41974594
57021,80628172
57022,339558898
57024,82753368
57025,343271061
57026,408284096
57027,15227525
57028,518262600
57029,495769913
57030,389009474
57031,125882478
57032,126379247
57033,303715221
57034,187666454
57035,222708076
57036,236184405
57037,258060401
57038,138383906
57039,228618275
57040,170388658
57041,7709918
57042,531093972
57043,282761404
57045,315579322
57046,121676679
57047,38182364
57048,330815378
57049,36701790
57050,103561153
57051,165110941
57052,189603286
57053,368474165
57054,298605433
57055,45079024
57057,74555488
57058,411959327
57059,388102285
57061,561796
57062,261965824
57063,235599684
57064,67370623
57065,78416393
57066,303132841
57067,169324616
57068,116123734
57069,424476970
57070,245384139
57071,308905158
57072,224440972
57073,178661949
57075,175987903
57076,320609179
57077,117984300
57078,288995127
57103,31092874
57104,72526734
57105,18077548
57106,78037352
57107,125761364
57108,79894874
57110,52514685
57117,243310
57197,217386
57201,838034797
57212,590531045
57213,177637475
57214,10614534
57216,161913955
57217,261414478
57218,181113752
57219,412672048
57220,285637935
57221,265934643
57223,331007938
57224,134052988
57225,723047363
57226,491476164
57227,112519757
57231,708058803
57232,206631938
57233,88798265
57234,260890859
57235,353028324
57236,127005258
57237,245948713
57238,196250127
57239,118180909
57241,261757638
57242,212134629
57243,309074778
57245,1254867
57246,79347439
57247,149137776
57248,177413457
57249,381962867
57251,124074513
57252,422248690
57255,273707170
57256,74250304
57257,191883525
57258,315040134
57259,353733081
57260,425728405
57261,174973218
57262,896790987
57263,242880187
57264,112002010
57265,205990929
57266,342732279
57268,164661260
57269,261488936
57270,433546409
57271,226108430
57272,86707363
57273,452659843
57274,1006503123
57276,323462422
57278,459841159
57279,375898079
57301,626858691
57311,481136054
57312,274903409
57313,452167402
57314,725772136
57315,312659586
57317,402635831
57319,380342146
57321,300790977
57322,415853348
57323,233284908
57324,191967944
57325,566597502
57328,417562640
57329,165516686
57330,331379223
57331,190167502
57332,266670020
57334,276754383
57335,266014259
57337,207631012
57339,330945655
57340,206871334
57341,654178903
57342,414412849
57344,89307408
57345,1701027895
57346,133847161
57348,654057674
57349,601915320
57350,796464731
57353,804919338
57355,1012575637
57356,392027225
57358,2450553
57359,432883846
57361,7462929
57362,1296831750
57363,463228034
57364,342444
57365,160003480
57366,578596653
57367,9607220
57368,608401223
57369,1148468762
57370,550349536
57371,512590029
57373,528427453
57374,195018959
57375,377534282
57376,405548660
57379,139532678
57380,725048243
57381,790725362
57382,1141249831
57383,673041068
57384,549018104
57385,596628729
57386,140167900
57401,752610650
57420,119695217
57421,102347023
57422,285959491
57424,392735547
57426,18123054
57427,156159140
57428,487307879
57429,70103542
57430,941837838
57432,265414482
57433,327913154
57434,746092458
57435,360572826
57436,551573526
57437,1482084349
57438,1214025493
57439,12943881
57440,369068800
57441,733761694
57442,1579259057
57445,662934225
57446,400182284
57448,459705121
57449,198587251
57450,507719031
57451,1136630868
57452,513576704
57454,389940999
57455,328620297
57456,1048618755
57457,317528668
57460,310706113
57461,319629361
57465,399376819
57466,363579579
57467,486320044
57468,202140821
57469,754115679
57470,389592541
57471,883338369
57472,706995567
57473,428694506
57474,157452767
57475,301398574
57476,425949140
57477,237113502
57479,137804445
57481,473168881
57501,1514548793
57520,381371298
57521,1000268292
57522,305812647
57523,677767796
57528,517772827
57529,645461638
57531,869543870
57532,3033317534
57533,1054533053
57534,479089244
57536,958436555
57537,535297897
57538,343623067
57540,368391142
57541,307033288
57543,1196447248
57544,839948996
57547,655550287
57548,302942679
57551,1880503747
57552,2643869277
57553,680768137
57555,1085897218
57559,984040767
57560,424875656
57562,285599789
57563,74877570
57564,1353788292
57566,452209370
57567,2528640166
57568,952515703
57569,931634992
57570,246186622
57571,1018696
57572,434559976
57574,506842389
57576,561989975
57577,612428139
57579,1689546172
57580,2799922827
57584,247680106
57585,857530117
57601,539350087
57620,953478972
57621,246998055
57622,280914462
57623,2040954595
57625,3182082070
57626,3128803563
57630,28417455
57631,405221705
57632,524689967
57633,1949880930
57634,571096496
57636,52832350
57638,2530005786
57639,53500204
57640,1032583186
57641,849555245
57642,1510349790
57644,2076577157
57645,646870660
57646,356428323
57648,346114598
57649,1243025238
57650,168010994
57651,802072124
57652,1146341595
57656,1144342100
57657,707650138
57658,354706437
57660,731515052
57661,53570246
57701,183433702
57702,756305655
57703,332840103
57706,16655835
57714,483197337
57716,468160337
57717,3214412523
57718,58629048
57719,428161846
57720,3354972137
57722,1238053851
57724,848647372
57725,299394627
57730,1382400685
57732,299004170
57735,2376761953
57738,387577312
57741,4565404
57744,1303266942
57745,951107972
57747,1145335891
57748,1012660963
57750,712736755
57751,176657097
57752,1087519263
57754,610441940
57755,582402417
57756,342314799
57758,1348259720
57759,151114388
57760,3079908381
57761,1387302555
57762,274091958
57763,1069859821
57764,911032928
57766,331360968
57767,405465283
57769,328248471
57770,516974766
57772,1273134342
57773,28993995
57775,825510445
57776,322088719
57779,102605676
57780,847181896
57782,327029705
57783,608383834
57785,1544617305
57787,1521447304
57788,554526696
57790,1922527353
57791,531097482
57792,633682594
57793,382717236
57794,130657606
57799,359672
58001,624482
58002,9024329
58004,147578830
58005,259377516
58006,159942827
58007,126166967
58008,141669867
58009,114821208
58011,287311350
58012,174245378
58013,191888207
58015,50454629
58016,180012099
58017,497205989
58018,186467256
58021,167744287
58027,473032396
58029,107772547
58030,330451863
58031,413443499
58032,263738080
58033,342568196
58035,238435818
58036,192080544
58038,223897391
58040,208973322
58041,521054902
58042,111350495
58043,150682774
58045,526775372
58046,592594982
58047,181106396
58048,285677767
58049,342682801
58051,285035288
58052,393138112
58053,577035181
58054,750798130
58056,245228014
58057,233242528
58058,48611439
58059,317437464
58060,623451554
58061,157322322
58062,144918598
58063,317885997
58064,408471931
58065,53221439
58067,146376658
58068,291440933
58069,151485728
58071,272019756
58072,819790064
58075,645020307
58076,96571
58077,364118438
58078,101689886
58079,345227251
58081,427635172
58102,80904889
58103,29254213
58104,74224242
58105,1484248
58201,182953203
58202,425963
58203,175505228
58204,19937754
58205,417527
58210,394796235
58212,522397130
58214,178641207
58216,175998411
58218,318729058
58219,13895262
58220,447345270
58222,210091511
58223,183069457
58224,30762617
58225,611525525
58227,274218880
58228,270751910
58229,212107361
58230,415796690
58231,317509378
58233,181909777
58235,227043435
58237,636320034
58238,239982838
58239,235210256
58240,389416060
58241,126692723
58243,225768406
58244,148883394
58249,1051728819
58250,236150603
58251,509860798
58254,272648850
58256,235399490
58257,313177362
58258,110403604
58259,431596580
58260,331905077
58261,366605702
58262,46303924
58265,227335575
58266,278592442
58267,609662449
58269,200898189
58270,364814491
58271,260712939
58272,314472465
58273,168063716
58274,338372156
58275,266218981
58276,308714144
58277,225135631
58278,319675397
58281,323975696
58282,614628427
58301,625147008
58311,285243541
58316,305513344
58317,354055000
58318,740739040
58321,318991965
58323,148802306
58324,632260567
58325,277825893
58327,410417990
58329,596369475
58330,435309173
58331,264916777
58332,546421993
58335,76074747
58338,205083142
58339,80086888
58341,1187007612
58343,165937766
58344,539595170
58345,355344001
58346,535158084
58348,665150943
58351,453107433
58352,566063461
58353,226227442
58355,114960976
58356,752276051
58357,305755146
58361,340011576
58362,83278130
58363,164963201
58365,768016307
58366,638729929
58367,329261721
58368,1678663023
58369,176894607
58370,133149262
58372,276893892
58374,674286662
58377,604152792
58379,36051223
58380,444724124
58381,392763582
58382,344280932
58384,1014979361
58385,318265084
58386,305970677
58401,1093451701
58402,446367
58405,118573
58413,1174000293
58415,153548611
58416,445775522
58418,556034041
58420,420085145
58421,1003324255
58422,382797667
58423,258130116
58424,468248202
58425,554186357
58426,356234042
58428,375068976
58429,346690358
58430,242157595
58431,184236312
58433,797866529
58436,822042096
58438,385966233
58439,374338752
58440,598480894
58441,378567001
58442,572743061
58443,260566671
58444,479187599
58445,142690050
58448,378956537
58451,339492581
58452,4189432
58454,634498303
58455,364720640
58456,581878632
58458,493659776
58460,463990872
58461,525102927
58463,1010309924
58464,469273000
58466,417141203
58467,582973418
58472,420912385
58474,982101404
58475,366278997
58476,624926104
58477,343106663
58478,386069533
58479,164283388
58480,331784021
58481,352593296
58482,603493753
58483,413811065
58484,153381132
58486,406223944
58487,639287183
58488,596750476
58490,328720335
58492,364610791
58494,880623427
58495,925528645
58496,554349957
58497,287706588
58501,62839595
58503,343994714
58504,267806887
58505,581762
58520,472549416
58521,392775385
58523,677001811
58524,279477172
58528,175204672
58529,1148882588
58530,871251388
58531,296362867
58532,586088241
58533,819059346
58535,860409983
58538,456106126
58540,1004952674
58541,478874702
58542,507299805
58544,867727465
58545,798051342
58549,497068493
58552,1416175900
58554,1591496910
58558,412862377
58559,412408938
58560,245720913
58561,856586511
58562,755682526
58563,1410001382
58564,305972331
58565,7456507
58566,212109597
58568,1202833843
58569,361571436
58570,728834486
58571,301911929
58572,448050048
58573,529139144
58575,610612043
58576,431930760
58577,487053260
58579,671819741
58580,424701058
58581,353549043
58601,1488312362
58620,608224308
58621,1037918100
58622,1620498181
58623,1508567886
58625,260118867
58626,427771080
58627,707392762
58630,523221975
58631,959356590
58632,207246713
58634,1069066233
58636,1119651288
58638,901418481
58639,1152470450
58640,1127190858
58641,182689100
58642,443072518
58643,761210251
58645,1084370360
58646,1450394897
58647,1339505445
58649,667024953
58650,810888381
58651,1772423637
58652,996577178
58653,1056554453
58654,1231552019
58655,256603540
58656,473982913
58701,571803241
58702,12695
58703,415805613
58704,4482694
58705,385418
58707,165857
58710,479110176
58711,305877797
58712,308392901
58713,70143319
58716,184036672
58718,1071263010
58721,618983989
58722,163053534
58723,533264337
58725,373951203
58727,644594243
58730,639465395
58731,307187233
58733,241592444
58734,487349989
58735,513014274
58736,416390267
58737,354322597
58740,432473846
58741,420153053
58744,224102085
58746,1132212218
58748,309062120
58750,573240412
58752,174845656
58755,230392036
58756,230407884
58757,957635358
58758,286597867
58759,599504793
58760,392438718
58761,727699590
58762,282671126
58763,1341834584
58765,415481170
58768,202388704
58769,527732478
58770,642923150
58771,717226259
58772,129433504
58773,808629334
58775,223232391
58776,432429999
58778,350775755
58779,741693591
58781,277754826
58782,491558484
58783,681926199
58784,830808480
58785,118825245
58787,272235801
58788,1384484464
58789,364321141
58790,475814678
58792,423260936
58793,423076156
58794,252456782
58795,524126023
58801,2154279047
58830,767479706
58831,858003858
58833,220301294
58835,591173772
58838,643444285
58843,554677675
58844,608321378
58845,667338908
58847,506671527
58849,657097737
58852,898873654
58853,9721852
58854,1565898802
58856,478138895
59001,414227250
59002,169045876
59003,1765058118
59006,166990384
59007,149416467
59008,263489809
59010,857302973
59011,2425913173
59012,667618256
59013,7789121
59014,1068516111
59015,645684718
59016,1023182224
59018,541810832
59019,881842912
59020,606785617
59022,428751267
59024,1298185620
59025,1174360516
59026,53253984
59027,558422920
59028,568270088
59029,262322255
59030,1254364417
59031,181880690
59032,1093484557
59033,198619725
59034,1980811541
59035,195443004
59036,1464978661
59037,487473124
59038,2262218848
59039,1127717900
59041,508562970
59043,1056421349
59044,459567818
59046,1446801243
59047,2319474162
59050,1588975432
59052,1799017009
59053,1524151764
59054,1676617694
59055,637192569
59057,684763458
59058,1026238901
59059,642631738
59061,697299469
59062,341075857
59063,189147716
59064,385922291
59065,152860794
59066,777105146
59067,893463014
59068,1367094320
59069,904515345
59070,407271817
59071,253255104
59072,2590962108
59074,1557168732
59075,751268974
59076,30794006
59077,1406229219
59078,645136296
59079,916267239
59081,2263088
59082,759679
59085,760082149
59086,1241497006
59087,3839007762
59088,854361500
59089,642618575
59101,1317022987
59102,38251798
59105,269325987
59106,251373242
59201,3566638262
59211,275550905
59212,791571530
59213,1141472647
59214,887203705
59215,3438618429
59217,8982663
59218,848077265
59219,661784427
59221,734928235
59222,611552950
59223,575135978
59225,791506004
59226,841580939
59230,3997569330
59231,5165801
59240,104525596
59241,3424636327
59242,98620836
59243,988974258
59244,510907374
59247,398992639
59248,1529648868
59250,1418913775
59252,497883129
59253,660779824
59254,703168112
59255,1732821902
59256,164236331
59257,397047573
59258,465474709
59259,1622941086
59260,894296422
59261,1294008347
59262,714164696
59263,1739565892
59270,2490102145
59274,927463358
59275,987609111
59276,290868610
59301,8146050762
59311,2630286797
59312,651084174
59313,2400405669
59314,729391786
59315,584606100
59317,4768458304
59318,1333756234
59322,1420076223
59323,159960531
59324,4156568839
59326,918452296
59327,5481144122
59330,3145465008
59332,1555427929
59333,19229983
59336,2404527231
59337,5968827981
59338,202541565
59339,843954266
59343,453655652
59344,1163444102
59347,2183107566
59349,3622333946
59351,1383566092
59353,2304120778
59354,116522839
59401,8044590
59404,936664575
59405,1050776197
59410,3027340095
59411,618376724
59412,994121999
59414,4304764
59416,899392350
59417,3630417079
59418,264326072
59419,215672910
59420,633613919
59421,1797664500
59422,2768984243
59424,178075510
59425,1461838985
59427,2753903096
59430,1319762493
59432,126806721
59433,937084769
59434,754785425
59436,681797069
59440,441454390
59441,640930355
59442,2202462624
59443,161464545
59444,861556376
59446,1834749979
59447,1005636117
59448,292688228
59450,987006620
59451,596379257
59452,1072717400
59453,1148316104
59454,324014187
59456,970108940
59457,2801030846
59460,718405160
59461,137164217
59462,359420982
59463,590572992
59464,567141979
59465,112837116
59466,395787682
59467,637020608
59468,652412276
59469,264132102
59471,2446584331
59472,104486221
59474,1829334406
59477,186858814
59479,1679460143
59480,634082988
59482,844492448
59483,270530931
59484,344475044
59485,52358397
59486,1419368663
59487,136065527
59489,1642087959
59501,3331575390
59520,2808061393
59521,763282497
59522,2303472915
59523,3536809208
59524,1864400371
59525,865879969
59526,2022059449
59527,545158801
59528,393709664
59529,1073117026
59530,634198460
59531,589928485
59532,560984263
59535,1905251573
59537,1168274953
59538,6648082836
59540,1038480235
59542,632981307
59544,1389385687
59545,226755806
59546,1337749510
59547,73232960
59601,357815285
59602,1381961155
59631,441816039
59632,1296409216
59633,578888319
59634,398452153
59635,186858560
59636,5051542
59638,249605559
59639,1754040388
59640,8934722
59642,322917801
59643,538810986
59644,1915224343
59645,4323480625
59647,202491122
59648,1729328665
59701,1171182160
59703,2327613
59710,1571911216
59711,1597730914
59713,425986487
59714,1152229706
59715,1198137212
59716,1038496444
59718,619865299
59720,943844740
59721,666657906
59722,947991981
59724,1514993511
59725,5618305747
59727,715767211
59728,533948893
59729,1394691085
59730,1743860371
59731,354534069
59732,359759313
59733,470404867
59735,449972556
59736,1095284324
59739,2499893140
59740,302753193
59741,406684282
59743,212033518
59745,453394377
59746,419420827
59747,149991508
59748,52590449
59749,513068391
59750,173742894
59751,600431561
59752,1001779644
59754,766663374
59755,217389889
59756,29882617
59758,826820812
59759,1178911814
59760,154753591
59761,2229755939
59762,1585569041
59801,17620668
59802,119179636
59803,206529028
59804,325893964
59808,339568270
59820,1030833802
59821,610261651
59823,836511017
59824,233926778
59825,1342873626
59826,1132221797
59827,196102693
59828,431830063
59829,1935578533
59830,84787543
59831,281134417
59832,673480732
59833,450146726
59834,190465972
59837,432029155
59840,1212976411
59841,3357266
59842,331776649
59843,958028075
59844,312695749
59845,1180353872
59846,533652722
59847,927922998
59848,91558542
59851,558385
59853,674688818
59854,958267592
59855,1882688
59856,206782171
59858,2118524462
59859,1796208231
59860,629175098
59863,31915955
59864,490167273
59865,405205663
59866,587993439
59867,151041772
59868,468779126
59870,657254369
59871,867383220
59872,1236956310
59873,1960224862
59874,919999038
59875,336065221
59901,1171049290
59910,143501085
59911,1016144330
59912,363103652
59913,148010215
59914,36077501
59915,87198248
59916,270177510
59917,669382102
59918,232716764
59919,2461048940
59920,466312582
59922,87708538
59923,3547275355
59925,977297160
59926,24969538
59927,614803024
59928,1553904402
59929,156549516
59930,214797393
59931,26542966
59932,68540404
59933,20769714
59934,491089529
59935,2327420293
59936,2379545096
59937,779520972
60002,84399143
60004,28704998
60005,16987011
60007,36529106
60008,13402056
60010,191280513
60012,44962952
60013,37745244
60014,65383577
60015,35112934
60016,27513872
60018,42518240
60020,11953528
60021,5646501
60022,10198638
60025,29805044
60026,10552664
60029,2165140
60030,66434016
60031,48913634
60033,313937630
60034,67424353
60035,32923912
60040,1833725
60041,24877900
60042,11714276
60043,1588618
60044,19628553
60045,54929340
60046,59372490
60047,90369021
60048,71175647
60050,72362318
60051,82922153
60053,13016050
60056,27835009
60060,60995632
60061,20629066
60062,47972946
60064,13436790
60067,35474211
60068,18367182
60069,17493960
60070,9351917
60071,67404666
60072,20737863
60073,52950532
60074,18468463
60076,13865962
60077,10428194
60081,45790306
60083,68447525
60084,37776220
60085,38939171
60087,34550882
60088,6111603
60089,25235666
60090,24301992
60091,13853057
60093,22065723
60096,12258080
60097,38024753
60098,272992290
60099,58408993
60101,29968030
60102,37611497
60103,49807659
60104,6096352
60106,23276912
60107,20660587
60108,18731820
60109,7439577
60110,23084207
60111,52842711
60112,9574774
60113,402857
60115,209090567
60118,52010907
60119,130721295
60120,43072177
60123,35522892
60124,98994560
60126,28807560
60129,44329861
60130,7172106
60131,14375338
60133,21062339
60134,39727260
60135,120109608
60136,18038137
60137,28039329
60139,14374922
60140,212542460
60141,1085472
60142,103548499
60143,17809862
60144,87228
60145,92815535
60146,139275648
60148,35162588
60150,138659976
60151,211164936
60152,244554591
60153,7764677
60154,12486280
60155,4808991
60156,29255596
60157,3823365
60160,11518381
60162,8251546
60163,4171827
60164,12279808
60165,880317
60169,19907679
60171,5847493
60172,18130651
60173,15863428
60174,35837298
60175,88270065
60176,6862640
60177,22136892
60178,179534998
60180,55978292
60181,17112982
60184,21024246
60185,78603619
60187,17171517
60188,26154118
60189,26497326
60190,12023068
60191,14537049
60192,27300941
60193,23668110
60194,9378974
60195,5112192
60201,12235930
60202,7914321
60203,1766120
60301,405528
60302,7798362
60304,3968561
60305,6411806
60401,147129666
60402,13646765
60403,16855711
60404,40426419
60406,14408331
60407,30954441
60408,19353600
60409,19273568
60410,64196833
60411,81995613
60415,5954575
60416,57871457
60417,100843198
60419,10896754
60420,260423788
60421,105570835
60422,10903418
60423,94421678
60424,133824366
60425,12468727
60426,19955825
60428,13453728
60429,10146675
60430,17632747
60431,35194987
60432,21688656
60433,33366006
60435,27729695
60436,39027713
60437,49756367
60438,20574217
60439,78749838
60440,41630551
60441,72667952
60442,177127376
60443,29947449
60444,122153963
60445,17911386
60446,43302568
60447,176632667
60448,46979001
60449,125865845
60450,407498493
60451,66383777
60452,24101823
60453,21901342
60455,11279201
60456,1240338
60457,7501778
60458,7439949
60459,10869123
60460,249093727
60461,7200228
60462,40583975
60463,13929509
60464,20227993
60465,12296849
60466,16587773
60467,37645676
60468,187168280
60469,2425436
60470,96170868
60471,12423694
60472,4284950
60473,22032018
60474,8359537
60475,12476000
60476,8746902
60477,33047320
60478,13439500
60479,105688734
60480,15111473
60481,284975205
60482,6322622
60484,17368550
60487,22358475
60490,24445573
60491,65955998
60501,12532291
60502,26896371
60503,8712343
60504,22923197
60505,28977683
60506,48282622
60510,67280387
60511,77271234
60512,20684998
60513,8172342
60514,5241059
60515,29198128
60516,20498203
60517,22479903
60518,346889605
60519,148753
60520,116376085
60521,12238661
60523,23193451
60525,32643286
60526,7114833
60527,37558161
60530,72674370
60531,150904338
60532,23124924
60534,4397185
60536,1906332
60537,1701978
60538,26132227
60539,1942365
60540,34220462
60541,218805464
60542,24318913
60543,110452890
60544,59851758
60545,98047062
60546,10029702
60548,104727717
60549,61566310
60550,115346451
60551,149505862
60552,70266401
60553,133308381
60554,92364188
60555,17837511
60556,135456203
60557,1740609
60558,9128062
60559,12678712
60560,201239521
60561,16094186
60563,39275307
60564,41622177
60565,32157159
60585,41380399
60586,45434924
60601,934220
60602,225477
60603,375231
60604,239822
60605,3225616
60606,569723
60607,5927990
60608,16322728
60609,20050127
60610,2997498
60611,2117500
60612,9709578
60613,5632027
60614,8080154
60615,5729684
60616,10354591
60617,35878908
60618,12942897
60619,15595533
60620,18349458
60621,9656670
60622,6398120
60623,13911299
60624,9155266
60625,10035116
60626,4415539
60628,28281720
60629,17617069
60630,12365869
60631,9638994
60632,19250522
60633,26638250
60634,18422445
60636,10132442
60637,11729657
60638,28764863
60639,12632838
60640,6247465
60641,10468070
60642,4281350
60643,19029084
60644,9074673
60645,5847013
60646,11840704
60647,10410307
60649,7586749
60651,9052859
60652,12987856
60653,6041423
60654,1464801
60655,11408007
60656,8465225
60657,5888313
60659,5251088
60660,3340836
60661,769918
60706,7660354
60707,9344359
60712,6888787
60714,16473807
60803,19625093
60804,19823813
60805,8826671
60827,18168371
60901,248005648
60910,1298845
60911,166232473
60912,92087539
60913,118789590
60914,126357528
60915,8217289
60917,95752037
60918,131349119
60919,90282925
60920,5096493
60921,185220064
60922,137659790
60924,188020204
60926,7159743
60927,190176324
60928,28561867
60929,101715455
60930,114191954
60931,119381211
60932,1917881
60933,5239178
60934,83820345
60935,49024267
60936,262315570
60938,131983082
60940,195924596
60941,135780213
60942,299218749
60945,1312546
60946,112748253
60948,122112924
60949,65395189
60950,197830066
60951,137890123
60952,106388792
60953,385064848
60954,172066815
60955,225530182
60957,258433142
60958,135177197
60959,143608748
60960,215151139
60961,96034855
60962,104710129
60963,201660214
60964,194214840
60966,155601998
60968,112093652
60969,655727
60970,336472064
60973,89922849
60974,3460023
61001,100465337
61006,179883774
61007,69297960
61008,223659918
61010,100592710
61011,98666176
61012,93935978
61013,884693
61014,168290562
61015,106076672
61016,73031543
61018,83430412
61019,93713978
61020,81789043
61021,387862790
61024,161872085
61025,90198386
61027,666664
61028,276961202
61030,154556197
61031,120108568
61032,383349108
61036,275422975
61037,435090
61038,110360513
61039,72449898
61041,154632621
61042,172296385
61043,4883561
61044,32570451
61046,213223804
61047,172280675
61048,215701794
61049,52837162
61050,24749065
61051,139477860
61052,71493524
61053,286078616
61054,102815853
61057,4351878
61059,4316707
61060,93711332
61061,271521530
61062,190678491
61063,197827997
61064,273637886
61065,132296352
61067,77759932
61068,304555189
61070,89882694
61071,184220352
61072,136020910
61073,70980618
61074,192515053
61075,130931039
61077,82842
61078,148967843
61079,4571207
61080,64891260
61081,319770723
61084,90063182
61085,334795872
61087,77074202
61088,142564466
61089,111058360
61091,2110432
61101,107833746
61102,89139634
61103,44659698
61104,11681526
61107,38402984
61108,27553654
61109,100101265
61111,36726478
61112,2021924
61114,20601481
61115,27431662
61201,46353519
61230,48696395
61231,387926840
61232,7322624
61234,149516109
61235,134820093
61236,3742778
61238,268056989
61239,4381420
61240,95389187
61241,46756303
61242,81285878
61243,70560796
61244,67833995
61250,221798036
61251,46004873
61252,152851512
61254,447710090
61256,3423661
61257,106226316
61258,956764
61259,197919489
61260,151684492
61261,46507871
61262,111400246
61263,781594
61264,185829607
61265,48860870
61270,392965603
61272,233459585
61273,120882540
61274,63316215
61275,87161749
61276,6052193
61277,327746448
61278,2591096
61279,110261793
61281,99904878
61282,8622960
61283,214956874
61284,116914241
61285,102304040
61301,103072764
61310,277618425
61311,40197069
61312,90491291
61313,108824054
61314,121032520
61315,3751908
61316,4100429
61317,8460303
61318,89557165
61319,128654320
61320,2267358
61321,72555582
61322,10451531
61323,449228
61324,503962
61325,130783141
61326,127744724
61327,88937149
61328,1261054
61329,4521397
61330,199647673
61331,71553
61332,1318543
61333,46353825
61334,96159590
61335,54053678
61336,101917601
61337,17132235
61338,1433796
61340,1324368
61341,235414695
61342,272054992
61344,63409739
61345,127326445
61346,407746
61348,98752789
61349,171107747
61350,398081933
61353,82411500
61354,109843613
61356,460011656
61358,64472311
61359,2182030
61360,128636315
61361,220527393
61362,64424195
61363,1333168
61364,375801052
61367,120753016
61368,190385884
61369,118766172
61370,135893477
61372,667768
61373,125700150
61374,7320995
61375,124183167
61376,250124874
61377,141436874
61378,153470988
61379,107283402
61401,296373448
61410,106709304
61411,98088767
61412,194419899
61413,82432122
61414,131253172
61415,290375773
61416,2320332
61417,74414319
61418,137814131
61419,1362819
61420,184063960
61421,245233350
61422,102534713
61423,127109215
61424,1885613
61425,80163205
61426,8221384
61427,151861651
61428,85154283
61430,4492954
61431,86906295
61432,95386999
61433,2747558
61434,204951164
61435,25324078
61436,158781737
61437,104234954
61438,111128236
61439,1744120
61440,132193902
61441,158830564
61442,67534997
61443,252602804
61447,95766253
61448,109114866
61449,97458779
61450,216907653
61451,59553065
61452,76051412
61453,148196519
61454,80509934
61455,442426819
61458,215179071
61459,90836838
61460,90443713
61462,405134939
61465,108233781
61466,60617977
61467,127968485
61468,5047830
61469,117964079
61470,57377557
61471,833419
61472,102374676
61473,269020338
61474,73385510
61475,76469113
61476,105666474
61477,130085373
61478,94246253
61479,31092819
61480,164537833
61482,143185390
61483,245592406
61484,99360244
61485,112130348
61486,111462379
61488,66917074
61489,118413299
61490,101965346
61491,258334427
61501,201147118
61516,81897260
61517,178546616
61519,3075062
61520,398061688
61523,138281321
61524,616800
61525,81155651
61526,82647138
61528,47285899
61529,165745621
61530,161567386
61531,145871141
61532,86187495
61533,106238986
61534,142619843
61535,22496212
61536,106272890
61537,152862222
61539,2034486
61540,135160037
61541,425089
61542,297641437
61543,20224651
61544,85050159
61545,78967744
61546,257184168
61547,57231089
61548,196043155
61550,105727361
61552,1391503
61553,690657
61554,180281768
61559,254283396
61560,85749191
61561,142792603
61562,70325
61563,902895
61564,732627
61565,170603104
61567,95567787
61568,174268338
61569,102079466
61570,172432869
61571,147101200
61572,92318350
61602,3697120
61603,10901049
61604,40885300
61605,10732620
61606,3445435
61607,83102124
61610,10957395
61611,105508630
61614,31256538
61615,81888811
61616,6490738
61625,36362
61701,28961676
61704,47783068
61705,226439045
61720,72676095
61721,92019596
61722,131266215
61723,168157039
61724,99096114
61725,124676588
61726,236632786
61727,319250025
61728,169818346
61729,48700899
61730,75628011
61731,57624909
61732,144371850
61733,55716984
61734,214524850
61735,81250744
61736,95275026
61737,88344864
61738,206889711
61739,252803542
61740,191026088
61741,144901759
61742,16133450
61743,39148872
61744,202567022
61745,203410558
61747,71987661
61748,102262781
61749,84218530
61750,3089792
61751,4303557
61752,216330302
61753,220335017
61754,174906138
61755,127060042
61756,213561484
61759,87991423
61760,189353938
61761,109969074
61764,421389980
61769,98171394
61770,161421089
61771,59641345
61772,72193109
61773,112637361
61774,111652831
61775,89637124
61776,113942096
61777,104226703
61778,78179237
61801,13850883
61802,214558746
61810,53432083
61811,73419329
61812,69100668
61813,168761666
61814,55782958
61815,754772
61816,74437670
61817,72222054
61818,106729799
61820,16910551
61821,19483004
61822,281398445
61830,98571316
61831,30081629
61832,67130623
61833,4036631
61834,277929982
61839,86282325
61840,86480804
61841,149778582
61842,257735949
61843,98373644
61844,150268304
61845,77978750
61846,113269173
61847,80639834
61848,2003490
61849,148885127
61850,89190823
61851,88470172
61852,51003040
61853,125403755
61854,138917458
61855,26456777
61856,270151656
61857,625437
61858,74563395
61859,81191459
61862,104397885
61863,84232159
61864,59010106
61865,199528229
61866,207862733
61870,107061138
61871,899934
61872,85048992
61873,174220978
61874,10724244
61875,82296906
61876,112624465
61877,72984498
61878,71953930
61880,156931988
61882,97955983
61883,55137974
61884,66157592
61910,268621347
61911,163016189
61912,131310253
61913,107990276
61914,153460667
61917,164859796
61919,56771950
61920,387589325
61924,375438149
61925,108195126
61928,93157951
61929,105033724
61930,80776977
61931,82502954
61932,56087567
61933,155106483
61936,5812755
61937,243853584
61938,322783428
61940,72434849
61941,3541165
61942,183442868
61943,201296292
61944,686567505
61949,7342171
61951,349306942
61953,312305076
61955,501456
61956,87587997
61957,213369321
62001,132749251
62002,108770895
62006,76056274
62009,9730950
62010,57308042
62011,74047459
62012,154317999
62013,64021057
62014,153796019
62015,86312925
62016,343641533
62017,82067120
62018,8257585
62019,70336824
62021,51904407
62022,48568123
62023,809632
62024,16190924
62025,282301210
62027,165413508
62028,15291373
62030,262397
62031,148811521
62032,122819109
62033,127769074
62034,36190365
62035,119476750
62036,74093455
62037,151490758
62040,115301795
62044,269821967
62045,98230977
62046,2057407
62047,93278371
62048,19731981
62049,219842122
62050,145097789
62051,98633327
62052,365186343
62053,118830200
62054,100905590
62056,279502476
62058,3106583
62059,667377
62060,9129801
62061,62692182
62062,16554124
62063,125232598
62065,27990880
62067,47728479
62069,82461570
62070,4417107
62074,107380894
62075,286449593
62076,946929
62077,1324751
62078,1154545
62079,24509585
62080,314672431
62081,63397371
62082,281229515
62083,50643309
62084,13759339
62085,2057344
62086,137400280
62087,7843117
62088,112063858
62089,2001143
62090,4132829
62091,81551702
62092,161286272
62093,1648018
62094,83032695
62095,17987422
62097,100243035
62098,8417002
62201,38685554
62203,17219997
62204,14500565
62205,13071927
62206,36283804
62207,17282518
62208,34735111
62214,165560217
62215,27625422
62216,55159126
62217,71355429
62218,119809109
62219,1569624
62220,75827371
62221,88949365
62223,65595193
62225,18351334
62226,36095917
62230,129163251
62231,492009144
62232,34120278
62233,169006274
62234,95111859
62236,141386878
62237,249631974
62238,110405941
62239,20426808
62240,42030023
62241,94923626
62242,142714745
62243,136294423
62244,129288060
62245,55502088
62246,369930668
62248,460719
62249,220803299
62250,984987
62253,87218460
62254,98066644
62255,65442458
62257,190771849
62258,190374134
62260,122934967
62261,74558188
62262,174238200
62263,377423452
62264,169537151
62265,100397589
62266,2937471
62268,135209621
62269,69992060
62271,150160165
62272,98432102
62273,3481639
62274,361682742
62275,263603144
62277,165448437
62278,265198152
62279,344845
62280,136474098
62281,87640749
62282,2638905
62284,72387078
62285,42374924
62286,280148821
62288,98316929
62289,534706
62292,3795054
62293,154025637
62294,79824586
62295,176098383
62297,61893093
62298,373565974
62301,29320578
62305,358343015
62311,132146713
62312,238508122
62313,109585087
62314,180885291
62316,106624091
62319,105159158
62320,225508394
62321,433919608
62323,107721909
62324,228781516
62325,40721975
62326,196774282
62330,209339091
62334,5796727
62336,153002
62338,94956315
62339,84590918
62340,235892353
62341,120321014
62343,196488192
62344,92629142
62345,55969004
62346,87700410
62347,310882778
62348,4671354
62349,114853124
62351,191977297
62352,998886
62353,485106878
62354,95028343
62355,211647451
62356,150907711
62357,51978500
62358,111647005
62359,10359001
62360,92596705
62361,156174712
62362,1014507
62363,409148885
62365,72639780
62366,184464783
62367,295794061
62370,163168232
62373,93070536
62374,59540770
62375,116197910
62376,195363200
62378,173876044
62379,247263807
62380,109909138
62401,269780420
62410,97203076
62411,222923814
62413,81303954
62414,191322242
62417,93662018
62418,238956724
62419,59846072
62420,318704703
62421,137194651
62422,103436737
62423,59943892
62424,223420933
62425,108262056
62426,122804157
62427,230029860
62428,248626728
62431,142505646
62432,103050738
62433,83413457
62434,69027437
62436,58056728
62438,68505583
62439,365041034
62440,99990253
62441,448873843
62442,365072487
62443,190102538
62444,75284022
62445,121829245
62446,155139701
62447,154919442
62448,528392771
62449,316665836
62450,394259907
62451,161428863
62452,52168465
62454,318696605
62458,147711505
62459,2827359
62460,119692575
62461,103656245
62462,104276865
62463,120637095
62465,96122397
62466,367835579
62467,152638142
62468,183138077
62469,60539450
62471,354576270
62473,57243201
62474,93928266
62475,78337912
62476,194837586
62477,163834517
62478,76422714
62479,136911552
62480,147412679
62481,93312189
62501,205318840
62510,198343211
62512,120520230
62513,180252105
62514,2889732
62515,164606859
62517,318267
62518,65978480
62519,3893666
62520,56408616
62521,173344691
62522,65638696
62523,1241683
62526,159769039
62530,73257507
62531,156306969
62532,5424452
62533,125736303
62534,153264670
62535,9574283
62536,17907089
62537,2411086
62538,87995970
62539,120517199
62540,5338805
62541,1063300
62543,53719940
62544,176977886
62545,71761004
62546,296244354
62547,108466995
62548,229913916
62549,20524066
62550,229679947
62551,69490780
62553,92536814
62554,47696882
62555,91878645
62556,55541880
62557,322733446
62558,239231152
62560,164678777
62561,68954246
62563,149154662
62565,315128368
62567,99838201
62568,326066524
62570,675492
62571,176974945
62572,107869731
62573,114735576
62601,115989513
62610,881098
62611,191403028
62612,233068174
62613,169270472
62615,131620974
62617,149778998
62618,222162705
62621,135631811
62622,4850698
62624,91102936
62625,58576683
62626,444462318
62627,231518885
62628,97630891
62629,98369888
62630,105479455
62631,36000078
62633,178458012
62634,145540565
62635,101445940
62638,175185854
62639,88085839
62640,197674219
62642,193340311
62643,88457596
62644,267283822
62649,97654881
62650,528042786
62655,146452727
62656,373593433
62661,105499926
62663,2648688
62664,282513415
62665,112483059
62666,78078263
62667,95607342
62668,166787358
62670,217964185
62671,124923397
62672,1898765
62673,81561543
62674,193133019
62675,282887722
62677,238355819
62681,448369644
62682,107795303
62684,65065040
62685,218593458
62688,121560796
62689,1564746
62690,131012673
62691,279752752
62692,227050188
62693,102114794
62694,403367859
62695,383600
62701,985743
62702,39957550
62703,39793968
62704,31264968
62707,111149928
62711,79351826
62712,55119083
62801,353771930
62803,149534435
62806,265081857
62807,114088800
62808,197395842
62809,30348599
62810,158670507
62811,1570959
62812,247400239
62814,183398152
62815,54158278
62816,89542260
62817,180381574
62818,67303634
62819,2897017
62820,54994144
62821,455922579
62822,6967522
62823,209677606
62824,274360889
62825,812955
62827,167663826
62828,211646816
62829,4442685
62830,73576114
62831,104058549
62832,250822608
62833,119681543
62835,188851799
62836,98456529
62837,422351470
62838,221486973
62839,189923384
62841,254205
62842,113935265
62843,15571058
62844,114589636
62846,55078125
62848,8480283
62849,292184804
62850,73432056
62851,72415410
62852,255847
62853,69576186
62854,235328946
62856,2409667
62858,399135486
62859,539247421
62860,85818716
62861,1409142
62862,69659087
62863,387421550
62864,375872756
62865,141133560
62867,86869216
62868,261205599
62869,232681577
62870,101067356
62871,132293882
62872,61201215
62874,3671025
62875,175516352
62876,7956551
62877,84939300
62878,91321119
62879,530418
62880,107605743
62881,260100275
62882,81819218
62883,104643777
62884,81096747
62885,126192918
62886,76858869
62887,58572064
62888,200296943
62889,78477867
62890,272248522
62891,1952936
62892,57966018
62893,48130707
62894,116516742
62895,265012979
62896,166773814
62897,32285464
62898,139716849
62899,266161133
62901,77482668
62902,159217291
62903,51339729
62905,89431473
62906,158106640
62907,238700153
62908,131456246
62910,268415205
62912,138662550
62914,50889342
62915,311117
62916,87814300
62917,83049436
62918,93147431
62919,126402534
62920,169664620
62921,1961482
62922,167754548
62923,78094261
62924,109066696
62926,207850245
62927,1134755
62928,43965166
62930,183537872
62931,266888263
62932,99576326
62933,3763464
62934,199128116
62935,144371834
62938,435700976
62939,113693845
62940,66915966
62941,87874966
62942,84043450
62943,98773586
62946,360164297
62947,176859875
62948,48696551
62949,3990424
62950,77920971
62951,64026729
62952,253570615
62953,2237075
62954,126659123
62956,67199919
62957,109891015
62958,118653630
62959,350517275
62960,301225158
62961,580951
62962,101668106
62963,11912595
62964,68099626
62965,1654202
62966,293185938
62967,16810017
62969,51322596
62970,71714467
62972,172667799
62974,69196773
62975,59951377
62976,68179521
62977,51035952
62979,197719697
62982,20175871
62983,52297161
62984,205023990
62985,173922574
62987,212185517
62988,161224010
62990,111094994
62992,90036405
62994,96614706
62995,281304953
62996,65675509
62997,895639
62998,120098421
62999,5555111
63005,90252326
63010,56192326
63011,37377273
63012,73760490
63013,97010622
63014,100240196
63015,43407920
63016,59082441
63017,50693549
63019,8482532
63020,366555908
63021,57095468
63023,181911098
63025,103728977
63026,65563294
63028,316780558
63030,50609555
63031,38150046
63033,31982917
63034,49678333
63036,69609513
63037,212531360
63038,54202391
63039,9914167
63040,11647827
63041,35740652
63042,31521654
63043,36682956
63044,38841201
63045,4348887
63047,567836
63048,8787063
63049,65377020
63050,232987987
63051,119996064
63052,84485327
63053,65559
63055,71201874
63056,151468678
63057,130940
63060,123499406
63061,5402776
63068,233845536
63069,179060104
63070,35260332
63071,102962547
63072,106939244
63073,17943283
63074,9949392
63077,224741376
63079,2209363
63080,675075412
63084,194518471
63087,34241079
63088,14539530
63089,93963099
63090,211562150
63091,125230352
63101,978015
63102,3694244
63103,5592480
63104,8949917
63105,6930465
63106,5842045
63107,6218572
63108,5802025
63109,9246622
63110,16219489
63111,8390001
63112,8567805
63113,6581292
63114,22846820
63115,11047668
63116,14258042
63117,6080797
63118,8687778
63119,21784225
63120,6242072
63121,18574959
63122,36576128
63123,32462461
63124,22682519
63125,25726089
63126,12018228
63127,16199103
63128,38874794
63129,54010975
63130,13012898
63131,35981433
63132,13632862
63133,7737299
63134,21299140
63135,16245327
63136,27410121
63137,18984669
63138,47530638
63139,10078219
63140,1303319
63141,36472700
63143,5122348
63144,6064288
63146,36107137
63147,15131598
63155,57711
63301,228948188
63303,51337096
63304,108481644
63330,79129887
63332,139188839
63333,113468101
63334,451818583
63336,186976241
63339,219001717
63341,141848010
63343,286520504
63344,203377147
63345,53231427
63347,97744907
63348,138672863
63349,93391430
63350,62384505
63351,143267514
63352,273740001
63353,218436129
63357,328542974
63359,368430896
63361,411579346
63362,95389512
63363,225504580
63366,177965720
63367,34649356
63368,42675039
63369,83857556
63370,624294
63373,43023397
63376,107532547
63377,341925594
63379,350968348
63381,69944161
63382,298509873
63383,410867989
63384,217544646
63385,173597668
63386,80488851
63387,241598
63388,158779956
63389,105093569
63390,199463180
63401,270337838
63430,135568377
63431,120849420
63432,229861199
63433,32405870
63434,166195946
63435,364929496
63436,218522116
63437,320529187
63438,35755493
63439,52247024
63440,232225184
63441,232916368
63443,125586144
63445,429906193
63446,282272427
63447,220509992
63448,127732281
63450,65771629
63451,149361991
63452,248617771
63453,156998226
63454,98226423
63456,477700816
63457,89292054
63458,78009649
63459,358951556
63460,221394423
63461,410154344
63462,316339402
63463,122051998
63464,3316530
63465,115486056
63467,507202
63468,363872300
63469,345483279
63471,126251406
63472,5981797
63473,177191995
63474,173363357
63501,532138521
63530,258105295
63531,215194642
63532,132516868
63533,171145219
63534,191426650
63535,67872021
63536,196230513
63537,338088853
63538,147715592
63539,111519576
63540,22529125
63541,99264467
63543,100432928
63544,316955678
63545,296463275
63546,295006227
63547,176001884
63548,198475260
63549,374325877
63551,89293356
63552,334393114
63555,513270576
63556,625564518
63557,269300635
63558,292432521
63559,286164352
63560,110056167
63561,221530401
63563,192410041
63565,707703211
63566,77881590
63567,28707572
63601,146453755
63620,506930962
63621,169954414
63622,116027701
63623,260887343
63624,160255707
63625,208155285
63626,40945944
63627,188426945
63628,302190905
63629,670443525
63630,172590994
63631,107613114
63633,253489822
63636,96709215
63637,43151702
63638,859689240
63640,539499683
63645,986117890
63648,76296160
63650,285883022
63653,3745764
63654,193674829
63655,380354045
63656,166433535
63660,96687567
63662,169637586
63663,1798495
63664,761694122
63665,179142412
63666,7361262
63670,670469972
63673,283147501
63674,8758850
63675,33818180
63701,334825759
63703,33393729
63730,312014110
63732,98414245
63735,156072291
63736,174831988
63738,743300
63739,37314603
63740,230953455
63742,798403
63743,16102653
63744,315109
63745,13360630
63746,3265025
63747,52311697
63748,189107615
63750,23279063
63751,232251919
63755,442517425
63758,1066152
63760,76126586
63763,64913737
63764,501108149
63766,130255377
63767,3430560
63769,135419327
63770,4957502
63771,254446517
63774,8559942
63775,903864396
63780,139728644
63781,166297301
63782,39893305
63783,12628243
63784,2201298
63785,124621405
63787,146617803
63801,543329842
63820,1248268
63821,95635637
63822,171243419
63823,103202920
63824,231876
63825,254526811
63826,8076603
63827,229174408
63828,2537453
63829,61989191
63830,177899533
63833,211840943
63834,644664835
63837,58754505
63839,4196029
63841,345345309
63845,528648886
63846,284961367
63847,4651606
63848,188274455
63849,48202919
63851,239928595
63852,132143971
63853,4030270
63855,203555367
63857,285634167
63860,17372209
63862,152883029
63863,153766968
63866,16524874
63867,232474514
63868,4115282
63869,232353720
63870,217008864
63873,518094182
63874,2943698
63876,150675885
63877,357234317
63878,1388071
63879,59424234
63880,406703
63882,1179128
63901,811185109
63902,27936
63932,135411343
63933,262545494
63934,30515120
63935,1226982620
63936,201155777
63937,488050950
63939,94832401
63940,142821586
63941,390724767
63942,219074946
63943,148141842
63944,467408190
63945,69769577
63951,68794647
63952,143782543
63953,145325823
63954,261777083
63955,19976743
63956,197164860
63957,496249399
63960,307381967
63961,227715536
63962,46710
63964,165688265
63965,545821044
63966,170989332
63967,294085766
64001,102075864
64011,81422498
64012,123519364
64014,31211279
64015,58838784
64016,84191975
64017,50065290
64018,60693953
64019,218291154
64020,276270594
64021,93615264
64022,26196397
64024,182657103
64029,73621187
64030,38125316
64034,52799790
64035,163180984
64036,48487665
64037,259220435
64040,443883282
64048,121266582
64050,34712713
64052,16867028
64053,8330571
64054,5220898
64055,31680801
64056,53853401
64057,39315599
64058,90786054
64060,147185485
64061,167224463
64062,229765341
64063,16222907
64064,45071302
64065,1857013
64066,4281439
64067,189761094
64068,223688163
64070,101934665
64071,94772144
64072,2306070
64074,58037319
64075,131152299
64076,313597237
64077,184757210
64078,144358922
64079,243213790
64080,318452968
64081,36956355
64082,50088078
64083,73770508
64084,127330588
64085,438638399
64086,96893687
64088,71974588
64089,165638993
64090,305566
64092,15011949
64093,484208558
64096,110008391
64097,88017264
64098,189936989
64101,1034828
64102,797712
64105,1950219
64106,3993359
64108,9403771
64109,5365648
64110,7829754
64111,7051117
64112,3819788
64113,6460896
64114,18125356
64116,28109733
64117,15593294
64118,33161748
64119,34892319
64120,21217901
64123,4266254
64124,4409740
64125,4283323
64126,6444270
64127,10839876
64128,7928281
64129,26844742
64130,18655532
64131,19261579
64132,26394330
64133,43133447
64134,30858707
64136,12260325
64137,18743127
64138,34700241
64139,10628799
64145,17067410
64146,12490844
64147,8399347
64149,21967953
64150,14427253
64151,34124770
64152,77063769
64153,94827166
64154,36046649
64155,28801686
64156,36638771
64157,28516019
64158,7845468
64161,41619512
64163,22261705
64164,26654552
64165,11043053
64166,12823085
64167,3523523
64192,640270
64401,97062609
64402,351472690
64420,1470351
64421,71425589
64422,84361413
64423,193137691
64424,457237906
64426,135009851
64427,158792281
64428,251081541
64429,406474684
64430,106572020
64431,126615506
64432,523006
64433,1941542
64434,91038198
64436,82986908
64437,402045589
64438,120822975
64439,137820410
64440,97568760
64441,132335073
64442,215633874
64443,126168986
64444,90529159
64445,109351652
64446,378346562
64448,98694581
64449,102783603
64451,119754222
64453,97396782
64454,170283313
64455,135353263
64456,437029934
64457,103216799
64458,157554006
64459,63878578
64461,199854553
64463,357134222
64465,247157899
64466,151127611
64467,114507406
64468,374564631
64469,315718733
64470,196631798
64471,108378785
64473,283488176
64474,154125339
64475,183239808
64476,77775740
64477,233774630
64479,177199239
64480,73134984
64481,325956027
64482,318882410
64483,95791061
64484,187789209
64485,267317042
64486,151627000
64487,349418399
64489,324000389
64490,239555474
64491,292142550
64492,78359768
64493,71030850
64494,155608215
64496,87017229
64497,107846559
64498,193703938
64499,26753181
64501,9351792
64503,39148099
64504,118928149
64505,116893572
64506,28498793
64507,146850261
64601,621200347
64620,47323679
64622,170101029
64623,181944050
64624,297757463
64625,176678227
64628,394757434
64630,261145962
64631,197862408
64632,250255378
64633,598321063
64635,151992348
64636,62307804
64637,213437240
64638,170653879
64639,103928176
64640,363323405
64641,196200942
64642,293356467
64643,283886928
64644,284909302
64645,114019399
64646,148684581
64647,131646955
64648,302870858
64649,94950786
64650,105967287
64651,112044130
64652,117323841
64653,239196675
64654,7193078
64655,186071587
64656,52261916
64657,168739345
64658,245015345
64659,191198269
64660,206183482
64661,267249430
64664,131790225
64667,231173710
64668,396527610
64670,329751923
64671,220405068
64672,181024658
64673,619796203
64674,152258091
64676,72921145
64679,226284347
64681,113528834
64682,91540795
64683,592306599
64686,4202091
64688,154446898
64689,89205616
64701,303869350
64720,338980462
64722,98950508
64723,116917336
64724,317863667
64725,152776258
64726,114689308
64728,198224473
64730,737684543
64733,189334595
64734,110898714
64735,681758541
64738,207999452
64739,132548796
64740,249095751
64741,84713397
64742,196172481
64743,769876
64744,652379585
64745,8133943
64746,80296655
64747,311126369
64748,276445244
64750,80847140
64752,174125459
64755,391005949
64756,162641093
64759,683064963
64761,185790786
64762,340943845
64763,209377597
64765,249598
64767,147530759
64769,101686786
64770,298362569
64771,105575551
64772,358744237
64776,627588174
64778,302521661
64779,494717820
64780,253137254
64781,2759611
64783,162717096
64784,286653336
64788,271966583
64790,206216221
64801,152050861
64804,236168101
64830,3683380
64831,304726858
64832,183622224
64833,506308
64834,82012124
64835,6222931
64836,471665196
64840,131789572
64841,1000990
64842,57787993
64843,147621489
64844,168926266
64847,10182366
64848,117622016
64849,1016654
64850,530605244
64854,174729265
64855,112257976
64856,260886968
64857,1559406
64858,1047179
64859,133692130
64861,147244870
64862,216861356
64863,80349863
64865,201074444
64866,146107254
64867,149159892
64870,88082524
64873,111205918
64874,5344596
65001,48087787
65010,157386641
65011,207297805
65013,318603644
65014,339002977
65016,130177409
65017,150949315
65018,423184536
65020,323233765
65023,139325087
65024,259797717
65025,122225946
65026,373430002
65032,148484338
65034,88839721
65035,207134300
65037,211004997
65039,152691928
65040,108457058
65041,608275026
65043,135707768
65046,193023097
65047,83849851
65048,51681100
65049,50319279
65050,59618466
65051,313301326
65052,133448951
65053,90932294
65054,65569495
65058,246796560
65059,95075614
65061,132045435
65062,10252002
65063,226364046
65064,46924096
65065,40519572
65066,516864244
65067,114313467
65068,115803253
65069,194332049
65072,48926880
65074,237980923
65075,118222250
65076,66988657
65077,75333621
65078,394106677
65079,78378286
65080,109032082
65081,170640402
65082,174434731
65083,39009264
65084,437206512
65085,145009600
65101,344006936
65109,212790312
65201,221557042
65202,385582699
65203,200290386
65215,22985
65230,177319947
65231,320847833
65232,63974663
65233,362060375
65236,192534824
65237,245661897
65239,141087448
65240,460628298
65243,255547622
65244,173428621
65246,83559485
65247,125768102
65248,437399532
65250,139666211
65251,558465886
65254,274373039
65255,140614343
65256,129632131
65257,216424306
65258,134624264
65259,269371719
65260,119955815
65261,224731587
65262,125510699
65263,351278601
65264,137811670
65265,586228565
65270,295623693
65274,132398941
65275,457032555
65276,251848398
65278,288296
65279,142342391
65280,50361967
65281,531454809
65282,31853286
65283,148049410
65284,173657531
65285,145528610
65286,116596598
65287,81384772
65301,623259781
65305,14810424
65320,345226
65321,87581212
65322,140223942
65323,146638210
65324,172487706
65325,392930381
65326,355403898
65327,993592
65329,83652479
65330,120471889
65332,230990883
65333,161392825
65334,176618821
65335,32936927
65336,301629380
65337,214054772
65338,305447956
65339,241543475
65340,668748065
65344,193593877
65345,69535942
65347,202467511
65348,191072028
65349,246384130
65350,179475543
65351,305379531
65354,67094321
65355,596844537
65360,400145960
65401,685131952
65436,53845744
65438,845772191
65439,102598661
65440,213856301
65441,454309857
65443,22182873
65444,212129741
65446,99769709
65449,125352021
65452,240415891
65453,356140819
65456,167077216
65457,49205805
65459,607209935
65461,47361972
65462,244755542
65463,178026381
65464,150900857
65466,483790651
65468,31403031
65470,275852842
65473,256582803
65479,221613835
65483,273734299
65484,64088124
65486,331132574
65501,48037228
65529,1539936
65534,106037279
65535,112064647
65536,1052404229
65541,43711883
65542,563001303
65543,159653954
65548,414346635
65550,466916641
65552,384606563
65555,210354596
65556,588161805
65557,13461031
65559,485791663
65560,1773052645
65564,29442174
65565,703414690
65566,13104170
65567,157800765
65570,74765691
65571,470822507
65580,142586422
65582,354076798
65583,165700474
65584,60827392
65586,4225621
65588,525801363
65589,28633649
65590,176423003
65591,129990678
65601,129870792
65603,59952210
65604,221321497
65605,412966790
65606,527819065
65608,1118462899
65609,91743649
65610,230170676
65611,76943736
65612,91798375
65613,488214548
65614,215897673
65616,192117989
65617,75859457
65618,71830688
65619,49426782
65620,27221661
65622,415866130
65623,45401
65624,144449896
65625,410482799
65626,268541721
65627,140045973
65629,176753249
65630,25327403
65631,110928783
65632,268959201
65633,219785425
65634,205979709
65635,98527271
65637,235831321
65638,139046793
65640,105390895
65641,123281747
65644,209191768
65646,272364848
65647,144594271
65648,202787441
65649,159749761
65650,185613688
65652,187171117
65653,166425116
65654,2840551
65655,540852836
65656,303658229
65657,45922803
65658,53815317
65660,58165176
65661,221752832
65662,194890559
65663,291342532
65664,2013253
65667,479024652
65668,91222464
65669,105901307
65672,143508210
65674,255299617
65676,41540444
65679,136020850
65680,55591426
65681,87345786
65682,389473677
65685,86349209
65686,24677160
65689,473338005
65690,113555262
65692,296216518
65702,74774095
65704,324638916
65705,104070155
65706,465367298
65707,248192398
65708,237000690
65710,78936491
65711,753723540
65712,315011516
65713,281554666
65714,134525009
65715,35404885
65717,356371456
65720,89795119
65721,252398983
65722,144051548
65723,228593609
65724,55258206
65725,85862184
65727,36050857
65728,2367176
65729,38638490
65730,37003820
65731,3650073
65732,135804318
65733,163218921
65734,207068812
65735,53719209
65737,219253911
65738,133716718
65739,33733520
65740,11562697
65742,302434620
65744,54460950
65745,183575660
65746,466694189
65747,201531165
65752,108784486
65753,180677630
65754,53686275
65755,106139614
65756,74164882
65757,213144811
65759,126109091
65760,84885502
65761,313299953
65762,190940763
65764,238035111
65766,14099479
65767,223305187
65768,150471359
65769,220649706
65770,258637095
65771,101978184
65772,211642902
65773,171402332
65774,131986988
65775,1178568532
65777,41443926
65778,102525895
65779,194814876
65781,184259802
65783,45572401
65784,4924914
65785,563540396
65786,279036880
65787,104650741
65788,56760386
65789,206482462
65790,139947108
65791,341131319
65793,694727273
65802,164716248
65803,240862145
65804,47243758
65806,5358495
65807,56219044
65809,45942932
65810,30946359
66002,465098657
66006,277620013
66007,58798969
66008,89036355
66010,233895378
66012,124919279
66013,108817219
66014,172881460
66015,247110147
66016,81774353
66017,100261326
66018,54613269
66019,111003
66020,160246769
66021,123867192
66023,183263854
66024,11603522
66025,169300510
66026,106910644
66027,21935537
66030,122654014
66031,7457955
66032,540143835
66033,141814899
66035,139217801
66039,254249331
66040,374904116
66041,141440304
66042,73641709
66043,33984775
66044,160701264
66045,841318
66046,105746690
66047,137242949
66048,350528792
66049,115314456
66050,111883921
66052,107690976
66053,257319211
66054,196761881
66056,220974968
66058,93301827
66060,155322660
66061,166157461
66062,123878183
66064,194305509
66066,201036473
66067,429735520
66070,78929280
66071,602370814
66072,194615340
66073,169590261
66075,272331146
66076,251663544
66078,167107234
66079,109153258
66080,151400390
66083,167359713
66085,67602320
66086,246732591
66087,289450926
66088,313147988
66090,202045160
66091,155811994
66092,217160147
66093,286282870
66094,123729996
66095,183466846
66097,128166555
66101,8420680
66102,28937417
66103,12542336
66104,41773121
66105,8687024
66106,48195936
66109,119198598
66111,56344151
66112,16156772
66115,10274137
66118,2100599
66202,13602828
66203,16259558
66204,12811854
66205,9697337
66206,10222061
66207,12104184
66208,16868805
66209,15999453
66210,15709367
66211,11528021
66212,19879077
66213,19621120
66214,10127684
66215,20405248
66216,20232472
66217,24290179
66218,23315150
66219,19666540
66220,17486820
66221,19479231
66223,16150900
66224,17852297
66226,29870962
66227,34357989
66401,612440788
66402,111306634
66403,244340775
66404,173619594
66406,141244350
66407,148531258
66408,115844303
66409,169109766
66411,297912102
66412,125979987
66413,260362797
66414,157926754
66415,245264545
66416,91072821
66417,92628948
66418,222528567
66419,46438449
66422,159287511
66423,413731160
66424,148114251
66425,120900304
66427,544049165
66428,243163078
66429,33476504
66431,163245286
66432,156632290
66434,559198220
66436,482778016
66438,47956616
66439,226601379
66440,127365788
66441,618334969
66442,88833254
66449,173193590
66451,213662894
66501,594422
66502,593948812
66503,210926078
66506,1720076
66507,247169287
66508,525870590
66509,327850917
66510,146657577
66512,169677236
66514,41949495
66515,83507071
66516,120392715
66517,4130221
66518,99335184
66520,270379198
66521,473957485
66522,443871
66523,389649761
66524,330616603
66526,183135733
66527,105259125
66528,171299129
66531,98554302
66532,228294286
66533,134983303
66534,383966840
66535,110273017
66536,152577548
66537,147875762
66538,377631968
66539,106683898
66540,219747222
66541,108931031
66542,84185071
66543,22683300
66544,222279658
66546,99110435
66547,349080999
66548,203504388
66549,448008707
66550,160586364
66552,117933264
66554,277532374
66603,2236235
66604,17137023
66605,25829822
66606,14815053
66607,18507859
66608,12040254
66609,31037628
66610,99288862
66611,8812995
66612,2665863
66614,74322651
66615,117180833
66616,15592129
66617,108588292
66618,187018093
66619,20614894
66621,646635
66622,272640
66701,762716033
66710,180651256
66711,133574984
66712,56398067
66713,153611757
66714,70503008
66716,222108424
66717,136751333
66720,475631160
66724,94055146
66725,608061675
66728,3412313
66732,119095409
66733,365748979
66734,75040898
66735,9825354
66736,665042434
66738,99564126
66739,178519740
66740,116039886
66741,53743465
66743,383823853
66746,122701542
66748,296649979
66749,302754804
66751,121338140
66753,345571479
66754,119979116
66755,346561564
66756,52863934
66757,294912308
66758,112020624
66760,1970195
66761,109268473
66762,347033126
66763,16567206
66767,121012490
66769,136795876
66770,17964808
66771,183041230
66772,87210508
66773,80223061
66775,67049748
66776,282856825
66777,366161072
66778,389399
66779,191800545
66780,279757583
66781,118487716
66782,765504
66783,776327748
66801,759951621
66830,75007557
66833,327931678
66834,398364936
66835,156146173
66838,132916802
66839,365809849
66840,482667175
66842,282146123
66843,349835024
66845,392599930
66846,739588429
66849,175990306
66850,361700806
66851,182623183
66852,373609950
66853,359880100
66854,261095483
66856,361845496
66857,227416852
66858,201094268
66859,93925513
66860,491295325
66861,537311015
66862,245889321
66863,2320967
66864,105383048
66865,396326778
66866,362840335
66868,332328772
66869,310041150
66870,203740623
66871,352014129
66872,379224365
66873,220933237
66901,637900000
66930,193731211
66932,187222966
66933,213518374
66935,381048243
66936,354630827
66937,382911124
66938,279504037
66939,285405742
66940,180960601
66941,309214480
66942,254999970
66943,239644651
66944,227540194
66945,267920321
66946,133852141
66948,295955294
66949,309102456
66951,427288049
66952,625240820
66953,198796507
66955,104804194
66956,514863153
66958,212353851
66959,137492144
66960,151706756
66962,132991171
66963,204668405
66964,146223121
66966,263523536
66967,651643116
66968,331698717
66970,86831915
67001,61303314
67002,95525282
67003,641726637
67004,265115974
67005,400499127
67008,318575319
67009,344212232
67010,271533417
67012,25072295
67013,203741734
67016,777655
67017,168153087
67018,169907366
67019,262645375
67020,329117158
67021,100525317
67022,493526216
67023,371904375
67024,567565851
67025,296071078
67026,253757490
67028,464883959
67029,1018640842
67030,105024391
67031,289541014
67035,589831210
67036,100293539
67037,145434961
67038,464866551
67039,271799208
67041,758297
67042,663244796
67045,1144457948
67047,415026168
67049,111937789
67050,116567195
67051,187657277
67052,134166834
67053,852729
67054,602740519
67055,2188597
67056,209937142
67057,424293050
67058,560618389
67059,730970106
67060,69257602
67061,296087831
67062,74541679
67063,348547145
67065,198287807
67066,139947487
67067,11755805
67068,742359856
67070,289190648
67071,537527701
67072,308820559
67073,77727053
67074,463509507
67101,38827046
67103,134201876
67104,768359604
67105,130663971
67106,129205609
67107,297221879
67108,176975768
67109,505491879
67110,136561051
67111,151254873
67112,159676375
67114,615274282
67117,2626766
67118,205615578
67119,207500889
67120,105212685
67122,317333838
67123,134104030
67124,711699771
67127,511570835
67131,92044554
67132,224898757
67133,109250106
67134,214801691
67135,267391780
67137,236830416
67138,259652055
67140,348997268
67142,318239812
67143,101721503
67144,116656424
67146,205410485
67147,272686345
67149,144160064
67150,10566199
67151,78689869
67152,595251687
67154,204672129
67155,694748825
67156,650873402
67159,211188385
67202,2561116
67203,18376060
67204,41727269
67205,44482787
67206,26586740
67207,26059267
67208,12884877
67209,32275820
67210,35090013
67211,13304050
67212,32864133
67213,16788922
67214,14189600
67215,42961900
67216,31783303
67217,37940540
67218,12942619
67219,37757064
67220,18897651
67223,9594745
67226,69855534
67227,14216299
67228,20577066
67230,25560979
67232,9054480
67235,28518713
67260,513488
67301,543036436
67330,153512410
67332,58577853
67333,132628871
67334,1052291
67335,334440049
67336,244975473
67337,373183206
67340,2026125
67341,57295854
67342,187592765
67344,447387996
67345,113076031
67346,298841651
67347,150196586
67349,603399568
67351,110460027
67352,275892206
67353,210642347
67354,145692182
67355,61965077
67356,301405639
67357,458850132
67360,125471938
67361,620843537
67363,5639982
67364,12191654
67401,621691739
67410,832155923
67416,160405469
67417,177991538
67418,346223247
67420,1085595278
67422,170212273
67423,136547445
67425,568180827
67427,155027251
67428,269077693
67430,343848995
67431,312459729
67432,962658820
67436,318460982
67437,355939812
67438,195149067
67439,552310103
67441,100629600
67442,122063137
67443,218785672
67444,425264224
67445,304559161
67446,298813675
67447,196917679
67448,578078110
67449,396970011
67450,131045237
67451,378063143
67452,338173210
67454,92129087
67455,759147812
67456,375160796
67457,240160640
67458,162134164
67459,183391402
67460,595593248
67464,297326218
67466,384821276
67467,693870588
67468,107579886
67470,128382299
67473,686545735
67474,237029651
67475,70678082
67478,2620212
67480,422731537
67481,482860492
67482,254249
67483,214336001
67484,361451822
67485,201546956
67487,250238120
67490,387677638
67491,186334830
67492,73502310
67501,475964228
67502,203621622
67505,7280778
67510,140125842
67511,164683745
67512,90839753
67513,147318663
67514,224963562
67515,88116580
67516,438824684
67518,376212805
67519,184396790
67520,321820648
67521,429753541
67522,160160474
67523,385975199
67524,138337094
67525,357539423
67526,436959305
67529,282559136
67530,635722419
67543,239305962
67544,533656168
67545,178866067
67546,340078621
67547,779589544
67548,292031761
67550,818253075
67552,497445984
67553,23229556
67554,471221055
67556,460197968
67557,354403438
67559,204987694
67560,860159766
67561,168967199
67563,270025629
67564,208529890
67565,241821690
67566,153634665
67567,244448972
67568,166297520
67570,359935317
67572,545565388
67573,170414913
67574,315238201
67575,419427362
67576,828126030
67578,576434356
67579,580904221
67581,246544503
67583,587328216
67584,647915858
67601,998435171
67621,157894955
67622,341115995
67623,391167340
67625,287317665
67626,239741647
67628,134720875
67629,231457817
67631,429759659
67632,133408812
67634,306851753
67635,274713423
67637,870152931
67638,178509400
67639,160171980
67640,271748930
67642,597654557
67643,343790236
67644,205029531
67645,828836855
67646,444281420
67647,217212734
67648,435726335
67649,234010011
67650,390887855
67651,593730873
67653,539536694
67654,897774589
67656,315579557
67657,349253699
67658,207001245
67659,295577688
67660,49184419
67661,1011360863
67663,798323419
67664,261858782
67665,836174187
67667,291859
67669,852835009
67671,334504126
67672,815959730
67673,322946979
67674,12683374
67675,251640409
67701,1255335711
67730,991491399
67731,800562933
67732,799658434
67733,501386111
67734,240222292
67735,1584625171
67736,617903965
67737,367235465
67738,769711159
67739,352641539
67740,1130948856
67741,454450593
67743,273018076
67744,363379139
67745,683199071
67747,323259554
67748,1202204921
67749,1188804866
67751,231659254
67752,746256131
67753,628628879
67756,1676131428
67757,531801951
67758,1120417419
67761,1051812199
67762,566984565
67764,1327698659
67801,980660201
67831,1034814542
67834,508133037
67835,1131704743
67836,160143514
67837,622954624
67838,292599081
67839,1466560650
67840,89259935
67841,254004160
67842,391341219
67843,447307
67844,636918797
67846,2061965384
67849,322377589
67850,322401638
67851,553453485
67853,785890292
67854,1452028941
67855,1162179725
67857,828114130
67859,459007475
67860,1522088557
67861,1530545005
67862,655870161
67863,440983354
67864,1218667966
67865,711112724
67867,573264623
67868,150744262
67869,811882643
67870,661364251
67871,2206093494
67876,628214206
67877,648881518
67878,1930569395
67879,2016371488
67880,1649972060
67882,260417460
67901,897631872
67950,560492582
67951,1322812190
67952,465395143
67953,670130480
67954,750311801
68001,7405509
68002,187512788
68003,320185624
68004,203827693
68005,46540192
68007,91800945
68008,343486809
68010,3757622
68014,99461544
68015,141224462
68016,2001331
68017,185184876
68018,113268211
68019,191161347
68020,210430971
68022,97721817
68023,91036477
68025,322079941
68028,166427056
68029,218494975
68030,99627815
68031,315188627
68033,84085893
68034,86565852
68036,158766992
68037,150418920
68038,254930465
68039,112864980
68040,92107674
68041,97603070
68042,1693312
68044,87356712
68045,244358183
68046,70087239
68047,326925159
68048,249539391
68050,145739799
68055,135970397
68057,316025492
68058,1572691
68059,125671519
68061,391629333
68062,109211477
68063,4540549
68064,123666231
68065,235681906
68066,234695784
68067,146489327
68068,442649
68069,75718830
68070,169060938
68071,194469894
68072,99803
68073,111406556
68102,4642459
68104,17064839
68105,9747688
68106,13056363
68107,17087887
68108,8351651
68110,22287712
68111,13561746
68112,39255825
68113,8162860
68114,15039672
68116,23356769
68117,11799665
68118,10427684
68122,50095452
68123,59382669
68124,14857827
68127,17234652
68128,16587442
68130,19663192
68131,5273827
68132,6812442
68133,45522493
68134,22147304
68135,20746102
68136,22030699
68137,21469023
68138,30928260
68142,48544418
68144,19372784
68147,13074293
68152,35293500
68154,16980805
68157,6503556
68164,23041946
68178,300474
68301,261665918
68303,158649118
68304,57003050
68305,367377213
68307,104815087
68309,4737175
68310,539607203
68313,194386913
68314,84556667
68315,100280698
68316,142965376
68317,116037077
68318,122680813
68319,180963281
68320,153103633
68321,72605466
68322,144216406
68323,280652685
68324,74658696
68325,130472073
68326,117482640
68327,82056729
68328,87061408
68329,188284005
68331,130267970
68332,115780250
68333,300100445
68335,198781591
68336,50579690
68337,179214911
68338,147839224
68339,112097913
68340,163227187
68341,256607825
68342,185754284
68343,237542753
68344,104063590
68345,126335270
68346,140674598
68347,88818016
68348,101125736
68349,130254622
68350,64454151
68351,238629915
68352,752447000
68354,260210470
68355,391891990
68357,134031343
68358,124442462
68359,319442501
68360,56605308
68361,250980301
68362,12729543
68364,345833
68365,141011871
68366,134324405
68367,175112102
68368,92169775
68370,443584817
68371,202924473
68372,93089155
68375,105829289
68376,382119348
68377,137655871
68378,168920284
68379,227491
68380,10456085
68381,160753589
68382,104072
68401,115069957
68402,85698073
68403,1659652
68404,126499847
68405,204766457
68406,138720910
68407,118381692
68409,80677578
68410,393136918
68413,131557475
68414,126307183
68415,184313940
68416,117639446
68417,62060400
68418,170268870
68419,734784
68420,350332868
68421,117970116
68422,121127397
68423,139998380
68424,167159576
68428,134034712
68430,114153253
68431,124981733
68433,133675103
68434,411278124
68436,239507257
68437,77989797
68438,251537
68439,94293868
68440,53567029
68441,162851642
68442,98166449
68443,269061621
68444,69322229
68445,57075214
68446,260578123
68447,133208836
68448,88569683
68450,323918918
68452,39860068
68453,154530388
68454,142888997
68455,89890517
68456,142385454
68457,102379237
68458,61369869
68460,248948674
68461,62359601
68462,143283765
68463,147314896
68464,208268995
68465,259088766
68466,253873338
68467,466707952
68502,15307650
68503,7672855
68504,17314992
68505,9707764
68506,18624801
68507,26651125
68508,7642090
68510,15065652
68512,23531194
68514,13363758
68516,49288220
68517,69412604
68520,28715148
68521,37450361
68522,27917298
68523,41418497
68524,79258087
68526,29233946
68527,70183498
68528,49834356
68531,10549256
68532,22765246
68601,747387874
68620,792888408
68621,83598094
68622,453971996
68623,225428031
68624,179368012
68626,160738422
68627,331454572
68628,278860149
68629,373593649
68631,108077259
68632,401214075
68633,267487476
68634,1064066
68635,141824742
68636,583716794
68637,250792012
68638,393640009
68640,320022241
68641,245479472
68642,335718968
68643,247837289
68644,235521466
68647,175856116
68648,107148713
68649,268446093
68651,322577356
68652,325035216
68653,149489876
68654,139027237
68655,76937706
68658,195175621
68659,83996642
68660,345681773
68661,394839792
68662,242621719
68663,232521288
68664,1033947
68665,726310177
68666,232933464
68667,37873655
68669,144589835
68701,490812281
68710,219558256
68711,612506381
68713,1478455683
68714,1877564212
68715,145573865
68716,155324655
68717,58868966
68718,580881092
68719,157442784
68720,172851240
68722,241149354
68723,179589735
68724,88345125
68725,435422944
68726,312235003
68727,184070266
68728,62532490
68729,410254033
68730,355030864
68731,94356062
68732,121472526
68733,256856616
68734,62561775
68735,963453233
68736,181564689
68739,577486028
68740,181379330
68741,165822625
68742,100904115
68743,164960907
68745,308580826
68746,604415864
68747,82954413
68748,437771635
68749,5226605
68751,414369
68752,377599927
68753,380650730
68755,375310087
68756,338923149
68757,331095337
68758,290989235
68759,635794151
68760,542636136
68761,100871817
68763,1403106647
68764,352536596
68765,302912940
68766,318500783
68767,546257127
68768,178336906
68769,371871768
68770,237275519
68771,380444911
68773,137867686
68774,102965271
68776,53804219
68777,459244294
68778,1228901409
68779,440347487
68780,802148505
68781,299843884
68783,573098130
68784,271182340
68785,79397206
68786,313350369
68787,363909390
68788,497925058
68789,113770204
68790,169107309
68791,344976822
68792,144727541
68801,232005630
68803,226390628
68810,49272639
68812,306382095
68813,1457318432
68814,499686318
68815,387453003
68816,96840064
68817,244025282
68818,470190856
68820,104846303
68821,517527038
68822,1028770907
68823,2394280786
68824,276231020
68825,815711891
68826,377600191
68827,159679726
68828,254839598
68831,168729390
68832,280086010
68833,1191198915
68834,249525767
68835,252766683
68836,384067744
68837,62769136
68838,132112578
68840,377718393
68841,168920042
68842,413497981
68843,213984784
68844,115844879
68845,288806540
68846,74138070
68847,243239307
68849,435103
68850,675757755
68852,283347483
68853,506791616
68854,178635913
68855,488987853
68856,284186263
68858,158699356
68859,224799394
68860,466486937
68861,970265
68862,731923755
68863,316227938
68864,441514084
68865,161734812
68866,306523352
68869,536611643
68870,111326796
68871,169405745
68872,172451814
68873,457268885
68874,693171257
68875,508551457
68876,235011525
68878,345095642
68879,888696597
68881,64864223
68882,303109411
68883,441430077
68901,355093669
68920,329668430
68922,423480928
68923,4134866
68924,252824164
68925,157762328
68926,370408247
68927,398136514
68928,296457562
68929,130539354
68930,363719664
68932,189755010
68933,155550665
68934,69750153
68935,313720232
68936,195075747
68937,410858340
68938,151065759
68939,318041836
68940,243472716
68941,217612947
68942,376304640
68943,133682953
68944,271697393
68945,106205546
68946,68518928
68947,179220417
68948,234751324
68949,552888495
68950,123146719
68952,169999625
68954,30138506
68955,246125354
68956,254184307
68957,278330249
68958,192975741
68959,791445597
68960,141116290
68961,327742449
68964,81663972
68966,318842682
68967,498568699
68969,3990159
68970,396061120
68971,242694319
68972,334208520
68973,130364998
68974,81178830
68975,70484317
68976,238204792
68977,275080719
68978,370244501
68979,328335842
68980,76931785
68981,212330543
68982,263709623
69001,1151733607
69020,244897281
69021,783396319
69022,918656948
69023,582074254
69024,747722314
69025,612508252
69026,130348872
69027,101732864
69028,459768596
69029,511963173
69030,856436422
69032,867673192
69033,952591051
69034,493902556
69036,129129324
69037,196814501
69038,452470857
69039,265750867
69040,512232146
69041,419210411
69042,109452380
69043,494608708
69044,486321083
69045,968809946
69046,291761762
69101,1531995915
69120,867957227
69121,1630290206
69122,491354815
69123,523238398
69125,618766632
69127,446679323
69128,1115425688
69129,797618911
69130,586706663
69131,492760668
69132,351445604
69133,592659412
69134,570122432
69135,411469214
69138,872719775
69140,918228987
69141,299983623
69142,318689544
69143,618244413
69144,313256343
69145,1074312900
69146,403313153
69147,1167159199
69148,955131112
69149,780909882
69150,436708251
69151,826505248
69152,3870318706
69153,498900723
69154,1157929604
69155,912447743
69156,842028492
69157,69850621
69161,348061028
69162,1125255158
69163,1678246016
69165,1086516832
69166,2090277677
69167,1660437149
69168,420647995
69169,657234091
69170,569501664
69171,7288070
69201,3196341814
69210,2037077969
69211,1267477896
69212,477030415
69214,753871010
69216,618554242
69217,459519389
69218,1338761258
69219,753440621
69220,125880297
69221,1186905116
69301,2659419384
69331,430965790
69333,1504232005
69334,805025424
69335,266873331
69336,1187371741
69337,1797695759
69339,1002898009
69340,760624020
69341,570120655
69343,3279534072
69345,1135215388
69346,2978965713
69347,1130407808
69348,2390899590
69350,1177467156
69351,2056490817
69352,342316640
69353,76819
69354,544294125
69355,1494057
69356,330001528
69357,813364239
69358,485716332
69360,1088151013
69361,296056706
69365,47338707
69366,1798067069
69367,541656359
70001,15513810
70002,8314880
70003,18162268
70005,10976102
70006,6721467
70030,81585251
70031,9069800
70032,4531240
70036,11341133
70037,161498937
70038,3444158
70039,31378308
70040,163720322
70041,27171943
70043,20152048
70047,27915603
70049,46929945
70050,1496345
70051,23084023
70052,7539839
70053,8897061
70056,17565878
70057,99681596
70058,32707827
70062,18326959
70065,20830961
70067,27144655
70068,138812923
70070,239129624
70071,6699770
70072,53727999
70075,8559148
70076,7085710
70079,5802293
70080,27693401
70082,35446549
70083,324696440
70084,39146221
70085,99975934
70086,58817910
70087,32681189
70090,129343092
70091,573575866
70092,12578120
70094,93638755
70112,2258663
70113,2633099
70114,12612253
70115,10042862
70116,3345131
70117,14191614
70118,12131897
70119,11578657
70121,9711484
70122,18270815
70123,19477225
70124,17272897
70125,6069420
70126,26220276
70127,18380126
70128,12624642
70129,235055598
70130,5456262
70131,30813457
70139,12861
70163,10072
70301,744589919
70339,145746245
70340,132999
70341,150248396
70342,19247812
70343,74929588
70344,261502331
70345,240690101
70346,133280606
70352,9575245
70353,55026513
70354,302681572
70355,268690997
70356,170643667
70357,548111926
70358,16599546
70359,24686951
70360,166585492
70363,194167700
70364,109709887
70372,75581308
70373,186290867
70374,127926130
70375,5677373
70377,341544921
70380,167415791
70390,417362638
70391,1998305
70392,79620075
70393,18739539
70394,222772473
70395,126870620
70397,114784008
70401,90611276
70402,222796
70403,111249563
70420,132146145
70422,438728088
70426,314103669
70427,381798959
70431,186374701
70433,126268004
70435,271492029
70436,10197717
70437,238037770
70438,870359575
70441,539153862
70442,17606749
70443,199746526
70444,651316295
70445,299641037
70446,220170386
70447,81462211
70448,56823613
70449,176856956
70450,192670911
70451,465787
70452,192632904
70453,90570488
70454,419203979
70455,42848673
70456,82630893
70458,54105456
70460,94924584
70461,123927001
70462,207580273
70463,1830672
70464,25702599
70465,12713449
70466,81735091
70471,76196106
70501,40461414
70503,30609519
70506,53644453
70507,54947549
70508,64860656
70510,596311262
70512,245757037
70513,4980269
70514,13345565
70515,191050001
70516,102048119
70517,362632134
70518,108541048
70519,9043192
70520,102041162
70523,11625367
70524,9844507
70525,282142962
70526,323642543
70528,11592738
70529,91942656
70531,71979643
70532,253101781
70533,203442958
70534,24867474
70535,390702959
70537,15226302
70538,401556860
70541,5371669
70542,490045337
70543,190471542
70544,269581319
70546,391930285
70548,1322194146
70549,304670753
70550,952475
70552,47120961
70554,298541793
70555,128311127
70556,16529535
70558,307936
70559,213036532
70560,522250996
70563,161767463
70570,448530873
70575,84005
70576,2912646
70577,155348878
70578,294092603
70580,386291
70581,62271952
70582,372163063
70583,71858325
70584,91867916
70585,1544263
70586,776929959
70589,306746962
70591,441006610
70592,107726733
70601,41737490
70605,112476929
70607,307117501
70611,211679057
70615,127096729
70630,479250836
70631,1273761853
70632,252821923
70633,405840936
70634,1171066206
70637,104070754
70638,74556813
70639,177328876
70640,3006604
70643,875090045
70644,35470681
70645,279880079
70646,18048739
70647,466223384
70648,508802715
70650,4703827
70651,68597214
70652,259302591
70653,707081288
70654,58498706
70655,453151005
70656,1174859900
70657,375182255
70658,228656837
70659,5649921
70660,376295655
70661,446876716
70662,55416452
70663,250665135
70665,416365939
70668,372770176
70669,79086155
70706,133242125
70710,21314019
70711,50474771
70712,62076065
70714,89201492
70715,478030237
70719,42035671
70721,13167312
70722,432068103
70723,68002752
70725,22018442
70726,240292647
70729,52994285
70730,178098812
70732,108591046
70733,26750971
70734,72504830
70736,9730400
70737,139519162
70739,126090722
70740,225420518
70743,6409708
70744,272254237
70747,10892133
70748,205596970
70749,64090341
70750,331985268
70752,24404190
70753,176870920
70754,313549026
70755,62692675
70756,36527890
70757,127023156
70759,118182781
70760,84648966
70761,160908284
70762,49954563
70763,31100625
70764,408060061
70767,372704667
70769,125500323
70770,53424100
70772,36596575
70773,9116188
70774,196765409
70775,811090994
70776,86363657
70777,162485565
70778,62189548
70780,32946925
70782,67202461
70783,51655529
70785,248940472
70787,12338241
70788,278608148
70789,60044122
70791,312205586
70801,336078
70802,19923172
70803,623403
70805,29531803
70806,22988773
70807,66060050
70808,31271596
70809,38453690
70810,70113907
70811,30200630
70812,11271018
70814,20074797
70815,24815253
70816,41321321
70817,66573794
70818,37468092
70819,15033901
70820,49235920
70836,58995
71001,320724446
71003,163923423
71004,104246608
71006,530802120
71007,47844940
71008,391343519
71016,322722897
71018,218776038
71019,847534037
71021,1788534
71023,125618487
71024,157630708
71027,162915267
71028,334463224
71029,71683896
71030,93507787
71031,383770890
71032,312844262
71033,65812243
71034,8682505
71037,283258928
71038,561112437
71039,119476978
71040,751506062
71043,36293274
71044,138750945
71045,122299069
71046,231594487
71047,278807107
71048,53179593
71049,226734667
71051,242896553
71052,839179074
71055,667769255
71060,175530048
71061,47685727
71063,266375580
71064,556112825
71065,147894900
71067,99476774
71068,372596395
71069,81488653
71070,529480569
71071,124297767
71072,253526731
71073,74270699
71075,96000835
71078,120361611
71079,85410671
71082,195946964
71101,11160887
71103,9828624
71104,10218829
71105,23809664
71106,84655258
71107,369973990
71108,22144896
71109,32530782
71110,86520776
71111,118376192
71112,110961000
71115,285857375
71118,34193494
71119,114140526
71129,116850020
71201,33617476
71202,298558803
71203,307710001
71209,23862
71219,157564323
71220,962458324
71222,379620310
71223,144979588
71225,151327051
71226,389457744
71227,289841283
71229,151948647
71232,771124833
71233,1629754
71234,307219546
71235,418331957
71237,167825665
71238,283370227
71241,504052099
71243,66006268
71245,18198184
71247,6439521
71250,247276509
71251,473853851
71253,2626440
71254,681055947
71256,124706411
71259,245080807
71260,732837856
71261,327816384
71263,537086833
71264,295436845
71266,294946280
71268,329372739
71269,836640106
71270,529716728
71272,423124
71275,263914295
71276,126254394
71277,282757291
71279,135756
71280,166288256
71282,1186253230
71286,240538598
71291,167894382
71292,390561627
71295,823438346
71301,32332302
71302,173181644
71303,171042972
71316,114221643
71322,461490921
71323,71067665
71325,220288443
71326,208443200
71327,108844243
71328,317298824
71331,180574299
71333,98161010
71334,441620402
71336,306394606
71339,22077666
71340,298936025
71341,66634916
71342,393535831
71343,1358599537
71345,427340
71346,213591330
71350,90049564
71351,528486876
71353,195212388
71354,245293852
71355,368425495
71356,89609496
71357,725996783
71358,233809259
71360,507618500
71362,133428357
71366,424070688
71367,172826090
71368,215814418
71369,196932330
71371,387067052
71373,710374614
71375,344308777
71377,832688
71378,128524617
71401,73346888
71403,361894411
71404,264544851
71405,38077562
71406,20585311
71407,35568092
71409,347154102
71410,1787730
71411,174533879
71414,1581454
71416,174673086
71417,359628466
71418,888015775
71419,365366025
71422,376259442
71423,334967186
71424,149701838
71425,97061759
71426,3031239
71427,40701964
71429,628014519
71430,221592213
71432,235155532
71433,417943465
71435,523269574
71438,224465789
71439,139463210
71441,141314849
71446,1540066764
71447,390221304
71449,610645003
71450,165757460
71452,29066821
71454,274105520
71455,159105653
71456,96117376
71457,684765553
71459,24066965
71461,4832731
71462,106422115
71463,616537555
71465,587944871
71466,22073893
71467,463959852
71468,457561335
71469,605622584
71472,51038002
71473,337730047
71474,59047754
71479,244783814
71480,13185520
71483,951535285
71485,161596479
71486,262418638
71601,284194799
71602,300138036
71603,458013307
71630,84644946
71631,318680965
71635,560504176
71638,601171153
71639,470558195
71640,505655549
71642,137845347
71643,281129678
71644,193892015
71646,1012104441
71647,652987889
71651,217378758
71652,433451044
71653,800306816
71654,182782431
71655,936493761
71658,291769217
71659,5783234
71660,311699966
71661,246662687
71662,26986051
71663,200020927
71665,729672839
71666,6596178
71667,815015150
71670,528929545
71671,477921463
71674,590326513
71675,438798294
71676,272545172
71677,20332458
71701,740281934
71711,6042183
71720,386851871
71722,46516274
71724,3071997
71725,369999885
71726,500198713
71730,1183476338
71740,477736736
71742,472438358
71743,534621905
71744,1033539857
71745,3895352
71747,207513411
71749,427849940
71751,203110587
71752,98521056
71753,824737751
71758,179943814
71759,16391093
71762,148099463
71763,583469331
71764,473793228
71765,513250605
71766,189062958
71770,382550107
71772,296377
71801,781481271
71820,49326406
71822,656794990
71823,23593725
71825,63389015
71826,330847235
71827,148449305
71832,457225874
71833,406995626
71834,383110928
71835,212945799
71836,438437207
71837,412511145
71838,330204703
71839,100302844
71841,178621299
71842,199364097
71845,544497626
71846,559672915
71847,148267513
71851,219698302
71852,701836626
71853,82400105
71854,721375128
71855,142290495
71857,698090328
71858,518282257
71859,55726730
71860,282082873
71861,361958769
71862,167817986
71865,1562914
71866,114644408
71901,267582570
71909,209466852
71913,328138394
71921,512363227
71922,5339353
71923,1024230002
71929,246783763
71933,246078748
71935,303336635
71937,180710968
71940,279193124
71941,194027556
71943,290773874
71944,108637244
71945,185566927
71949,538639292
71950,95661014
71952,68070698
71953,1655565707
71956,60128679
71957,362390837
71958,278735915
71959,158577391
71960,392948746
71961,226348894
71962,428581918
71964,89158536
71965,56503065
71968,254464652
71969,85824402
71970,199730048
71971,171582165
71972,75785125
71973,204761616
71998,93585
71999,159776
72001,65806493
72002,148840807
72003,258245977
72004,409238950
72005,52903605
72006,494960158
72007,113516952
72010,351618260
72011,145741768
72012,236416505
72013,253639137
72014,1629502
72015,212110227
72016,209910284
72017,130712299
72019,426331742
72020,446531112
72021,469010718
72022,39364180
72023,243926014
72024,522829087
72025,151943951
72026,76552100
72027,176060971
72029,130982430
72030,135968161
72031,772138627
72032,295486430
72034,145337668
72035,324205
72036,303622376
72037,388714
72038,52628649
72039,151553103
72040,445166889
72041,250131646
72042,613548602
72044,160238211
72045,115602832
72046,606148941
72047,81471611
72048,214757844
72051,108540835
72055,238233029
72057,231976509
72058,404078809
72059,35111038
72060,166259672
72061,9784022
72063,206542716
72064,390939341
72065,148122788
72067,126524152
72068,2479913
72069,604869179
72070,175227850
72072,94737519
72073,353628465
72074,89440544
72076,191383134
72079,60655044
72080,245843045
72081,241464799
72082,13772404
72083,14753068
72084,512442932
72085,897845
72086,376658141
72087,198562562
72088,38074045
72099,480780
72101,671773926
72102,131038559
72103,79651348
72104,822613403
72106,116752239
72107,30312183
72108,25347126
72110,320446353
72111,151653972
72112,849740275
72113,67807145
72114,20764990
72116,17267268
72117,143508004
72118,74491149
72119,784998
72120,130006984
72121,185138148
72122,270092845
72123,2285576
72125,56140848
72126,525779926
72127,136946473
72128,58534090
72129,124225499
72130,84519379
72131,338227285
72132,157941796
72134,125596058
72135,183821937
72136,132623819
72137,176582617
72139,1058732
72140,49415427
72141,216680570
72142,269503756
72143,788201686
72149,29644
72150,760094451
72152,189388061
72153,220156409
72156,66476554
72157,132269401
72160,869727729
72165,13095363
72166,261416043
72167,116067938
72168,116755484
72169,29719108
72170,24025838
72173,248169338
72175,117981151
72176,205449439
72179,60623231
72181,3260529
72201,3142734
72202,22308365
72204,40037154
72205,20249374
72206,295262773
72207,7915558
72209,42685959
72210,131009805
72211,19509718
72212,17127744
72223,153406119
72227,9766520
72301,48921658
72311,2644326
72315,651353110
72320,133534474
72321,3570256
72322,4990087
72324,327348631
72325,14463993
72326,215526330
72327,264393329
72328,134823051
72329,35513998
72330,106289051
72331,370546100
72332,172174
72333,160685308
72335,412805060
72338,74376115
72339,18474751
72340,21055060
72341,52489707
72342,230725104
72346,212480364
72347,245116274
72348,423947655
72350,200336540
72351,16949376
72353,83848514
72354,130486513
72355,270333015
72358,152321189
72359,5465889
72360,840197662
72364,189234999
72365,132622897
72366,378824006
72367,179220436
72368,366660418
72370,293458892
72372,326844653
72373,291917372
72374,108671210
72376,222806269
72377,2050682
72379,224276755
72383,13292111
72384,238544352
72386,303154427
72389,147351831
72390,95159899
72392,121686770
72394,213321619
72395,62318111
72396,693370501
72401,303711311
72404,326387688
72410,179942329
72411,99421315
72412,162435937
72413,97077817
72414,44702451
72415,98664262
72416,240707662
72417,118516705
72419,131715323
72421,196827489
72422,454006151
72424,3547911
72425,180380296
72426,2271881
72427,40205405
72428,16491970
72429,199406878
72430,68315781
72431,15779605
72432,411005333
72433,145011640
72434,220630760
72435,189045356
72436,75421129
72437,275646926
72438,144437461
72440,15400584
72441,670927
72442,291154523
72443,151542234
72444,249319322
72445,1176425
72447,144680885
72449,7421515
72450,742951617
72453,72437063
72454,262995122
72455,733770584
72456,119883065
72457,517398
72458,67330686
72459,257255796
72460,154750579
72461,469444348
72462,15647932
72464,345399
72466,319468099
72467,86368
72469,198981925
72470,87158829
72471,217479342
72472,455789699
72473,149616918
72476,517263005
72478,132234679
72479,508118884
72482,178059562
72501,786509041
72512,56544065
72513,244363570
72515,25317285
72517,88765131
72519,384637973
72520,66048375
72521,325212456
72522,15222570
72523,103344978
72524,145007142
72526,13959746
72527,10272408
72528,10366590
72529,50623718
72530,289334528
72531,147301528
72532,268650753
72533,111345677
72534,160024015
72536,65799615
72537,74131537
72538,120500471
72539,42774986
72540,47930352
72542,410900765
72543,293501133
72544,71527399
72546,10084128
72550,119194449
72553,977491
72554,399400277
72555,34619611
72556,397908484
72560,844240363
72561,132354424
72562,213388365
72564,76336406
72565,99153706
72566,121954544
72567,29964578
72568,120663052
72569,107768922
72571,47808756
72572,36787747
72573,38188293
72576,414244602
72577,109119891
72578,55530984
72579,97661287
72581,28580563
72583,256595531
72584,82301483
72585,58228846
72587,26803037
72601,956281168
72611,197532511
72616,543506649
72617,97668511
72619,11932535
72623,64932459
72624,176293528
72626,14677497
72628,292407517
72629,113155078
72630,2143988
72631,123834976
72632,257091705
72633,244610639
72634,331853725
72635,75485537
72636,757660
72638,485667300
72639,165147630
72640,57584751
72641,356687459
72642,22146788
72644,221010249
72645,446404358
72648,115832330
72650,694760407
72651,19135152
72653,574223385
72655,245721242
72658,192971045
72660,44469279
72661,66648132
72662,303739089
72663,58731653
72666,46372612
72668,72472315
72669,4573787
72670,43637021
72672,18210009
72675,447070909
72677,2131456
72679,18212352
72680,96483803
72682,37200780
72683,26664482
72685,132625660
72686,74251560
72687,723992947
72701,327818772
72703,115821458
72704,196902694
72712,259362363
72714,49105982
72715,73962614
72717,115584101
72718,16879212
72719,22019411
72721,114876528
72722,109742751
72727,402309039
72729,31632958
72730,53613667
72732,220510238
72734,211231068
72736,229630258
72738,220358979
72739,13320489
72740,955459931
72742,194419228
72744,204725707
72745,85400241
72747,14513703
72749,3410787
72751,64185358
72752,308800598
72753,231819376
72756,360394045
72758,78803728
72760,90686910
72761,295515978
72762,155081444
72764,160935660
72768,97737757
72769,105429665
72773,80232501
72774,302601010
72776,159082414
72801,21072822
72802,347173404
72821,95270397
72823,304573964
72824,209080419
72826,778692
72827,101133268
72828,53654388
72830,340501083
72832,21924211
72833,468160583
72834,405445933
72835,132929631
72837,603929787
72838,47996210
72839,386502777
72840,135876132
72841,133234513
72842,243819179
72843,548276340
72845,30845740
72846,249959519
72847,112079608
72851,120530998
72852,219473310
72853,156762274
72854,373679478
72855,468379037
72856,335975841
72857,842398318
72858,65083418
72860,91628855
72863,136815501
72865,72470133
72901,22741730
72903,43599651
72904,34463008
72908,21029211
72916,89735780
72921,222669514
72923,19408292
72926,214214382
72927,803801438
72928,60462506
72930,74186885
72932,48728271
72933,295453201
72934,178226272
72935,8470165
72936,227783656
72937,167590000
72938,130003058
72940,114227913
72941,139745467
72943,255718063
72944,204966020
72945,1831157
72946,248821382
72947,328183273
72948,159607900
72949,884744050
72950,349444579
72951,43315525
72952,132326669
72955,32238167
72956,273561917
72958,901049479
72959,463227674
73002,121121308
73003,19553722
73004,128030888
73005,399764842
73006,453894780
73007,105651855
73008,20243922
73009,206537754
73010,468493793
73011,134550662
73012,92491979
73013,75620076
73014,382492312
73015,567556759
73016,164381790
73017,197300409
73018,408011289
73019,505496
73020,156415527
73021,166517939
73024,116136364
73025,136327001
73026,277319093
73027,208822655
73028,375733165
73029,128166217
73030,493769741
73032,5269761
73033,16962903
73034,140421286
73036,474821046
73038,387210638
73040,606375872
73041,271473268
73042,275681452
73043,49670449
73044,681241553
73045,171317443
73047,391225046
73048,484603860
73049,159138251
73050,4159435
73051,332006848
73052,533557264
73053,194727997
73054,236712305
73055,655502191
73056,293305599
73057,227319228
73058,106614401
73059,434687365
73061,291199900
73062,650656862
73063,277976910
73064,130925660
73065,132777599
73066,2138074
73067,323664872
73068,163141482
73069,41081955
73071,63240882
73072,136488176
73073,299907606
73074,103084896
73075,356019945
73077,697563082
73078,170210313
73079,194280606
73080,280507998
73082,394204383
73084,43767412
73086,459978026
73089,272621633
73090,156294788
73092,144909821
73093,136604636
73095,180804581
73096,516355930
73097,2008810
73098,353054126
73099,314092175
73102,2052855
73103,3029505
73104,3926125
73105,11521925
73106,8118086
73107,20283738
73108,19486614
73109,14013674
73110,27678189
73111,22317065
73112,19959308
73114,24324720
73115,15340231
73116,14080068
73117,16802998
73118,12872683
73119,15729209
73120,28680169
73121,25983810
73122,8577799
73127,31418848
73128,17130582
73129,32593581
73130,25814849
73131,31162195
73132,19334598
73134,10761065
73135,30046355
73139,11334541
73141,27824206
73142,25329740
73145,15081557
73149,13596161
73150,49138320
73151,7476710
73159,31748914
73160,58299121
73162,18031400
73165,103592531
73169,17209565
73170,54503532
73173,42044268
73179,31820564
73401,851764347
73425,3584088
73430,235827351
73432,153169105
73433,426089170
73434,256740551
73437,33500136
73438,224625246
73439,331789081
73440,30830775
73441,9556086
73442,208610043
73443,136500305
73444,105266929
73446,597971660
73447,235180102
73448,555215954
73449,97401368
73450,243299935
73453,182815226
73455,23513088
73456,661196565
73458,272067988
73459,89966359
73460,415510692
73461,157265945
73463,527680965
73481,196199818
73487,29777787
73491,44850996
73501,303684586
73503,218311139
73505,143122805
73507,528800305
73520,27450245
73521,475998871
73526,212567684
73527,211698349
73528,223697844
73529,562334663
73530,346425643
73531,205721959
73532,364615577
73533,859673673
73537,459311336
73538,207185945
73539,186285325
73540,143640861
73541,216251553
73542,860064410
73543,179971948
73544,333973981
73546,349078064
73547,316426052
73548,131506135
73549,191769644
73550,556499828
73551,28406973
73552,295357891
73553,111807016
73554,1051314830
73555,51360471
73556,3735175
73557,6005216
73559,271309176
73560,346745119
73562,264283149
73564,493347236
73565,510487000
73566,287547963
73567,11942593
73568,236982335
73569,191978190
73570,320837196
73571,324282995
73572,715984977
73573,553954410
73601,346655988
73620,320394151
73622,139780140
73624,26189501
73625,346348749
73626,299249522
73627,262442669
73628,961978123
73632,524359630
73638,352198146
73639,382943180
73641,110352296
73642,251993863
73644,493938352
73645,742482698
73646,297540538
73647,279283080
73650,498370384
73651,541457761
73654,882137617
73655,408780147
73658,211910942
73659,376480736
73660,326356413
73661,174608038
73662,1006688382
73663,350960978
73664,338275728
73666,195719406
73667,394826876
73669,356430114
73673,324755737
73701,376012110
73703,293734875
73705,1146023
73716,327040067
73717,1702125791
73718,184930981
73719,113723609
73720,149279120
73722,438882276
73724,396168291
73726,275345330
73727,98165492
73728,590981738
73729,148107091
73730,148491148
73731,98065679
73733,133458641
73734,268679876
73735,91534666
73736,143509429
73737,839090688
73738,266254559
73739,125926115
73741,274664264
73742,603568570
73743,14390360
73744,235623644
73746,1335229
73747,108410424
73749,205147161
73750,688265129
73753,168517851
73754,94581955
73755,191038023
73756,213195774
73757,89742459
73758,243554285
73759,984240363
73760,154137310
73761,262178710
73762,486823897
73763,516206329
73764,128824698
73766,395621934
73768,339473342
73771,349658701
73772,632883948
73773,275347602
73801,1241816787
73832,1186392706
73834,1056635066
73835,359600694
73838,372757559
73840,448882304
73841,98150901
73842,1129809212
73843,830058764
73844,880260899
73848,1576230354
73851,127228501
73852,1052414644
73853,340867264
73855,350038089
73857,163559233
73858,643332431
73859,488555682
73860,875170372
73901,32270217
73931,665401571
73932,1439626560
73933,2694597544
73937,453782012
73938,513219698
73939,861428411
73942,1614595882
73944,578271342
73945,999518446
73946,465573928
73947,855256866
73949,1360808930
73950,565288745
73951,248222170
74001,15542177
74002,374131386
74003,315928257
74006,230030769
74008,205037178
74010,851229340
74011,61280395
74012,64125394
74014,272574323
74015,148136086
74016,387957936
74017,373905946
74019,285266244
74020,176582860
74021,178369802
74022,306395602
74023,456178673
74026,6342205
74027,238737808
74028,263468113
74029,134247387
74030,178229713
74032,267248149
74033,30798279
74034,8439082
74035,624459729
74036,318684288
74037,37660448
74038,250698397
74039,169400274
74041,19287591
74042,147823297
74044,209778124
74045,116054189
74046,2234280
74047,257543404
74048,540656849
74050,631816
74051,87116388
74052,37642888
74053,102379993
74054,73708559
74055,132256140
74056,1692279210
74058,667149906
74059,299085689
74060,37495833
74061,237805313
74062,81608107
74063,351604833
74066,328392081
74068,1974958
74070,488231200
74071,19416651
74072,293143821
74073,121404484
74074,341037843
74075,239777925
74078,628692
74079,454393258
74080,259272981
74081,88272629
74082,201728
74083,270947600
74084,157442722
74085,241148184
74103,1477711
74104,7050564
74105,18854034
74106,19603848
74107,66681371
74108,21110211
74110,15329007
74112,17473808
74114,12585388
74115,40596014
74116,46508050
74117,31656597
74119,2035687
74120,5526564
74126,62079440
74127,63132237
74128,9548042
74129,10771851
74130,10505774
74131,25782910
74132,31547739
74133,35635471
74134,28554465
74135,15682540
74136,20947612
74137,26796290
74145,15726092
74146,13192622
74301,1026391581
74330,251290298
74331,290932455
74332,177277337
74333,232201938
74337,238122962
74338,429599892
74339,8902478
74340,4660198
74342,193442803
74343,166737163
74344,231760204
74346,574194896
74347,91217402
74349,3593607
74350,15330806
74352,339136366
74354,468226696
74358,324483
74359,24191571
74360,16649329
74361,442731785
74363,176206446
74364,246322190
74365,185534104
74366,95440678
74367,47486083
74368,2904801
74369,592566345
74370,281650940
74401,313510634
74403,294664198
74421,342625459
74422,169211428
74423,141427187
74425,42376225
74426,573275270
74427,102575326
74428,157259112
74429,224022670
74430,16618176
74431,9509801
74432,557007989
74434,233381365
74435,168490373
74436,356151795
74437,540392593
74438,20232877
74441,359820875
74442,155376388
74445,212262663
74446,2634029
74447,595280977
74450,185767457
74451,191180652
74452,67431539
74454,282232542
74455,296326641
74456,3178407
74457,183265353
74458,3521048
74459,4057847
74460,2316976
74462,642375070
74463,5726223
74464,734440918
74467,401583951
74468,7798179
74469,112912620
74470,212920765
74471,125039680
74472,34804435
74477,94899
74501,1432778535
74521,24722857
74522,2104819
74523,567009169
74525,1081220102
74528,87310747
74530,49766037
74531,333052378
74533,107281985
74534,74934611
74535,16303268
74536,741869107
74538,932595903
74540,103025306
74543,348953258
74546,4141964
74547,269857741
74549,99527915
74552,256172109
74553,188350446
74554,12282473
74555,169900721
74556,40572032
74557,334781742
74558,218856739
74560,561327290
74561,348362260
74562,418256125
74563,488957940
74565,30300118
74567,142510307
74569,518415985
74570,397617555
74571,861053377
74572,111146915
74574,377425001
74576,122401237
74577,19551721
74578,859898238
74601,445717627
74604,348271069
74630,275933243
74631,246317601
74632,284681386
74633,243961616
74636,135541681
74637,485439495
74640,156285737
74641,44872311
74643,282665319
74644,199672038
74646,148937493
74647,791552643
74650,366891768
74651,385059447
74652,621770062
74653,305500387
74701,456365556
74720,33544387
74722,40127270
74723,518435948
74724,82916084
74726,392419682
74727,513782111
74728,1026473514
74729,401264276
74730,164321394
74731,33678235
74733,123381240
74734,410190669
74735,411632332
74736,170344175
74738,82993191
74740,667147045
74741,206723427
74743,568262859
74745,440145037
74747,1103117
74748,100729866
74750,13344920
74753,181566
74754,137206144
74755,18861232
74756,124009926
74759,357538006
74760,51162933
74761,3870239
74764,342319967
74766,278887247
74801,197010437
74804,242264175
74820,796127678
74824,95550376
74825,363547653
74826,208417491
74827,95531216
74829,122754507
74830,4213725
74831,204251132
74832,72448643
74833,129162373
74834,495671502
74836,90112773
74837,6645041
74839,195897887
74840,154225613
74842,18487690
74843,75270278
74844,6656274
74845,262730560
74848,656923204
74849,318041639
74850,149395646
74851,220699738
74852,188189995
74854,198650375
74855,277513306
74856,323219619
74857,156309876
74859,776985379
74860,250176785
74864,292678777
74865,421562016
74867,217873927
74868,551091943
74869,137493767
74871,440353562
74872,374200715
74873,383961674
74875,126071765
74878,306510040
74880,285294022
74881,399882488
74883,457387718
74884,345628336
74901,30859436
74902,78619880
74930,189260640
74931,211885868
74932,203188161
74935,29586470
74936,63449569
74937,536427925
74939,386872095
74940,159237556
74941,291448212
74942,4250809
74943,34693178
74944,305877846
74945,63419068
74946,8403309
74948,565222364
74949,73436150
74951,16251435
74953,356096547
74954,46928869
74955,514702556
74956,106868407
74957,606321177
74959,251344280
74960,782563437
74962,371148853
74963,195782555
74964,195581434
74965,290735784
74966,594552880
75001,9915172
75002,96347638
75006,43513857
75007,30430355
75009,247632938
75010,20933289
75013,38950564
75019,44145286
75020,162042853
75021,155872773
75022,49742545
75023,24400651
75024,32830864
75025,24221813
75028,39311016
75032,132886253
75034,129540057
75035,61166795
75038,34609913
75039,13610660
75040,40538558
75041,20725020
75042,19379179
75043,37699963
75044,27789353
75048,27167941
75050,64129555
75051,31460571
75052,67747019
75054,14004843
75056,65358960
75057,26380331
75058,148996263
75060,34318535
75061,29974781
75062,28453575
75063,39344725
75065,20594719
75067,34405506
75068,70936370
75069,82911475
75070,61863699
75071,204184448
75074,42755885
75075,25527052
75076,128864138
75077,36196296
75078,84851299
75080,29581371
75081,23899297
75082,20313454
75087,67888125
75088,23624675
75089,28844628
75090,199215460
75092,293537166
75093,36546175
75094,18069790
75098,85526007
75101,2130983
75102,157209925
75103,516410170
75104,101255325
75105,133027780
75109,301192347
75110,388400096
75114,112192781
75115,56804461
75116,13264638
75117,121472001
75119,685386113
75124,240997994
75125,180446543
75126,200290812
75127,68840665
75132,3840383
75134,26447537
75135,161101410
75137,15759271
75140,290754425
75141,29553664
75142,449534776
75143,460511416
75144,444890012
75146,85988098
75147,242907605
75148,226655723
75149,41127111
75150,33060718
75152,106191678
75153,60896759
75154,121745990
75155,98675343
75156,81080622
75157,4402733
75158,227448657
75159,156181990
75160,310727420
75161,295283696
75163,87493161
75164,5905052
75165,291081813
75166,34129635
75167,253150405
75169,554517836
75172,30196198
75173,78938071
75180,19860888
75181,45571162
75182,45544277
75189,287546842
75201,3749699
75202,1822442
75203,12250145
75204,6624453
75205,11269470
75206,11013358
75207,9961859
75208,15386497
75209,9155183
75210,5867332
75211,45746459
75212,26581342
75214,18742910
75215,21794122
75216,37851968
75217,70773558
75218,18098364
75219,5675673
75220,29314541
75223,8941330
75224,15129546
75225,12226168
75226,2900600
75227,29517402
75228,29544521
75229,32456759
75230,18763581
75231,14599899
75232,21415934
75233,8970555
75234,26833032
75235,17405197
75236,32345640
75237,17223853
75238,17033721
75240,9769191
75241,69610778
75243,22531947
75244,11944929
75246,1169818
75247,16934995
75248,19083643
75249,11907017
75251,1137918
75252,13128554
75253,35320924
75254,8601199
75270,14850
75287,14552377
75390,13392
75401,269303571
75402,233885295
75407,127939748
75409,207705612
75410,213023470
75411,203309430
75412,393461652
75413,3637285
75414,126344890
75415,27223000
75416,191687911
75417,423685556
75418,362008863
75420,94792856
75421,141568120
75422,189184027
75423,210266608
75424,173116523
75426,846635793
75428,222714920
75431,152383392
75432,274196261
75433,269663163
75435,173860116
75436,428213977
75437,156003602
75438,118608043
75439,36027132
75440,297762278
75441,18240504
75442,273194399
75446,456591625
75447,138661001
75448,73426800
75449,210753499
75450,154245565
75451,90208830
75452,197226480
75453,194102929
75454,49663987
75455,764679380
75457,348772775
75459,206202797
75460,234728040
75462,517702148
75468,130991040
75469,79753417
75470,49771386
75471,124815892
75472,164862309
75473,215947447
75474,277958628
75475,5333693
75476,133974884
75477,157013748
75478,138077993
75479,131536711
75480,83866352
75481,179950457
75482,809151404
75486,270521429
75487,263401629
75488,303044108
75489,3137819
75490,75874787
75491,248058007
75492,110827433
75493,13979386
75494,588386751
75495,174359250
75496,320237593
75497,167474105
75501,246566709
75503,204132265
75550,226670981
75551,427485167
75554,424616976
75555,289775774
75556,62187058
75558,130173822
75559,679955337
75560,205932586
75561,128917394
75562,42887319
75563,418509278
75565,18089306
75566,124056819
75567,175475806
75568,347325121
75569,7795752
75570,350243345
75571,268382387
75572,186723605
75573,25774101
75574,275171943
75601,24062190
75602,126886932
75603,119860925
75604,121995716
75605,205079239
75630,234254997
75631,303099887
75633,839022622
75638,229391336
75639,441684699
75640,219207136
75641,8611046
75642,5817211
75643,176444887
75644,485477066
75645,375677671
75647,196803093
75650,321614608
75651,152040869
75652,455086081
75654,526083832
75656,277477745
75657,868452468
75661,330179086
75662,330369413
75667,218788480
75668,59017367
75669,163332818
75670,318474862
75672,614704037
75681,332747585
75682,7961809
75683,145957586
75684,261650896
75686,600689720
75691,240869355
75692,232438644
75693,28371984
75701,40709254
75702,35398667
75703,140502612
75704,173734092
75705,71718502
75706,194352498
75707,133793256
75708,141826125
75709,53674867
75750,121266180
75751,417031541
75752,383347833
75754,321835977
75755,270407702
75756,177537545
75757,226183652
75758,127911593
75759,5818739
75760,337149076
75762,112786601
75763,279169915
75764,3272993
75765,264531281
75766,790821617
75770,312774764
75771,372908883
75773,461939111
75778,145759194
75779,2228963
75780,3254731
75783,315574556
75784,99966857
75785,692777939
75788,8815885
75789,489288261
75790,95198560
75791,99801766
75792,244158968
75801,555812010
75803,861026591
75831,660839169
75832,43135122
75833,635015826
75835,1165514306
75838,181152801
75839,381889902
75840,707904480
75844,931356064
75845,820388171
75846,377435386
75847,627616744
75848,512380
75849,4939683
75850,184843780
75851,672021995
75852,446228389
75853,193208733
75855,704585599
75856,66055057
75858,1190451
75859,305686494
75860,439373319
75861,296637589
75862,639799003
75901,418238503
75904,368251588
75925,612743793
75926,304667384
75928,233969216
75929,343408650
75930,349103189
75931,145079059
75932,324779256
75933,192592802
75934,19139312
75935,917625024
75936,325244246
75937,174639280
75938,481695822
75939,625456740
75941,219679385
75942,1069171
75943,166054630
75944,102534515
75946,359836482
75948,635138702
75949,511753612
75951,1018062456
75954,277530224
75956,629872189
75959,120515384
75960,111281408
75961,717803850
75962,687978
75964,600608850
75965,191120839
75966,701511369
75968,190122669
75969,222462597
75972,934809871
75973,463982265
75974,271270801
75975,371576262
75976,58840055
75977,473891591
75978,1431319
75979,753959810
75980,418681001
76001,26732590
76002,18698276
76006,19554629
76008,191985352
76009,254755774
76010,23075475
76011,20827515
76012,21172794
76013,23216780
76014,14912986
76015,11095198
76016,22953333
76017,26866301
76018,19839053
76020,170939862
76021,18787692
76022,6915498
76023,145601585
76028,199741230
76031,187792740
76033,425002914
76034,33846209
76035,174422784
76036,119129086
76039,16860891
76040,29611185
76041,30606079
76043,355726228
76044,261526666
76048,281055924
76049,261600778
76050,316454498
76051,95936273
76052,117295241
76053,20725261
76054,9833771
76055,230659128
76058,141092653
76059,7112363
76060,19223569
76061,3909173
76063,134212636
76064,77580230
76065,254605585
76066,223537644
76067,451729722
76070,92626333
76071,19544485
76073,218076849
76077,18930668
76078,174092327
76082,260353613
76084,131601393
76085,165381176
76086,38066519
76087,482862345
76088,410199366
76092,58400792
76093,95916091
76102,11169266
76103,14126196
76104,15185722
76105,14428861
76106,37678404
76107,27836778
76108,120946359
76109,21116528
76110,14856705
76111,21373326
76112,29338835
76114,23652514
76115,12108800
76116,31494446
76117,27943054
76118,19644973
76119,42124897
76120,25294666
76123,20990611
76126,164635002
76127,5627430
76129,284925
76131,39101060
76132,18978626
76133,23924843
76134,20651520
76135,67287102
76137,35053766
76140,72266423
76148,12037270
76155,8943235
76164,10195434
76177,37444713
76179,139743376
76180,24446108
76182,22754258
76201,14448742
76205,21942631
76207,95290355
76208,70529736
76209,16969754
76210,42211252
76225,258158763
76226,123828135
76227,205667441
76228,479037854
76230,981005184
76233,163018102
76234,804775776
76238,68594528
76239,296415021
76240,956979372
76244,44607516
76245,58611199
76247,186099408
76248,37342745
76249,175530228
76250,22827397
76251,137301308
76252,479189517
76253,4006040
76255,679018544
76258,231157854
76259,146751954
76261,174915982
76262,117376441
76263,22259665
76264,92343119
76265,505490956
76266,311417860
76268,1494788
76270,261808182
76271,102371958
76272,256236135
76273,527922448
76301,30082350
76302,21613273
76305,567640138
76306,33999979
76308,23126558
76309,14761220
76310,464813550
76311,4054559
76351,496653756
76354,203285152
76357,170329288
76360,736048927
76363,158771201
76364,177180266
76365,1380258945
76366,611972678
76367,513899666
76370,277233577
76371,271211089
76372,700805614
76373,75312085
76374,730994297
76377,78722280
76379,112421767
76380,2464434287
76384,1233650346
76388,264138477
76389,515270158
76401,1067937847
76402,230631
76424,1333963997
76426,340755803
76427,146451183
76429,275963364
76430,931330533
76431,307533440
76432,247481764
76433,311307873
76435,188279688
76436,117092818
76437,1048826473
76442,1156845381
76443,366382562
76444,375832075
76445,175685071
76446,1086271879
76448,326834002
76449,536509961
76450,1195491149
76452,23124262
76453,336933805
76454,355173999
76455,234231449
76457,820447479
76458,1461672995
76459,58207288
76460,242813436
76462,434360235
76463,196486464
76464,481321098
76466,15694192
76469,37017732
76470,740096019
76471,453752143
76472,261323423
76474,93043653
76475,613481903
76476,266040429
76481,160167407
76483,1646663430
76484,275454136
76486,267514481
76487,232161619
76490,1924866
76491,327794337
76501,302471176
76502,163137387
76504,70046921
76508,149412
76511,203119686
76513,272995344
76518,301644551
76519,132565731
76520,780171455
76522,297508878
76523,1563292
76524,174111281
76525,497566291
76527,332470523
76528,1304532976
76530,241943589
76531,987926505
76534,229002948
76537,139263316
76538,388618804
76539,355942637
76541,12250691
76542,208279152
76543,125710323
76544,79370299
76548,40182783
76549,198837861
76550,1376491795
76554,20650493
76556,255611480
76557,352940430
76559,17392072
76561,117306046
76565,72665770
76566,141317779
76567,501170063
76569,211129877
76570,465704655
76571,306083760
76573,2314873
76574,368817060
76577,391411472
76578,194398443
76579,148352906
76596,781890
76597,1672063
76598,99873
76599,1273774
76621,188278446
76622,136535064
76623,13132338
76624,166395702
76626,105937552
76627,229342611
76628,24011571
76629,366628202
76630,37332022
76631,105912000
76632,155486599
76633,125066861
76634,732655235
76635,273343074
76636,112333744
76637,102212055
76638,214099296
76639,237923727
76640,73642449
76641,194432148
76642,661691564
76643,20837908
76645,433722393
76648,267072666
76649,358461640
76650,27013534
76651,267517316
76652,225646823
76653,384230227
76654,1662524
76655,197799297
76656,299758960
76657,275294840
76660,92002191
76661,415741782
76664,349764912
76665,411999770
76666,42421073
76667,372974347
76670,181137654
76671,206164592
76673,239093339
76676,55577860
76678,97539208
76679,197536443
76680,144183191
76681,189165666
76682,293715214
76685,34854016
76686,29295390
76687,343542878
76689,595359483
76690,210324863
76691,258330302
76692,317563763
76693,200185558
76701,2944049
76704,13162693
76705,296112777
76706,182555391
76707,8451862
76708,120533021
76710,24638006
76711,10223853
76712,130369154
76798,90164
76801,989149361
76802,187301111
76820,194653023
76821,789962918
76823,290928386
76824,72150281
76825,1349159597
76827,188038770
76828,251555633
76831,112297487
76832,524933662
76834,1064062101
76836,99099099
76837,1132567262
76841,259020267
76842,243108279
76844,1060716044
76845,289996560
76848,157322075
76849,2447635809
76852,388002893
76853,665065462
76854,353089451
76856,1841973122
76857,347652721
76858,308730683
76859,1860225522
76861,444148085
76862,331144855
76864,609807803
76865,82897840
76866,720809323
76869,190836246
76870,71339284
76871,604095862
76872,774589724
76873,116377489
76874,180573387
76875,281117041
76877,1439402522
76878,684754955
76882,361990904
76884,89567611
76885,203719121
76887,150972954
76888,278827760
76890,242598731
76901,715509450
76903,68956947
76904,1046143040
76905,538373008
76908,3616314
76930,467035722
76932,2511553926
76933,672817450
76934,40336687
76935,756299301
76936,2782021192
76937,27217374
76939,83021398
76940,38335928
76941,1472351828
76943,6499721895
76945,1544730710
76949,23778102
76950,4765472343
76951,2078401229
76953,118258818
76955,125691590
76957,723908
76958,255002147
77002,5211925
77003,6575131
77004,14969038
77005,9958453
77006,5840835
77007,20225560
77008,16919171
77009,16046841
77010,319761
77011,9245554
77012,10197469
77013,22697707
77014,18585175
77015,54764226
77016,25086718
77017,22521017
77018,17147260
77019,9115668
77020,17866589
77021,15745129
77022,15125282
77023,14111638
77024,33227925
77025,11105086
77026,16775642
77027,7412391
77028,23751988
77029,33616479
77030,6524110
77031,8264244
77032,57420466
77033,15476401
77034,35591269
77035,14787534
77036,18540277
77037,16148862
77038,24401776
77039,26172117
77040,36418659
77041,47962545
77042,16127803
77043,38439962
77044,101257280
77045,30011535
77046,302539
77047,35810360
77048,28703424
77049,63850315
77050,17504573
77051,18970679
77053,32147822
77054,14502604
77055,21404696
77056,8964948
77057,11015783
77058,21323041
77059,25488572
77060,21289156
77061,20642833
77062,14047463
77063,11866312
77064,38138046
77065,21264041
77066,22310414
77067,15528990
77068,9863790
77069,12404753
77070,33760911
77071,11575045
77072,19020792
77073,35870606
77074,14098006
77075,28545036
77076,12363694
77077,22650413
77078,27759841
77079,19115420
77080,16531194
77081,8038145
77082,32392559
77083,26725424
77084,79400405
77085,13681516
77086,17574560
77087,17113942
77088,28973989
77089,34256692
77090,21296208
77091,18607980
77092,19694684
77093,31151363
77094,29369640
77095,39946098
77096,15541629
77098,4598122
77099,16106316
77201,117996
77301,48964224
77302,150091841
77303,160168281
77304,98198537
77306,106988825
77316,326835657
77318,99343622
77320,823379783
77326,6169197
77327,823293044
77328,420105090
77331,396546972
77334,37109013
77335,94698107
77336,101133423
77338,68723359
77339,44111781
77340,563659409
77342,352350
77345,21976667
77346,44999402
77350,6832563
77351,1738903614
77354,195949587
77355,147863955
77356,337088502
77357,162323874
77358,320711514
77359,135960160
77360,85164630
77362,21379552
77363,179554107
77364,78596684
77365,91440325
77367,2094660
77368,19587242
77369,94892951
77371,329455660
77372,134298866
77373,61513788
77374,134321050
77375,88862763
77376,80081156
77377,101313196
77378,251867074
77379,65952474
77380,32152707
77381,33725582
77382,29306434
77384,45237660
77385,56612100
77386,104855686
77388,35928070
77389,54382968
77396,69503532
77401,9672269
77406,168041973
77407,49088378
77412,22399492
77414,1342540271
77415,4500169
77417,155777443
77418,492290137
77419,163529579
77420,137936803
77422,442274804
77423,373467589
77426,229903937
77428,214412896
77429,99242163
77430,289141319
77432,65545906
77433,151412316
77434,494611216
77435,363821718
77436,16702822
77437,833683803
77440,13256946
77441,113249125
77442,499748298
77443,788374
77444,97067173
77445,458543015
77446,16989959
77447,260119824
77448,16411764
77449,77385924
77450,52956579
77451,2991784
77453,30106581
77454,50770145
77455,546174414
77456,135798188
77457,26169600
77458,93997438
77459,84815629
77460,1801194
77461,382956012
77464,4777386
77465,504463399
77466,29942967
77467,63793091
77468,49740372
77469,338481526
77470,73981102
77471,223617979
77473,303620
77474,538771572
77475,61578471
77476,13323080
77477,27147992
77478,25174405
77479,85318410
77480,370055543
77481,20715934
77482,153231306
77483,93669398
77484,400597238
77485,215835317
77486,122990409
77488,561982232
77489,29058399
77493,149667428
77494,105829656
77498,40154792
77502,14542215
77503,22356612
77504,14320087
77505,23698242
77506,24848332
77507,36175497
77510,75575152
77511,410643195
77514,564781859
77515,531691211
77517,52560385
77518,7510235
77519,107258876
77520,62312769
77521,107494829
77523,233098883
77530,34191419
77531,51146518
77532,203107251
77533,66606382
77534,93226920
77535,813049790
77536,32531279
77538,377201299
77539,130464332
77541,314807234
77545,31664715
77546,68259173
77547,6954956
77550,19443637
77551,9867684
77554,91325560
77560,81165704
77561,1406299
77562,38424202
77563,136285998
77564,136085593
77565,9869532
77566,61304220
77568,32670090
77571,90539035
77573,77982784
77575,620068987
77577,51541328
77578,96708687
77580,8009612
77581,66757290
77583,432574521
77584,83122840
77585,271756333
77586,33646962
77587,7667483
77590,45696388
77591,27970956
77597,56380751
77598,31361208
77611,62450986
77612,899777176
77613,98506353
77614,26551963
77615,39310279
77616,135359917
77617,14961469
77619,15465250
77622,58132905
77623,40636674
77624,156938012
77625,801278665
77627,27391794
77629,165057471
77630,234678031
77632,342255828
77640,100420899
77642,51018539
77650,54407980
77651,32134113
77655,121956274
77656,407368168
77657,165960404
77659,301762305
77660,143979769
77661,104962028
77662,360548756
77663,56087291
77664,420001323
77665,348789749
77701,17884012
77702,3207937
77703,34472154
77705,614790363
77706,29237848
77707,38276823
77708,18329659
77713,258111195
77801,8322024
77802,30419635
77803,33284474
77807,249288314
77808,647604305
77830,488400393
77831,566184693
77833,812861750
77835,290909380
77836,1143053320
77837,270322122
77840,29012523
77845,383931756
77853,130998163
77855,66849678
77856,1018407819
77857,158316680
77859,439037062
77861,330002431
77864,519700274
77865,364880398
77867,32634695
77868,702694609
77871,511890792
77872,195239451
77873,209020935
77876,26915199
77878,64847948
77879,485564574
77880,246942383
77901,51249499
77904,312460089
77905,1087161917
77950,221664850
77951,61215597
77954,958411373
77957,979064677
77960,43910621
77961,105190986
77962,426493602
77963,1676793251
77964,1500425382
77968,463505935
77969,74692806
77970,116429974
77971,157227685
77973,112384895
77974,66529498
77975,205703237
77976,56160722
77977,22332022
77978,26992641
77979,883368947
77982,33189076
77983,292292307
77984,403851074
77987,12207475
77988,3708662
77990,283281893
77991,55958172
77993,38607984
77994,135274688
77995,924184846
78001,93628556
78002,107548553
78003,584663774
78004,68040484
78005,461506061
78006,807763906
78007,65888734
78008,488913189
78009,185191175
78010,189781633
78011,493434042
78012,86227828
78013,596402717
78014,2715394531
78015,54191658
78016,411199197
78017,964677051
78019,2504494486
78021,740455654
78022,1137477664
78023,193043033
78024,675705196
78025,113758739
78026,562007466
78027,204827579
78028,649259912
78029,23694
78039,47527574
78040,16318257
78041,47449678
78043,450437288
78044,544975576
78045,1873944637
78046,636966570
78050,13862349
78052,98197641
78055,613934302
78056,261096431
78057,255075577
78058,1439405656
78059,105952850
78060,1018943
78061,1432724319
78063,314876535
78064,607456501
78065,431919442
78066,66165239
78067,374029156
78069,84338353
78070,356665574
78071,929591295
78072,2229456551
78073,134526562
78075,344724363
78076,1237258989
78101,132702016
78102,1214659576
78104,60041052
78107,299830827
78108,79984346
78109,54289039
78112,130825823
78113,728122447
78114,950251589
78116,316501917
78117,138805116
78118,469392715
78119,846088017
78121,266497902
78122,130783705
78123,10137778
78124,147520492
78125,76201192
78130,239148720
78132,480691424
78133,216626479
78140,375624739
78141,153956459
78142,14539013
78143,4528838
78144,5820247
78145,9489979
78146,100311061
78147,8969122
78148,24406647
78150,410363
78151,270565015
78152,94890125
78154,85160990
78155,917967292
78159,402015304
78160,471766366
78161,33169613
78162,80740495
78163,199810919
78164,731865513
78201,18422238
78202,6020565
78203,3330089
78204,6835378
78205,3086395
78207,18977041
78208,2552551
78209,26382462
78210,19261958
78211,26619968
78212,17509410
78213,20727129
78214,34727706
78215,2907499
78216,37030716
78217,27252939
78218,30622436
78219,35643883
78220,24037607
78221,78808568
78222,56740156
78223,107243207
78224,57343509
78225,5078911
78226,18497204
78227,35774585
78228,28373993
78229,14844190
78230,26990557
78231,10007827
78232,31176961
78233,34040576
78234,11778170
78235,2715227
78236,24540409
78237,19099560
78238,24886337
78239,17200608
78240,29347110
78242,20367027
78243,1206636
78244,24052137
78245,86068094
78247,42529758
78248,10153199
78249,38541640
78250,24872029
78251,39287334
78252,89529647
78253,140732012
78254,70056061
78255,47285137
78256,22511345
78257,100824215
78258,41118895
78259,35723279
78260,57404996
78261,77361861
78263,94833757
78264,170896400
78266,97332734
78330,45169370
78332,1294533704
78335,633209
78336,126925913
78338,60836059
78339,2575423
78340,56142651
78341,634848843
78342,4633709
78343,427798045
78344,311637727
78349,327048771
78351,5555508
78352,4071783
78353,525822550
78355,886876397
78357,790517335
78358,1358675
78359,6968465
78361,3006163253
78362,49189277
78363,395941716
78368,560336780
78369,269342791
78370,240282063
78371,557427643
78372,555017312
78373,44547160
78374,123107881
78375,266660232
78376,631012167
78377,1188416400
78379,210714342
78380,869623334
78382,260911803
78383,396151901
78384,1180933162
78385,530487557
78387,555524502
78389,330016600
78390,442123605
78391,44973027
78393,428327523
78401,5580459
78402,2695747
78404,8046998
78405,13152170
78406,33351090
78407,10482156
78408,11505879
78409,30678493
78410,59187880
78411,15541624
78412,22786553
78413,20786413
78414,37155424
78415,268451640
78416,7594430
78417,23596491
78418,113525572
78419,3325536
78501,39727223
78503,43954885
78504,45793396
78516,98507300
78520,95595863
78521,241371060
78526,114284527
78535,3163654
78536,154438768
78537,161820143
78538,183919635
78539,34033186
78541,748538308
78542,440041680
78543,15411513
78545,34328500
78548,10127733
78549,71703254
78550,247583275
78552,127375868
78557,30381057
78558,3515061
78559,91344595
78560,35000234
78561,4726334
78562,65414588
78563,673007013
78564,160856767
78565,13769152
78566,298055560
78567,4779175
78569,344035604
78570,193099883
78572,201138158
78573,88404405
78574,152364662
78575,31965512
78576,99528598
78577,82258210
78578,155112018
78579,21696422
78580,625906090
78582,1686265926
78583,228807213
78584,616703521
78585,26168667
78586,456718823
78588,100823470
78589,53831058
78590,7137235
78591,323204719
78592,9045762
78593,100934279
78594,4791066
78595,38789721
78596,153748072
78597,23322290
78598,14624764
78602,501485582
78605,423549157
78606,633386535
78607,31611270
78608,99776758
78609,60788625
78610,239353378
78611,719311861
78612,243076175
78613,72917132
78614,130535157
78615,135719824
78616,284712296
78617,179885191
78618,427905505
78619,99885245
78620,446528555
78621,483435312
78622,2139274
78623,53157015
78624,1833772231
78626,241076307
78628,189949436
78629,1101702585
78631,841943160
78632,249383284
78633,213051232
78634,164821108
78635,41302164
78636,905561828
78638,296677148
78639,113942289
78640,237445125
78641,327347545
78642,259333515
78643,1823415970
78644,483370269
78645,82051537
78648,376898500
78650,173560900
78652,44823059
78653,271506111
78654,519342158
78655,92310311
78656,55445541
78657,102189530
78659,294345903
78660,117709354
78661,6547129
78662,206747907
78663,318920971
78664,42933920
78665,48585765
78666,457400403
78669,363468827
78670,7358912
78671,120473220
78672,34293217
78675,194898878
78676,433873760
78677,66473909
78681,56424866
78701,4218137
78702,12944529
78703,14437160
78704,22515051
78705,5686654
78712,824603
78717,33266526
78719,48194543
78721,9588243
78722,3919525
78723,17979290
78724,63850688
78725,45711494
78726,28204418
78727,22190814
78728,21005004
78729,23786163
78730,37754252
78731,22438250
78732,34535174
78733,29661288
78734,52124167
78735,53217112
78736,75075387
78737,98278036
78738,44015417
78739,29580313
78741,19655756
78742,14931010
78744,55498866
78745,34597828
78746,58390387
78747,61549794
78748,32834713
78749,26079625
78750,34733545
78751,6211947
78752,8661159
78753,28146300
78754,34325417
78756,4329298
78757,12732630
78758,24052440
78759,36043134
78801,2110394230
78802,31395741
78827,264023595
78828,462348021
78829,1349779668
78830,532353844
78832,2810786076
78833,629725641
78834,1441879027
78836,550036631
78837,2148763442
78838,116853618
78839,930689568
78840,2464265726
78843,12444385
78850,697075881
78851,1154251753
78852,1483179833
78860,130820563
78861,1192332743
78870,305538249
78871,1120874152
78872,478732140
78873,588835554
78877,154584777
78879,117175408
78880,4424025533
78881,634274608
78883,196778264
78884,629620774
78885,200911838
78886,255462880
78931,44324969
78932,141074632
78933,279810686
78934,496960756
78935,176341957
78938,57024252
78940,348497357
78941,404765999
78942,532275913
78943,15052220
78944,41336788
78945,652857439
78946,249795071
78947,553744588
78948,166527828
78949,206416157
78950,285520965
78951,5570466
78953,237093245
78954,194710058
78956,437235316
78957,484832789
78959,404713399
78962,503619795
78963,107758031
79001,1067837908
79003,102560396
79005,514326854
79007,115289833
79009,300087276
79010,451609384
79011,309655885
79012,172622236
79013,12138953
79014,2443244023
79015,994874607
79016,34106
79018,953560115
79019,1387945587
79021,44405852
79022,4968912830
79024,150734409
79025,33458417
79027,780855072
79029,779271414
79031,301161588
79032,50095161
79033,30483964
79034,761880980
79035,1734166921
79036,165963706
79039,579903096
79040,1402240674
79041,687824259
79042,1111261100
79043,374495230
79044,506908744
79045,3161812450
79046,414873086
79051,91458346
79052,467549405
79053,50092739
79054,104254795
79056,106028550
79057,996787581
79058,105712925
79059,1254750253
79061,419780141
79062,231510497
79063,246709027
79064,378232911
79065,1268614684
79068,1020059401
79070,1977541711
79072,991047327
79078,58896631
79079,1387938550
79080,445040767
79081,1669557720
79082,218344700
79083,820897724
79084,1385472359
79085,3016820
79086,528544594
79087,625984678
79088,1491845544
79091,50113223
79092,744661571
79093,79504577
79094,258135400
79095,963349290
79096,628036837
79097,308417797
79098,549275539
79101,4131446
79102,6899093
79103,13315089
79104,9924500
79105,44381356
79106,24265917
79107,43422512
79108,428534673
79109,27014074
79110,14481938
79111,28337004
79118,440976289
79119,263505509
79121,4762083
79124,233368238
79201,2228769007
79220,498146442
79225,382829584
79226,2210422463
79227,2220503004
79229,560541987
79230,165498367
79231,34409284
79233,200515466
79234,306153002
79235,1492076218
79236,993152146
79237,499906249
79239,515215756
79240,18829103
79241,883902304
79243,137155988
79244,519628503
79245,674020031
79247,19693202
79248,1546590028
79250,464393656
79251,157695627
79252,1408429042
79255,519547443
79256,451540015
79257,1050979932
79258,83532252
79259,231139120
79261,586469250
79311,449247070
79312,227640216
79313,340373537
79314,41455669
79316,1210217812
79322,783577158
79323,596712524
79324,183668440
79325,461678393
79326,99606448
79329,242579643
79330,470340220
79331,1936172434
79336,1119146524
79339,718104662
79342,247766675
79343,353509284
79344,39016776
79345,491473975
79346,1000201593
79347,1830423050
79350,3711262
79351,841039409
79353,31950967
79355,1121621181
79356,1924902295
79357,565166487
79358,281145981
79359,547823460
79360,2200315333
79363,299761220
79364,510668340
79366,2096456
79367,82025724
79369,33669043
79370,1058877871
79371,728153726
79372,34204578
79373,1123403916
79376,291277763
79377,69414505
79378,53621493
79379,186311223
79380,26370132
79381,336337123
79382,123531962
79401,7124848
79403,341995277
79404,74644617
79406,2613684
79407,183237644
79410,6262753
79411,3853057
79412,8073854
79413,12376716
79414,8215058
79415,171455173
79416,83208467
79423,156688954
79424,108114566
79501,515744192
79502,1690403648
79503,205734161
79504,971435295
79505,480727699
79506,473857992
79508,30830436
79510,710373037
79511,466810219
79512,1488505437
79517,573643885
79518,351515969
79519,78555703
79520,504420078
79521,807750722
79525,242805321
79526,567915934
79527,244463989
79528,912113100
79529,230966875
79530,89359040
79532,319975296
79533,373056237
79534,155967729
79535,364965667
79536,820109839
79537,201808280
79538,177917982
79539,96979375
79540,141316449
79541,408522074
79543,425346699
79544,213810971
79545,589990300
79546,931079702
79547,202674660
79548,236745319
79549,2476746859
79553,430595188
79556,787990710
79560,195419715
79561,324579551
79562,300705153
79563,42392481
79565,233982914
79566,409443991
79567,817605588
79601,644909987
79602,297316135
79603,151280313
79605,28383596
79606,161801649
79607,9823807
79699,246691
79701,30792653
79703,17339315
79705,91892099
79706,1926978484
79707,183423574
79713,425261952
79714,1990009021
79718,792346389
79719,49535536
79720,2359428344
79730,333664591
79731,853089059
79733,4740764
79734,3351107253
79735,4487983921
79738,833166626
79739,1371056759
79741,541478439
79742,151446043
79743,639946943
79744,1387186127
79745,1014645880
79748,143167071
79749,169422493
79752,568201520
79754,413053524
79755,813060709
79756,448784297
79758,136947767
79759,505654240
79761,26392155
79762,82090988
79763,140632806
79764,150867244
79765,53487529
79766,616283326
79770,246548054
79772,2994840846
79777,263472187
79778,270346605
79780,306011005
79781,1735030839
79782,1194886217
79783,434984978
79785,410196984
79788,11978618
79789,103200280
79821,29530405
79830,5205566340
79831,901758635
79834,2120263368
79835,30663036
79836,49683770
79837,4275680451
79838,76173024
79839,1252372438
79842,1606753039
79843,3816584183
79845,1213332918
79846,1138831686
79847,2154766421
79848,2091300712
79849,36297990
79851,1743861920
79852,1377743361
79853,80722453
79854,1836403854
79855,4717568593
79901,5696175
79902,16983390
79903,7901826
79904,22700656
79905,16850373
79906,10752302
79907,35258012
79908,50517553
79911,16155858
79912,61344269
79915,23158076
79916,4336425
79920,12765
79922,16878493
79924,31705858
79925,44125168
79927,73349610
79928,269625775
79930,28413814
79932,36967358
79934,153423879
79935,9079681
79936,68971190
79938,943746827
79942,92955782
80002,15951000
80003,17597628
80004,19079682
80005,29521138
80007,66648458
80010,14222122
80011,63976702
80012,20142887
80013,36210108
80014,18356586
80015,37489567
80016,119784691
80017,15124452
80018,68723079
80019,63647069
80020,51306400
80021,42781387
80022,119111985
80023,45502036
80024,105884
80025,30353418
80026,57525988
80027,50398326
80030,6832690
80031,21856360
80033,21460435
80045,1742260
80101,608207507
80102,770373543
80103,727997211
80104,200990467
80105,1291547404
80106,455247554
80107,403715178
80108,92119986
80109,68316874
80110,16448047
80111,27878923
80112,47852960
80113,19578034
80116,223905487
80117,631057170
80118,353632096
80120,21498027
80121,19397175
80122,18278030
80123,30708286
80124,24578864
80125,109118494
80126,27781948
80127,134350162
80128,31427377
80129,19318085
80130,16543909
80131,1954445
80132,79192189
80133,79767090
80134,145833532
80135,852771731
80136,523926849
80137,270535586
80138,163739423
80202,2900505
80203,2778042
80204,14400265
80205,11822413
80206,6375724
80207,11827152
80209,9032712
80210,15698749
80211,11651085
80212,9241108
80214,11928565
80215,14396676
80216,27328765
80218,4139600
80219,19436358
80220,13564295
80221,23563643
80222,10268977
80223,13554333
80224,8156473
80226,20837780
80227,19235380
80228,28469682
80229,33026111
80230,6453944
80231,12236593
80232,10714697
80233,23599498
80234,18423311
80235,9445813
80236,8327496
80237,9312568
80238,12590637
80239,25882676
80241,17108904
80246,4471584
80247,7594040
80249,124054026
80260,12610470
80264,19282
80290,19489
80293,15513
80294,15459
80301,75135092
80302,214070344
80303,57010337
80304,23632397
80305,18645663
80310,1123751
80401,135091989
80403,346242686
80419,258039
80420,102615669
80421,357136656
80422,334596429
80423,410891872
80424,326129627
80425,118140219
80426,344815727
80427,37773322
80428,798467855
80432,282656353
80433,212158281
80434,74237155
80435,268622087
80436,31776171
80438,144196446
80439,457888110
80440,686879254
80442,182365695
80443,269458010
80444,82751363
80446,774452954
80447,608264283
80448,580706693
80449,1536753250
80451,177737384
80452,336173182
80453,1048446
80454,11056188
80455,89802881
80456,599159959
80457,3984851
80459,1502859415
80461,749124127
80463,313269509
80465,116700076
80466,233089878
80467,595437229
80468,994175407
80469,132467121
80470,345257193
80471,1991365
80473,165859515
80475,28069385
80476,148827819
80477,69519
80478,108370649
80479,292100340
80480,3939433561
80481,185605296
80482,336139411
80483,225266312
80487,1893454324
80488,28800
80497,34243972
80498,677109541
80501,32067273
80503,235896004
80504,253726125
80510,171263788
80511,276231
80512,1270420365
80513,170230444
80514,17455077
80515,157017137
80516,103444348
80517,767256894
80520,1043747
80521,36762368
80524,327685445
80525,62954847
80526,98846390
80528,49125645
80530,4918077
80532,67132918
80534,125533614
80535,114702126
80536,952073665
80537,274530741
80538,279780575
80540,409959248
80542,23222461
80543,81648590
80544,127132
80545,732627447
80546,198281
80547,7906936
80549,528888835
80550,138078483
80601,69533930
80602,77994264
80603,208066839
80610,438899194
80611,996215715
80612,421178218
80615,272634416
80620,17099608
80621,329914386
80622,34244040
80623,1721930
80624,81252447
80631,265320009
80634,96495305
80640,32887943
80642,246047398
80643,541606682
80644,412677472
80645,348445256
80648,398344526
80649,472905780
80650,131364183
80651,246687054
80652,485346538
80653,323666231
80654,588571729
80701,1573783662
80705,704136
80720,2411750534
80721,223730399
80722,89405907
80723,751888802
80726,409179086
80727,531673490
80728,939260051
80729,1869864493
80731,974557603
80733,81847921
80734,1262374624
80735,758543157
80736,294694716
80737,628357938
80740,427409433
80741,589419748
80742,1154882966
80743,1202700880
80744,336222625
80745,569429438
80746,669401
80747,455639002
80749,430930170
80750,340238877
80751,1216843575
80754,546637034
80755,286619195
80757,981446241
80758,1798088192
80759,1671505722
80801,401656597
80802,1037427743
80804,867607790
80805,434261354
80807,1887116834
80808,917777530
80809,130448643
80810,1381708299
80812,357199672
80813,286133246
80814,255696752
80815,1361287282
80816,479182581
80817,163456166
80818,748811724
80819,21463333
80820,765489125
80821,2195750616
80822,548120869
80823,1055770024
80824,279485793
80825,1707533151
80827,625905575
80828,1400669041
80829,55190169
80830,578422328
80831,491913623
80832,619506386
80833,1226432581
80834,743832673
80835,370915937
80836,983097783
80840,74835366
80860,193754288
80861,649830151
80862,356006004
80863,320642042
80864,644193545
80902,37146123
80903,12528742
80904,24687842
80905,12846997
80906,120820832
80907,25609318
80908,246949681
80909,21696926
80910,14985607
80911,31278569
80913,68216927
80914,1814403
80915,20156907
80916,44501228
80917,16886355
80918,31026482
80919,37206785
80920,32726672
80921,225235355
80922,15497065
80923,17707628
80924,14118358
80925,61194127
80926,167631878
80927,11338196
80928,851544773
80929,56183875
80930,94214899
80938,8626308
80939,1396968
80951,12056573
81001,90246363
81003,20808307
81004,421905406
81005,596271985
81006,146952257
81007,383149961
81008,347492808
81019,25710814
81020,1502007716
81021,565815022
81022,1103917611
81023,326406872
81024,108676730
81025,1421541919
81027,1604236717
81029,1420920610
81030,976619
81033,837884
81036,1947541206
81038,299771
81039,1528433322
81040,1342866226
81041,1187755264
81043,3729228
81044,844749434
81045,591324437
81047,1547094144
81049,3330117287
81050,1391243783
81052,1719082242
81054,2471769755
81055,666206659
81057,135618972
81058,134907240
81059,2848368715
81062,618633388
81063,1066786807
81064,1251413202
81067,756583562
81069,708115158
81071,1473609340
81073,1657761491
81076,692056580
81077,1178482
81081,598529325
81082,1547721947
81084,623875616
81087,104013424
81089,1792207957
81090,1651535907
81091,1118990205
81092,218776942
81101,1060353054
81120,2258796351
81121,121229618
81122,1313700036
81123,679331745
81124,40567534
81125,697614507
81126,50441745
81128,473332573
81129,10953265
81130,2450513772
81131,812405977
81132,1751688290
81133,965832509
81136,241823237
81137,658537970
81138,58987213
81140,570844437
81141,111559185
81143,853395939
81144,732605017
81146,585065650
81147,3494639692
81148,604499
81149,2162574054
81151,580587408
81152,1142333057
81154,691579415
81155,820384512
81201,1154544760
81210,1334462151
81211,1194846483
81212,1600300809
81220,621488665
81221,3766307
81222,79957771
81223,1032977959
81224,403554855
81225,212852415
81226,212781912
81227,951853
81230,4624879264
81231,162539
81232,4950749
81233,228125703
81235,1398023748
81236,499469306
81237,90228250
81239,132545965
81240,385595734
81241,52675603
81242,5725825
81243,866023199
81244,9550667
81248,666918254
81251,227091737
81252,1594798863
81253,333138309
81301,1932772160
81303,557450545
81320,486262421
81321,1090633567
81323,1853113546
81324,1057862024
81325,1476500094
81326,646195409
81327,89314498
81328,945988078
81330,169148406
81331,631624024
81332,156624913
81334,920409289
81335,70232820
81401,604891429
81403,1430902199
81410,59202047
81411,257988161
81413,545097474
81415,722175238
81416,872337870
81418,53412950
81419,525515248
81422,694362124
81423,1277057496
81424,795401616
81425,993029258
81426,43823359
81427,265613349
81428,568018633
81429,592845697
81430,658958037
81431,433541877
81432,704785531
81433,793261355
81434,1550159387
81435,346582873
81501,20654259
81503,90870772
81504,29308720
81505,260754256
81506,33346100
81507,285237495
81520,53496009
81521,381832751
81522,776817642
81523,855307931
81524,434242766
81525,308544776
81526,134199623
81527,2013828956
81601,894437249
81610,804607159
81611,1109695038
81612,6976105
81615,66186776
81620,97159697
81621,576006305
81623,1152431761
81624,1445020866
81625,3983099596
81630,3300160002
81631,634267486
81632,316311616
81633,344051535
81635,753553503
81637,1966679174
81638,434983876
81639,1554243733
81640,6160435988
81641,4400251878
81642,360399809
81643,559604153
81645,438645440
81646,188851376
81647,947606401
81648,3186195183
81649,205023575
81650,2407037579
81652,230484434
81653,155825520
81654,228626797
81655,362247991
81656,2717139
81657,288012296
82001,152200001
82005,7610133
82007,508183565
82009,3211722362
82050,423958780
82051,894613818
82052,35269490
82053,586712000
82054,466140737
82055,302186959
82058,802228987
82059,217893208
82060,75720966
82061,544663261
82063,996714307
82070,2827628424
82072,558977794
82073,5094
82081,232706107
82082,573370912
82083,1278617349
82084,190456881
82190,7690606944
82201,4452074711
82210,1006314966
82212,872560184
82213,1245893923
82214,271016957
82215,208461802
82217,233513380
82219,291789636
82221,806371960
82222,1055010487
82223,388657524
82224,348135138
82225,3554463012
82227,976302601
82229,625181611
82240,1716306667
82242,180646234
82243,140582318
82244,858193884
82301,3182386450
82321,681730574
82322,3901779
82323,73248991
82324,629794016
82325,1730766667
82327,1223623734
82329,1891723975
82331,1487409955
82332,366613627
82334,627648308
82335,294035593
82336,1690786883
82401,1531494874
82410,452330609
82411,237970228
82412,52787208
82414,7301984520
82420,143568566
82421,120040816
82422,31054126
82423,48322111
82426,1452034745
82428,549872227
82430,6303504
82431,1435721605
82432,304669124
82433,2201211079
82434,90416586
82435,2193816162
82440,881519
82441,305364813
82442,1711837764
82443,3119295315
82450,83330789
82501,2435848041
82510,57197795
82512,1069784396
82513,3982121057
82514,566116421
82515,21498682
82516,617205497
82520,5708394393
82523,1965785743
82601,1476793497
82604,4782176873
82609,151557815
82620,1902165690
82630,162826673
82633,8164297520
82635,41296783
82636,238756955
82637,2490469234
82638,30654352
82639,4360006657
82640,423221111
82642,1312714139
82643,77195686
82644,2181261
82646,103907988
82648,1415443150
82649,1566229009
82701,5114889674
82710,711046936
82711,302382119
82712,324382070
82714,138868074
82715,717618
82716,2810748248
82718,4875020753
82720,1695844640
82721,2034321862
82723,252217551
82725,735710205
82727,1233868393
82729,1607530943
82730,1631430130
82731,1370504266
82732,278355181
82801,1693117602
82831,1632255386
82832,428167340
82833,254056931
82834,5611923773
82835,1311191230
82836,1319136891
82837,121071708
82838,465680692
82839,302471870
82842,38047066
82844,47159720
82845,154158805
82901,3595900115
82922,847678068
82923,2835176441
82925,1811093248
82929,29578259
82930,2961271786
82932,1336532060
82933,182403957
82934,58421269
82935,422402638
82936,336438943
82937,312444982
82938,456508814
82939,204761750
82941,1123570935
82942,107884129
82943,188929630
82944,509183969
82945,332105416
83001,2092797426
83011,743341437
83012,420643536
83013,2329518854
83014,556533376
83025,34816570
83101,1948919909
83110,382231903
83111,297462153
83112,357525636
83113,2688488568
83114,992831926
83115,1526099038
83116,4021359
83118,51156168
83119,34419255
83120,389277367
83121,1091605
83122,33487378
83123,229686433
83124,251540947
83126,159982065
83127,195056823
83128,1169309949
83201,91684435
83202,365689666
83203,35403302
83204,595634511
83209,1717136
83210,696568657
83211,1510288485
83212,537258090
83213,1629638373
83214,290597069
83215,201869
83217,762837016
83218,1046902
83220,65915285
83221,2083413090
83223,4745560
83226,5783035569
83227,1015073003
83228,172704018
83232,25453719
83233,74249852
83234,712976995
83235,671690312
83236,610148959
83237,57948285
83238,193101665
83239,84581733
83241,542862177
83243,193232041
83244,2174402921
83245,272202701
83246,335723838
83250,198159194
83251,2492955411
83252,2396316801
83253,2175883147
83254,1243297539
83255,1161849596
83261,54128726
83262,537361745
83263,1038338745
83271,671571255
83272,345796597
83274,236180768
83276,1094020875
83277,26593964
83278,3796503003
83281,106701007
83283,148214949
83285,821212712
83286,188016036
83287,74494515
83301,729552403
83302,1723722498
83311,270915114
83312,333739401
83313,597386025
83314,289942881
83316,674109494
83318,663934025
83320,1494694448
83321,225991395
83322,51370762
83323,707847865
83324,227740052
83325,97598415
83327,2452468174
83328,173181865
83330,304201783
83332,210825924
83333,885247565
83334,204938086
83335,263425330
83336,96598323
83337,607347098
83338,713621013
83340,1439347666
83341,260488563
83342,3200238295
83344,297741819
83346,806670300
83347,544020664
83348,171875576
83349,188470409
83350,774161929
83352,566512432
83353,22563612
83354,51068
83355,297489502
83401,404973389
83402,392703967
83404,69256517
83406,260135416
83414,887644796
83420,1177336332
83421,37243694
83422,348061286
83423,985419819
83424,151172451
83425,254986738
83427,1867152
83428,556950991
83429,1454717090
83431,32670593
83433,2704957
83434,107908608
83435,359057565
83436,242438408
83440,441351070
83442,239404282
83443,838965939
83444,397690790
83445,490189836
83446,180362527
83448,76823426
83449,959357934
83450,247044575
83451,35770734
83452,342948778
83454,905738
83455,299456585
83460,630601
83462,278451875
83463,413373951
83464,2742166897
83465,480503974
83466,752220871
83467,1962847160
83468,420311162
83469,1204953186
83501,700016001
83520,29486685
83522,1094525556
83523,490882117
83524,328130290
83525,2598023874
83526,94787137
83530,931823914
83533,65970224
83535,138601201
83536,568336744
83537,428721990
83539,7279404215
83540,237032320
83541,256778835
83542,198396725
83543,354027616
83544,609931864
83545,116458379
83546,109099798
83547,250922039
83548,71221629
83549,1616924519
83552,223659010
83553,276667101
83554,586216724
83555,532855934
83601,996760150
83602,47398396
83604,2717277715
83605,71934947
83607,575404720
83610,1029812846
83611,5879503449
83612,1780490387
83615,202055375
83616,275401165
83617,607004020
83619,84074407
83622,689043538
83623,548049771
83624,670766762
83626,16685478
83627,253229810
83628,207568240
83629,480072183
83631,419730470
83632,322805934
83633,433205943
83634,387724049
83636,6646160
83637,1139965933
83638,1045343844
83639,613126158
83641,420787116
83642,106292915
83643,58152929
83644,131247833
83645,1160029501
83646,71404859
83647,3760286758
83648,25872979
83650,4152627726
83651,38470274
83654,651117464
83655,151085434
83656,1142256
83657,404215018
83660,310661440
83661,607276833
83666,25263214
83669,51267694
83670,191251771
83671,2677992182
83672,1573266611
83676,105315878
83677,922666380
83686,230056821
83687,128780612
83702,105248460
83703,22103642
83704,22674964
83705,36951232
83706,19303131
83709,89590966
83712,59449039
83713,17489636
83714,126467263
83716,1336988742
83801,384551094
83802,1422531095
83803,164851478
83804,135393882
83805,2074682345
83806,51678078
83808,481850667
83809,36289714
83810,361179791
83811,470660520
83812,133763982
83813,117954321
83814,513718666
83815,41946889
83821,72163491
83822,85603025
83823,405520390
83824,137283327
83825,1142653
83826,10884838
83827,24636455
83830,150071001
83832,376971614
83833,276066094
83834,257684606
83835,276290272
83836,243084235
83837,178794424
83839,282305313
83840,217879
83841,12893492
83842,50485288
83843,312881028
83844,91011
83845,243695564
83846,122681564
83847,294759890
83848,81977028
83849,50502039
83850,180542960
83851,313188006
83852,4027778
83854,194313298
83855,287441539
83856,915023935
83857,165873177
83858,306252663
83860,308389786
83861,1318847820
83864,1188552462
83866,170765993
83867,11676852
83868,24819743
83869,155883290
83870,184993496
83871,289031838
83872,107173467
83873,535081921
83874,113983677
83876,309230915
84001,58536782
84002,139536867
84003,149754697
84004,75941992
84005,79863214
84006,54251055
84007,118140284
84010,38953448
84013,103667609
84014,14263551
84015,54794716
84017,1225342064
84018,388813444
84020,65221464
84021,1722466138
84022,834388075
84023,398456189
84024,20319740
84025,31602893
84026,109466384
84027,527403150
84028,125964836
84029,880586847
84031,794069671
84032,812038656
84033,136143003
84034,1539775170
84035,1483953057
84036,823565596
84037,48367467
84038,112717192
84039,278925273
84040,27618273
84041,38411036
84042,20818789
84043,80678452
84044,123283634
84045,52799628
84046,333204942
84047,16172462
84049,215977810
84050,972699612
84051,135722960
84052,377526280
84053,146725441
84054,21719868
84055,402769706
84056,24412457
84057,16346741
84058,31911107
84060,72654501
84061,77923145
84062,105397395
84063,839906248
84064,400617739
84065,53971908
84066,434245318
84067,21180395
84069,165785752
84070,18634039
84071,277411592
84072,309602053
84073,44090027
84074,282776212
84075,36692059
84076,46486302
84078,2402405831
84080,90688552
84081,37902374
84082,277554802
84083,5419592315
84084,19987574
84085,248230177
84086,258976451
84087,33578219
84088,24379185
84092,141459599
84093,14068933
84094,13225352
84095,58687620
84096,181892974
84097,15561733
84098,212690727
84101,4714385
84102,4593946
84103,39123701
84104,54987658
84105,7881066
84106,15635851
84107,19421171
84108,177978032
84109,159699883
84111,3713778
84112,2233044
84113,606000
84115,15947672
84116,96923514
84117,14802473
84118,44394560
84119,31235137
84120,26350572
84121,166714336
84123,21288001
84124,15041238
84128,26489872
84144,58280
84180,59013
84301,11373464
84302,149028652
84304,32165982
84305,107933909
84306,45757716
84307,1144308586
84308,63609014
84309,22249230
84310,292128388
84311,18226056
84312,60624293
84313,738168793
84314,20825850
84315,45973257
84316,419611107
84317,558246724
84318,11781265
84319,252411009
84320,115228452
84321,498843934
84324,30936642
84325,95732544
84326,7760856
84327,44727278
84328,150522348
84329,1245897998
84330,75090313
84331,144490459
84332,10835593
84333,64957615
84334,2352658
84335,169435760
84336,728375865
84337,451310158
84338,28405767
84339,145957993
84340,31303242
84341,31717156
84401,76407847
84403,93233115
84404,241341872
84405,46649828
84414,42118235
84501,373343469
84511,1115408271
84512,725644765
84513,29256906
84515,824395874
84516,60779785
84518,171368397
84520,14665137
84521,148348417
84522,141981866
84523,294946029
84525,2814283405
84526,833863271
84528,454350817
84529,3287269
84530,719404616
84531,1475226988
84532,3800372344
84533,3575365131
84534,1129468523
84535,4871843367
84536,1547009429
84537,242498090
84539,104496761
84540,2635821224
84542,17352660
84601,36205033
84604,324375290
84606,29318988
84620,41814533
84621,18945270
84622,50194424
84623,53947589
84624,1267995850
84626,228706767
84627,86262337
84628,53356257
84629,672120815
84630,257358433
84631,428609185
84632,68437272
84633,109859582
84634,108948134
84635,98102595
84636,169721567
84637,346473015
84638,120985234
84639,547832591
84640,91228069
84642,129803439
84643,66864385
84645,218379754
84646,100636311
84647,284219821
84648,401615315
84649,588495565
84651,282117955
84652,30543995
84653,57470090
84654,636663248
84655,117941142
84656,49131998
84657,53949902
84660,361211367
84662,204666564
84663,354307050
84664,44250335
84665,58450218
84667,42265108
84701,693967314
84710,79711216
84711,93997281
84712,527432711
84713,263552134
84714,1029313008
84715,74065960
84716,660065657
84718,76086960
84719,156499570
84720,805067693
84721,656420513
84722,35991267
84723,40605859
84724,10007896
84725,435101438
84726,971878069
84728,871078124
84729,257718995
84730,28704071
84731,200284762
84732,24402985
84733,284710803
84734,2235656520
84735,330394614
84736,22653964
84737,510812642
84738,57142019
84739,72027041
84740,124571483
84741,3506696033
84742,71994737
84743,81516214
84744,99891373
84745,44724439
84746,24010080
84747,174141885
84749,102389718
84750,327329401
84751,774037851
84752,85672287
84753,911797753
84754,164027951
84755,207581924
84756,377061534
84757,132332047
84758,199509676
84759,1286618467
84760,370490874
84761,393669692
84762,580796448
84763,43393785
84764,134768748
84765,24692731
84766,138745240
84767,677741756
84770,135689053
84772,17614144
84773,259780880
84774,107534156
84775,1302262931
84776,25884370
84779,534387855
84780,95278196
84781,185895965
84782,63617728
84783,122539497
84784,36613018
84790,115905712
85003,4795076
85004,5283116
85006,10110587
85007,11828740
85008,27130283
85009,40473246
85012,5682788
85013,9628413
85014,10825074
85015,12646743
85016,23574547
85017,13577662
85018,28797359
85019,9712667
85020,22820738
85021,17419565
85022,24184572
85023,18916621
85024,72954765
85027,36412373
85028,25999992
85029,24752119
85031,10494693
85032,32180961
85033,15789710
85034,29666161
85035,14803021
85037,21202529
85040,26416434
85041,41158977
85042,38882402
85043,48964904
85044,37313393
85045,9370561
85048,51005088
85050,37862474
85051,16370807
85053,13491544
85054,23305084
85083,25497209
85085,66340002
85086,151095146
85087,194165166
85118,413051903
85119,114130679
85120,46230068
85121,190173652
85122,129549297
85123,68897074
85128,423122682
85131,698243268
85132,1564317452
85135,1141751
85137,535529989
85138,191840533
85139,500950723
85140,86828435
85141,108664091
85142,183978739
85143,93141357
85145,57590010
85147,184620383
85172,170568278
85173,96647122
85192,941659520
85193,670988722
85194,196568765
85201,24655739
85202,16287996
85203,23729688
85204,25656766
85205,25351581
85206,24706999
85207,77388206
85208,23265134
85209,28714367
85210,17051568
85212,91805515
85213,24529143
85215,214419805
85224,24166759
85225,33186991
85226,207459586
85233,25201857
85234,30766269
85248,78370623
85249,35774407
85250,24388895
85251,19089854
85253,46588446
85254,35333405
85255,226836415
85256,85575888
85257,16980634
85258,22198854
85259,53044222
85260,37602903
85262,327758949
85263,875478561
85264,552313939
85266,44374644
85268,53335412
85281,34672572
85282,28937885
85283,22791086
85284,20120879
85286,42083635
85295,32740306
85296,29324467
85297,27334433
85298,37061723
85301,24011356
85302,15804156
85303,16399728
85304,14439590
85305,16410739
85306,14516953
85307,32230732
85308,44240476
85309,8886072
85310,23623378
85320,1411886157
85321,3989248568
85322,886812860
85323,48134771
85324,759205531
85325,2150687959
85326,954897939
85328,451577963
85331,291067086
85332,1074976511
85333,1875774604
85334,168233128
85335,25839477
85336,9882334
85337,1476176702
85338,191385343
85339,550435766
85340,78022378
85341,3831194
85342,1211196610
85343,20727866
85344,1109356488
85345,33808214
85346,1610953484
85347,540708508
85348,1144563673
85349,46488059
85350,254950238
85351,28125613
85352,161162604
85353,56158757
85354,1550055860
85355,91097796
85356,428002488
85357,1510832920
85360,1903658235
85361,307007225
85362,186986541
85363,4115789
85364,102193168
85365,3547253021
85367,117549474
85371,459120267
85373,29511831
85374,42074958
85375,47671555
85377,21932290
85379,27868054
85381,17221015
85382,25632397
85383,247402312
85387,141469529
85388,33974882
85390,1529506403
85392,24513540
85395,36985350
85396,214197552
85501,1454574028
85530,1081916839
85531,10802083
85533,2999447551
85534,1144789098
85535,11288542
85536,374373914
85539,145329827
85540,259280582
85541,2026365525
85542,567837713
85543,1545940752
85544,429282496
85545,1010525492
85546,1747611389
85550,1467413128
85551,138832916
85552,62046003
85553,786547843
85554,1968537606
85601,312631264
85602,1938733710
85603,582734466
85605,847076075
85606,370964248
85607,2161913444
85608,4791378
85609,337263854
85610,1153282860
85611,797391556
85613,121168732
85614,351575495
85615,538150360
85616,347112396
85617,571345507
85618,290890942
85619,526474120
85620,2585019
85621,729853850
85622,126361794
85623,897850035
85624,1013959494
85625,655183033
85626,1907848
85627,44638591
85629,596638824
85630,473727094
85631,302503494
85632,2158418496
85633,780123131
85634,7443770484
85635,184868439
85637,312472666
85638,838893525
85640,19201198
85641,1199488675
85643,5383232912
85645,525607969
85646,333166320
85648,407136308
85650,108139914
85653,904723128
85654,159312
85658,579476813
85701,3745544
85704,46292094
85705,35257639
85706,32453226
85707,11746593
85708,3723406
85710,31284907
85711,22141339
85712,17634572
85713,62712573
85714,17045710
85715,17301278
85716,18270969
85718,98725536
85719,21200202
85723,332730
85724,105627
85726,122081
85730,120077005
85735,493868312
85736,913206667
85737,62388129
85739,482987541
85741,26014917
85742,74425998
85743,249640147
85745,174368818
85746,196377977
85747,152810108
85748,30628629
85749,155690307
85750,51485225
85755,87429149
85756,175856859
85757,66557190
85901,674047475
85911,1648688175
85912,107983393
85920,277219731
85922,1009423150
85923,162571824
85924,2027523560
85925,76322219
85926,17756111
85927,330909990
85928,736436043
85929,156321959
85930,483471320
85931,776994974
85932,338890185
85933,238459916
85934,151879631
85935,125025563
85936,2574237588
85937,795931900
85938,956080566
85939,144628721
85940,212662825
85941,2153378501
85942,144808115
86001,2289734093
86003,55328836
86004,1975330778
86011,1755265
86015,14077987
86016,276597898
86017,358682829
86018,259589668
86020,2992133057
86021,68942541
86022,1452168014
86023,702610951
86024,1367960657
86025,1857871102
86028,454547759
86029,156327739
86030,610455337
86031,1159225726
86032,519620677
86033,3056708742
86034,1284241120
86035,1881974023
86036,2575611694
86038,118598656
86039,761743801
86040,1950390787
86042,183343787
86043,270660581
86044,2606389122
86045,3561472197
86046,3785262211
86047,4448463538
86052,2613913491
86053,1885678964
86054,1080990779
86301,80154572
86303,345961119
86305,3242503165
86313,290595
86314,187807547
86315,157251987
86320,2412817371
86321,762116641
86322,1000680871
86323,366898078
86324,432931650
86325,155326298
86326,140160552
86327,517890458
86329,95764386
86331,112682605
86332,1265280140
86333,1277544410
86334,588619618
86335,479990667
86336,582481022
86337,3145799814
86338,719692903
86343,265620148
86351,103858421
86401,2877164103
86403,25951078
86404,448357535
86406,636033198
86409,920030219
86411,1079760875
86413,1825922213
86426,93875508
86429,216885386
86431,149691529
86432,8345838145
86433,439063430
86434,2024440233
86435,3222821912
86436,288711378
86437,178828010
86438,3435601731
86440,295852747
86441,1322159784
86442,98582551
86443,1208568122
86444,1309783177
86445,758064405
86502,1821592682
86503,2155630423
86504,835979298
86505,2676886052
86506,440942460
86507,574727945
86508,180322848
86510,1918794355
86511,954603319
86512,1492486100
86514,2115125854
86515,284998342
86520,645144761
86535,704007069
86538,522785771
86540,627281518
86544,638491731
86545,846477702
86547,337529601
86556,624166041
87001,311715886
87002,893641693
87004,147802106
87005,76982550
87006,149394741
87007,61718490
87008,73280838
87010,423317953
87011,1183467254
87012,245694087
87013,4815293519
87014,572804478
87015,389166600
87016,1973616376
87017,434821328
87018,313012360
87020,2670314081
87021,19997448
87022,5338306
87023,8090190
87024,224656858
87025,897011226
87026,1307566272
87027,92491600
87028,178955383
87029,832059261
87031,1315266966
87032,41191242
87034,2245678038
87035,567919145
87036,2566494218
87037,720900029
87038,66565690
87040,46347077
87041,357490447
87042,11723016
87043,221671938
87044,36459574
87045,411666903
87046,157749006
87047,344106420
87048,28602540
87049,164148620
87051,163286332
87052,101283180
87053,745504312
87056,1264753106
87059,368851595
87061,341987970
87062,334694040
87063,844647630
87064,395286389
87068,239614442
87070,68967241
87072,57069239
87083,3436660
87102,16845079
87104,11011071
87105,242787136
87106,27364895
87107,38225898
87108,15215928
87109,26297581
87110,22354540
87111,56230438
87112,20927415
87113,23307864
87114,54922226
87116,8508547
87117,50394193
87120,99609785
87121,663555974
87122,69035979
87123,89576454
87124,182493230
87144,230963715
87301,213689118
87305,592229668
87310,473964254
87311,501682627
87312,129373400
87313,2474214679
87315,1538832096
87316,321127085
87317,60577229
87319,437806622
87320,213322617
87321,1582302439
87322,4804075
87323,751438127
87325,1462998646
87326,444076034
87327,1490368855
87328,488603822
87347,90396422
87357,175717027
87364,399600652
87375,247865896
87401,338259892
87402,29704867
87410,696091487
87412,1302401594
87413,1667765694
87415,28430508
87416,253792517
87417,30840654
87418,158851911
87419,758069801
87420,1392772262
87421,104384328
87455,899127898
87461,787116660
87499,643087923
87501,206603767
87505,179297311
87506,511761785
87507,215439053
87508,382620211
87510,1109699254
87511,143240495
87512,534376470
87513,86113734
87514,45482027
87515,344398145
87516,139331243
87517,203647853
87518,232080094
87519,59164347
87520,671506023
87521,255185319
87522,404512171
87523,18659254
87524,309550363
87525,55098916
87527,93481260
87528,1988863859
87529,65784766
87530,365586997
87531,92430100
87532,295126017
87533,53643
87535,166331443
87537,154049057
87538,201641926
87539,201401340
87540,219662496
87543,52008281
87544,144524591
87548,86784520
87549,244118141
87551,77022822
87552,383266858
87553,53004728
87554,120391601
87556,531152186
87557,261954899
87558,328285727
87560,1221921835
87562,150405442
87564,64189415
87565,125173530
87566,53913399
87567,8409180
87569,204912313
87571,393578051
87573,330241037
87574,7769460
87575,1521511891
87577,1004466558
87578,113363728
87579,320778785
87580,61044160
87581,339256624
87582,48600637
87583,75141972
87701,4182418360
87710,399269120
87711,636209068
87712,173605418
87713,182451554
87714,1073195309
87715,109350064
87718,245772490
87722,226641787
87723,51492444
87724,14681723
87728,348682802
87729,249875222
87730,582536291
87731,226269117
87732,397523420
87733,1061130037
87734,382272138
87735,89343208
87736,66796081
87740,3125950885
87742,340207941
87743,1439989796
87745,343288531
87746,1192781565
87747,1884138032
87749,129788230
87750,26338480
87752,2259873892
87753,439237218
87801,370252257
87820,407745618
87821,4656456856
87823,154579266
87824,359083009
87825,6896719098
87827,1538076389
87828,5140124
87829,4539484913
87830,2142407816
87831,34080457
87832,3255778232
87901,2090452777
87930,378572955
87931,285589131
87933,3161713
87935,93888632
87936,31101994
87937,463319313
87939,335958547
87940,166514896
87941,20450684
87942,383025299
87943,2863508003
88001,29419783
88002,465439531
88003,857045
88004,100653602
88005,127498642
88007,962936398
88008,128081335
88009,644933771
88011,379183740
88012,943235363
88020,3020860768
88021,2067005269
88022,30327098
88023,18236737
88024,1921834
88025,552517339
88026,13182260
88027,192098393
88028,338773993
88029,464745775
88030,6670783863
88032,442688
88033,214408596
88034,238842153
88038,995678368
88039,2090521118
88040,2901763867
88041,1158747205
88042,1403995231
88043,165278052
88044,306094647
88045,2898714021
88046,6180999
88047,18900254
88048,50695034
88049,482486856
88051,837196112
88052,2637761
88053,27987871
88055,795269873
88056,337720555
88061,3701491933
88063,29507569
88065,3669161
88072,63180632
88081,1025590444
88101,1378091971
88103,11492677
88112,436256558
88113,199263863
88114,452504922
88115,4212177
88116,3657383158
88118,465288156
88119,4467953915
88120,792486636
88121,642051345
88124,2192382451
88125,836029883
88126,131607716
88130,1619081961
88132,531548556
88134,683435472
88135,439032581
88136,865107422
88201,5929193231
88203,3827094581
88210,3307728620
88220,5306772199
88230,638897298
88231,950733672
88232,486845711
88240,1619406383
88242,143358645
88250,1782114360
88252,2291655898
88253,491627803
88254,146810478
88255,17254782
88256,1264613389
88260,1957887830
88262,175251598
88263,266825139
88264,304862451
88265,199790846
88267,2484537444
88268,385598
88301,2276868037
88310,1106446660
88311,6093866
88312,250523840
88314,121906940
88316,2769999347
88317,610756183
88318,3365714633
88321,2218978913
88323,300997
88324,100309709
88325,263135784
88330,3608979
88336,321106182
88337,103737273
88338,261103172
88339,1163128032
88340,1861944493
88341,257420719
88342,15112326
88343,681341983
88344,1719785231
88345,85471327
88346,155110377
88347,99461859
88348,26462815
88349,78507559
88350,368105818
88351,1714195656
88352,1274705625
88353,1797563368
88354,316196838
88355,45392
88401,2782093842
88410,1411443871
88411,710428060
88414,11506159
88415,3119394774
88416,183578277
88417,333448401
88418,1315589219
88419,2381186342
88421,485496125
88422,624860874
88424,2216379714
88426,1823288472
88427,533150195
88430,951796455
88431,542744383
88434,969744948
88435,4730531126
88436,341891358
89001,5368076845
89002,23049161
89003,809262053
89004,113635886
89005,318007521
89007,857523283
89008,5628978730
89010,1046957968
89011,42798546
89012,27970081
89013,2244914038
89014,19621870
89015,96990479
89017,1100420652
89018,145450471
89019,1238137531
89020,894671465
89021,105783991
89022,447437739
89025,1687129764
89026,69212999
89027,76388924
89029,243874207
89030,24280662
89031,24609393
89032,26618002
89039,213527913
89040,1351280547
89042,368048195
89043,4501218126
89044,81182984
89045,3095899408
89046,2236025465
89047,14116705
89048,198443437
89049,4519443952
89052,134590848
89054,12980233
89060,1197995991
89061,188319111
89074,23239040
89081,19285895
89084,28364903
89085,1320045
89086,17525843
89101,13853596
89102,13886218
89103,17353979
89104,14684476
89106,13709040
89107,14155217
89108,23228110
89109,11533832
89110,28762570
89113,28867710
89115,64684567
89117,23643852
89118,27401046
89119,33503064
89120,18039684
89121,23875454
89122,23441568
89123,27581005
89124,3527363183
89128,15541231
89129,25919201
89130,19817876
89131,41527606
89134,17159190
89135,118109504
89138,11070470
89139,27476964
89141,27650472
89142,12331929
89143,8860941
89144,10167622
89145,11895150
89146,12424032
89147,19189751
89148,31921070
89149,31113191
89156,84124210
89161,49591555
89166,500189711
89169,8789057
89178,49494391
89179,308426937
89183,18153004
89191,17539012
89301,5067614429
89310,7744299683
89311,550144612
89314,429023609
89316,3994910125
89317,242935787
89318,72849524
89319,27374403
89402,269198
89403,522876238
89404,593682116
89405,1146262384
89406,4035823381
89408,385155354
89409,1139077595
89410,450570463
89411,58896816
89412,7588438763
89413,40901079
89414,2280630541
89415,784954335
89418,703568333
89419,1194581680
89420,79628566
89421,2164332573
89422,1140423748
89423,179364210
89424,648339754
89425,1842120827
89426,827584526
89427,632698050
89428,3204324
89429,436544795
89430,102153833
89431,25073923
89433,40223773
89434,77437802
89436,105715940
89438,121096405
89439,37759404
89440,37297099
89441,107495093
89442,413747031
89444,765783332
89445,10130670052
89446,12053800
89447,1977134420
89448,31812839
89449,25981412
89450,73468
89451,65529955
89460,140397218
89501,1641361
89502,57494108
89503,16809306
89506,244761307
89508,413461020
89509,23187749
89510,2678844450
89511,386138471
89512,16335993
89519,20176080
89521,198680675
89523,48802473
89701,86222429
89702,514510
89703,65710783
89704,198227650
89705,111772457
89706,82240931
89801,4514073919
89815,1630284542
89820,5614345291
89821,949853576
89822,1495399330
89823,983655656
89825,108914483
89826,228130527
89828,337529416
89830,2024877770
89831,542642008
89832,343449015
89833,1298129093
89834,2338112990
89835,6601005406
89883,775506205
90001,9071080
90002,7930600
90003,9197656
90004,7894546
90005,2807571
90006,4972230
90007,6389828
90008,9513271
90010,1184454
90011,11100444
90012,8371082
90013,1737691
90014,733432
90015,4430397
90016,9394077
90017,1881073
90018,7500326
90019,10070058
90020,2927469
90021,5362533
90022,11351567
90023,10940479
90024,7605993
90025,6653736
90026,10940036
90027,21067103
90028,3947894
90029,3526890
90031,8944273
90032,12347327
90033,8462433
90034,8059571
90035,5304328
90036,6398101
90037,7348156
90038,4057196
90039,9765083
90040,14454281
90041,9343823
90042,12056805
90043,10698830
90044,13303685
90045,27794039
90046,14981242
90047,12253263
90048,4884093
90049,38899025
90056,4090960
90057,2293701
90058,15040765
90059,8583765
90061,6893889
90062,5015325
90063,8475617
90064,10389030
90065,13672047
90066,12745929
90067,849910
90068,20067684
90069,5475734
90071,319156
90073,878300
90077,18991437
90079,25585
90089,742760
90090,608274
90094,1578966
90095,1029086
90201,15380564
90210,26222771
90211,1813976
90212,2474284
90220,17896754
90221,13812361
90222,6660914
90230,11678894
90232,5454729
90240,7626053
90241,12752233
90242,11788938
90245,14148731
90247,9723632
90248,12157529
90249,7712632
90250,17338421
90254,3695130
90255,9627914
90260,6937142
90262,12513755
90263,585122
90265,279145669
90266,10187100
90270,3267531
90272,59133975
90274,31192778
90275,35024775
90277,9270852
90278,9340679
90280,18920698
90290,51923197
90291,6471347
90292,5272859
90293,7403896
90301,6416791
90302,4903586
90303,5767487
90304,4057535
90305,5986290
90401,2197992
90402,5189910
90403,3697682
90404,5161103
90405,6852169
90501,14660000
90502,5789198
90503,13740333
90504,11533723
90505,14841094
90506,406216
90601,29370520
90602,9629115
90603,8476266
90604,11035145
90605,14637923
90606,9797755
90620,16564001
90621,10757469
90623,4693902
90630,15866609
90631,36001834
90638,20378743
90640,21988046
90650,25408311
90660,20070923
90670,21919648
90680,6999134
90701,4221864
90703,22745207
90704,193706490
90706,15820245
90710,6097000
90712,11095697
90713,8790936
90715,4406158
90716,2410205
90717,5130726
90720,15851707
90723,12135057
90731,25075340
90732,8874377
90740,22740707
90742,477323
90743,214613
90744,21809221
90745,21515118
90746,15106975
90747,16629
90755,5642323
90802,16797105
90803,10444943
90804,5475388
90805,19081527
90806,8914556
90807,15121921
90808,17801231
90810,17343010
90813,8311799
90814,3508121
90815,18452397
90822,420822
90831,107160
91001,21378893
91006,16362391
91007,14397301
91008,5250121
91010,18234629
91011,30701344
91016,21985505
91020,1947957
91024,7643251
91030,8840104
91040,21245970
91042,129204690
91046,25915
91101,3444756
91103,13967416
91104,9856476
91105,9561935
91106,7627887
91107,21313281
91108,9872418
91201,6095218
91202,5308486
91203,2119997
91204,2911116
91205,4897460
91206,15234182
91207,11760311
91208,17875568
91210,114007
91214,19545322
91301,88237054
91302,69177013
91303,5603111
91304,24361078
91306,10718162
91307,20872713
91311,83075509
91316,12968537
91320,47236276
91321,67039331
91324,11368525
91325,12496663
91326,21135320
91330,872534
91331,22928471
91335,17002112
91340,8757198
91342,143234552
91343,15310098
91344,42520140
91345,8393841
91350,43900256
91351,24789123
91352,30330391
91354,22598244
91355,40136569
91356,18996189
91360,37438680
91361,86798702
91362,50842157
91364,19681728
91367,19245922
91371,634412
91377,13708289
91381,97423631
91384,281162718
91387,128264887
91390,370680083
91401,8940960
91402,9652839
91403,9404030
91405,8572703
91406,21061181
91411,5289780
91423,11300288
91436,14749367
91501,10288752
91502,3477885
91504,12783289
91505,13054460
91506,6339999
91601,6864645
91602,5304775
91604,13340190
91605,14152243
91606,8631193
91607,6318334
91608,1549249
91701,18880010
91702,438597853
91706,34801256
91708,24583983
91709,88542176
91710,55764539
91711,38850806
91722,10696540
91723,6018050
91724,16154149
91730,37506977
91731,9880565
91732,11947531
91733,17298079
91737,21669385
91739,76144765
91740,12894751
91741,38399497
91744,22762551
91745,33172767
91746,14432193
91748,37465305
91750,65386620
91752,39081685
91754,11744866
91755,8046591
91759,212983936
91761,75507488
91762,35328480
91763,13411639
91764,20818480
91765,49001345
91766,26337187
91767,14540826
91768,22412975
91770,16635936
91773,37049899
91775,7944764
91776,8819290
91780,9910609
91784,23847636
91786,23191122
91789,40485848
91790,14952172
91791,17196165
91792,9938181
91801,11286788
91803,8459224
91901,231433351
91902,22597016
91905,170539028
91906,273319742
91910,31688882
91911,30473931
91913,26418428
91914,16300574
91915,19709965
91916,103068295
91917,94271311
91931,37465780
91932,6836904
91934,120948436
91935,250235219
91941,20897058
91942,15175221
91945,10162859
91948,51184548
91950,19715735
91962,133696209
91963,87211559
91977,25035312
91978,17446301
91980,9281139
92003,45025440
92004,1797600807
92007,6360134
92008,26692426
92009,32964440
92010,21072914
92011,17612342
92014,15646083
92019,71820217
92020,28862520
92021,76997808
92024,43870214
92025,57270389
92026,96393330
92027,163364740
92028,244460299
92029,61216828
92036,462894465
92037,33842473
92040,166526750
92054,30979944
92055,254865620
92056,32241027
92057,39107063
92058,72757091
92059,72120892
92060,180316840
92061,102826714
92064,106033614
92065,427808835
92066,51378278
92067,58338730
92069,42610297
92070,344913504
92071,45534967
92075,9172784
92078,43196267
92081,22990914
92082,318281273
92083,14413608
92084,67771250
92086,570899209
92091,1690148
92101,12218126
92102,12008563
92103,9755535
92104,9808403
92105,14432262
92106,14645917
92107,8123931
92108,11404151
92109,19678061
92110,12591848
92111,21913836
92113,13640108
92114,21336483
92115,16836875
92116,8895045
92117,22756759
92118,20195997
92119,17724953
92120,17524461
92121,31744014
92122,41297719
92123,21199600
92124,27420658
92126,32683369
92127,57149230
92128,28967730
92129,36406553
92130,47814705
92131,65240748
92132,83674
92134,466014
92135,1225180
92139,9370154
92140,1681536
92145,8672995
92147,245197
92154,96266359
92155,581698
92173,13075303
92201,58669991
92203,45347650
92210,33811903
92211,38994251
92220,321744030
92222,4094711
92223,112494760
92225,1551499820
92227,1401355120
92230,39619252
92231,147326120
92233,390193476
92234,40747434
92236,56673059
92239,371460440
92240,94745056
92241,357734625
92242,81467326
92243,285488979
92249,55533713
92250,1073897988
92251,516782190
92252,232863466
92253,90610570
92254,120925221
92256,202433779
92257,1926587431
92258,27385172
92259,838948068
92260,73542107
92262,95021528
92264,135016223
92266,843805680
92267,42219218
92268,208967045
92270,69087056
92273,18067023
92274,463280163
92275,161781933
92276,75942968
92277,3613079269
92278,2069557
92280,430161961
92281,36940934
92282,189648003
92283,1925346359
92284,285478771
92285,442933730
92301,441772800
92304,106622783
92305,259109364
92307,440556287
92308,241462901
92309,414960442
92310,7751671
92311,643162811
92313,9025540
92314,79816009
92315,32840083
92316,28494384
92320,27513252
92321,16848290
92322,7740198
92324,76992017
92325,26282475
92327,73208026
92328,1824324111
92332,2317626714
92333,10813397
92335,44943462
92336,64485907
92337,36077357
92338,625679101
92339,27378465
92341,18302540
92342,273168085
92344,99719873
92345,212463064
92346,65972652
92347,380620607
92352,24986797
92354,12649749
92356,1019848965
92358,51241451
92359,43374334
92363,512530434
92364,1331749699
92365,447182674
92368,72328012
92371,361810123
92372,72204250
92373,105533472
92374,48294967
92376,35062482
92377,27025576
92378,2146361
92382,39045764
92384,362659224
92385,21792317
92386,4966064
92389,356690343
92391,6012002
92392,96674875
92394,70769925
92395,45144344
92397,26788305
92398,72596994
92399,137360952
92401,2239932
92404,74025933
92405,12237965
92407,164512757
92408,27720402
92410,21075392
92411,10974752
92501,14751626
92503,77488371
92504,60642602
92505,31656018
92506,41955294
92507,52363849
92508,27766000
92509,80573233
92518,30769450
92530,139566982
92532,46763748
92536,323139405
92539,340131977
92543,45646410
92544,351548840
92545,83558361
92548,25459148
92549,71172788
92551,15164674
92553,26233018
92555,208971557
92557,48655720
92561,410401911
92562,283357903
92563,52367592
92567,76382861
92570,252029682
92571,58480030
92582,48567920
92583,73762593
92584,77247583
92585,52603343
92586,18285222
92587,20473208
92590,138374509
92591,42650688
92592,251766372
92595,54523551
92596,158618267
92602,26912799
92603,34243324
92604,8732242
92606,12481064
92610,25453027
92612,15723421
92614,11483172
92617,6224681
92618,54816874
92620,18282322
92624,3597428
92625,6656720
92626,25196134
92627,16510516
92629,13027077
92630,24678183
92637,9148488
92646,21217289
92647,20066874
92648,20822801
92649,19801436
92651,50398881
92653,17362018
92655,1635781
92656,21314845
92657,19138285
92660,25305609
92661,1692468
92662,539404
92663,8569713
92672,20595989
92673,30032612
92675,90446469
92676,171983209
92677,43250478
92678,39036771
92679,58717924
92683,25912444
92688,28087430
92691,22798303
92692,25515193
92694,24590301
92701,8464665
92703,10693230
92704,19454210
92705,29924237
92706,9161339
92707,12964194
92708,23699398
92780,18157777
92782,8712511
92801,16253377
92802,11780774
92804,18154835
92805,16355806
92806,20085661
92807,28727996
92808,13178869
92821,27350192
92823,27656816
92831,15479163
92832,7260663
92833,18958705
92835,15597020
92840,13474137
92841,11593878
92843,10081217
92844,5497175
92845,5637421
92860,36257259
92861,5442138
92865,9863756
92866,5003333
92867,20593345
92868,8638279
92869,23980756
92870,17547396
92879,26002756
92880,64406762
92881,71606068
92882,66654088
92883,144238303
92886,38621715
92887,24725942
93001,531348897
93003,53298189
93004,18246262
93010,57323552
93012,136552353
93013,147485074
93015,198300496
93021,121768667
93022,11968225
93023,699669072
93030,36315169
93033,75920704
93035,10501588
93036,40401274
93040,182842889
93041,28754806
93042,58634146
93043,1247667
93060,307985702
93063,85387266
93064,14689044
93065,82011687
93066,107695425
93067,1526378
93101,8883412
93103,13576719
93105,251560737
93108,54910935
93109,8766871
93110,27314074
93111,20997926
93117,440497367
93201,200277154
93202,2054911
93203,556191597
93204,154403182
93205,149169000
93206,387290697
93207,150384361
93208,152694937
93210,1998457339
93212,274749139
93215,367584906
93218,166821547
93219,251932450
93220,68289012
93221,340896475
93222,73946437
93223,6407716
93224,57980468
93225,459119917
93226,242457101
93230,680301406
93234,207563465
93235,7462376
93238,327195883
93239,165520111
93240,193725754
93241,10684380
93242,106403246
93243,389370993
93244,176200134
93245,305278754
93247,196107681
93249,577543096
93250,219047818
93251,346201538
93252,1759140148
93254,353709042
93255,560044152
93256,206901719
93257,1152578647
93258,1120565
93260,85153868
93261,21992676
93262,232665619
93263,234634390
93265,968782648
93266,144335275
93267,194694074
93268,108700093
93270,160013744
93271,983232393
93272,216931322
93274,554467720
93276,1774193
93277,103592342
93280,834422465
93283,529108061
93285,122157660
93286,221279933
93287,144747488
93291,219156113
93292,281507807
93301,10828997
93304,19670092
93305,15370440
93306,228145064
93307,359732012
93308,818379701
93309,27502076
93311,438936600
93312,39400902
93313,258189946
93314,256293823
93401,181064906
93402,75349224
93405,227342798
93410,216167
93420,485247212
93422,156720107
93424,6817301
93426,549694794
93427,144977052
93428,199437249
93429,19273593
93430,187119486
93432,233218611
93433,5611296
93434,85491838
93436,567305160
93437,100464483
93440,104117643
93441,142142910
93442,116210083
93444,178377917
93445,43515486
93446,1083101435
93449,25896124
93450,439638201
93451,1321331828
93452,295534633
93453,1613156199
93454,1105992669
93455,280010588
93458,71313757
93460,319602032
93461,917146563
93463,78210870
93465,227987216
93501,424406527
93505,202610962
93510,186246420
93512,327426744
93513,1665454002
93514,2889847536
93516,49915045
93517,1536149075
93518,772164836
93519,204741872
93522,119666224
93523,252296162
93524,5312088
93526,354196874
93527,1412651996
93528,9925157
93529,79303937
93530,1976115
93531,88879336
93532,294280874
93534,46047647
93535,668236667
93536,629240445
93541,693501441
93543,153856854
93544,283698165
93545,276702336
93546,446162502
93549,868895189
93550,508058758
93551,189434420
93552,125543661
93553,223992784
93554,191856623
93555,211283432
93558,9479556
93560,412930577
93561,684069034
93562,102445843
93563,104088756
93591,213357201
93592,408999469
93601,115619197
93602,371953301
93603,112705912
93604,364342967
93605,1078644
93606,389065
93608,282247669
93609,159209315
93610,704983960
93611,28872327
93612,16936957
93614,297469860
93615,43328928
93616,35932433
93618,172598711
93619,462799337
93620,452430276
93621,171617472
93622,918277534
93623,79852851
93624,290192571
93625,64025067
93626,257888554
93627,92352753
93628,92946709
93630,403159296
93631,207749058
93633,54320450
93634,3068400357
93635,678121650
93636,506384625
93637,700608415
93638,245586084
93640,292785665
93641,82701732
93643,322495753
93644,240255065
93645,138498795
93646,110347822
93647,276777786
93648,59395866
93650,1833200
93651,74389135
93652,5346999
93653,614773905
93654,255382397
93656,284519865
93657,553160561
93660,210354296
93662,204057737
93664,496531887
93665,2187206
93666,968552
93667,288439622
93668,87172614
93669,17625474
93673,2154155
93675,204126315
93701,3924010
93702,13643077
93703,12243429
93704,14197053
93705,12590426
93706,423169006
93710,18102905
93711,29213964
93720,25684065
93721,5309903
93722,49805284
93723,110427934
93725,169540587
93726,16303388
93727,83856340
93728,7922018
93730,20639305
93901,37861577
93905,24099177
93906,33867693
93907,139761313
93908,555927018
93920,955396832
93921,2311288
93923,334039853
93924,491763168
93925,140923154
93926,153451404
93927,683430035
93928,49504330
93930,935233664
93932,260812519
93933,33173296
93940,53075238
93943,439352
93950,7415666
93953,20840616
93954,94935973
93955,73140911
93960,528427613
93962,316377
94002,14631808
94005,11369399
94010,30657138
94014,16319653
94015,14880539
94019,136219897
94020,144425832
94021,11758906
94022,45249147
94024,18945855
94025,30993791
94027,13449446
94028,39375432
94030,8774830
94037,14952792
94038,4081755
94040,9506548
94041,3966212
94043,27648208
94044,37974787
94060,188962344
94061,10001936
94062,183648496
94063,17140261
94065,5911112
94066,15881290
94070,15867445
94074,48039797
94080,26787714
94085,9051987
94086,11626845
94087,17047998
94089,15517488
94102,1732577
94103,3518047
94104,200857
94105,942025
94107,4647665
94108,698151
94109,3077724
94110,6019827
94111,891134
94112,8720166
94114,3692567
94115,2889809
94116,6699058
94117,4373050
94118,5047718
94121,7980073
94122,6124844
94123,2646572
94124,12765980
94127,4585709
94128,9125844
94129,5968455
94130,2281270
94131,5379947
94132,8078894
94133,1955594
94134,6210550
94158,1800349
94301,6143848
94303,20642378
94304,16834268
94305,13405889
94306,10846360
94401,8261338
94402,12606535
94403,14618008
94404,11129902
94501,20529640
94502,6942424
94503,33465482
94505,41074727
94506,48524395
94507,32877300
94508,45184716
94509,42402610
94510,72087282
94511,13568322
94512,52217901
94513,196338427
94514,74477486
94515,273626097
94516,2264993
94517,148308740
94518,14089627
94519,11363915
94520,25389920
94521,33601240
94523,18744345
94525,6090703
94526,38671249
94528,6072656
94530,12525919
94531,28347935
94533,55945847
94534,205070060
94535,9872143
94536,37763763
94538,42661534
94539,65908167
94541,19179770
94542,14763850
94544,28380423
94545,55805053
94546,24763035
94547,14112537
94548,7155285
94549,49744388
94550,602380528
94551,203680388
94552,116643435
94553,125805723
94555,30084594
94556,31639821
94558,922258124
94559,94742945
94560,35641547
94561,44034379
94563,44733752
94564,14332005
94565,77788781
94566,50827025
94567,340358580
94568,39683755
94569,6127540
94571,304667938
94572,11232289
94573,2577621
94574,330686459
94575,432193
94576,957350
94577,21110353
94578,11622042
94579,8100077
94580,8922643
94582,33799149
94583,38484363
94585,291155316
94586,150828029
94587,51073159
94588,82377323
94589,29766700
94590,15383633
94591,56219135
94592,10962855
94595,13934238
94596,15430104
94597,10127435
94598,39420277
94599,7130589
94601,8410544
94602,8560762
94603,8448443
94605,23195655
94606,5924366
94607,15259818
94608,7068476
94609,4424427
94610,5651461
94611,27334205
94612,2214198
94613,657982
94618,6290284
94619,40534193
94621,20137720
94702,3299728
94703,3460983
94704,2764993
94705,8588842
94706,3805872
94707,4380232
94708,8789740
94709,1522493
94710,5575229
94720,1610581
94801,28976858
94803,30244115
94804,16054311
94805,5134556
94806,21582175
94850,213582
94901,34069196
94903,51929933
94904,18751824
94920,16921270
94922,31918714
94923,55431790
94924,59839415
94925,8184887
94928,19952604
94929,2749904
94930,41379410
94931,16452962
94933,2835007
94937,107743153
94938,27406974
94939,5541522
94940,58977902
94941,57612974
94945,68422745
94946,113162654
94947,58776404
94949,38329900
94950,22279973
94951,37958391
94952,466866768
94954,160563832
94956,151282606
94957,2955611
94960,15366752
94963,6894493
94964,1003583
94965,34933255
94970,17981611
94971,32062017
94972,29959648
94973,10318683
95002,30730806
95003,90933621
95004,47012512
95005,30930586
95006,138514612
95007,1482253
95008,16767507
95010,3554603
95012,38655719
95013,3902509
95014,70262114
95017,129537468
95018,48691324
95019,3149324
95020,404073061
95023,1067524299
95030,26771368
95032,41492259
95033,237099115
95035,60562418
95037,632333657
95039,38207065
95041,104882
95043,2223657268
95045,122991770
95046,50522325
95050,13660089
95051,17231269
95053,442331
95054,16142405
95060,175665448
95062,13071420
95064,4857963
95065,28981484
95066,49076269
95070,65938187
95073,54910752
95075,240884656
95076,353534852
95110,12096160
95111,14045118
95112,18367128
95113,880605
95116,9300865
95117,6649504
95118,10563920
95119,7340217
95120,102915803
95121,11472268
95122,12314698
95123,21478679
95124,16952704
95125,20703117
95126,8513225
95127,33661682
95128,10102487
95129,11698772
95130,4010275
95131,15107992
95132,133123583
95133,8275851
95134,26076146
95135,78405874
95136,12072093
95138,66333662
95139,3186352
95140,320149659
95148,24389354
95202,2791925
95203,15980382
95204,13212047
95205,23539110
95206,375476245
95207,18812553
95209,21710374
95210,17147038
95211,400615
95212,55851983
95215,245228238
95219,146763979
95220,149078428
95222,391338708
95223,744376633
95224,29435667
95225,18137107
95226,14617858
95227,96155179
95228,276640022
95230,307502624
95231,27431411
95232,20456413
95233,18136672
95234,86937907
95236,279862204
95237,20680728
95240,214205944
95242,248733304
95245,177272685
95246,135094340
95247,107956611
95248,82390640
95249,217043273
95250,27565923
95251,28474888
95252,317189053
95254,14380344
95255,115517997
95257,39369200
95258,8347364
95301,161469616
95303,100938841
95304,413068534
95305,36939205
95306,354278487
95307,86756637
95310,102418964
95311,620508236
95312,2538604
95313,133385200
95314,65080482
95315,47274781
95316,172305969
95317,137230236
95318,102413288
95319,1614497
95320,229555980
95321,453620625
95322,451525841
95323,77375246
95324,107260720
95325,105427319
95326,71131618
95327,406871797
95328,2633495
95329,280264418
95330,55731827
95333,302204740
95334,145076457
95335,109015963
95336,99192700
95337,117664469
95338,881451136
95340,102899025
95341,387402368
95345,82765689
95346,15550438
95348,123048066
95350,23058883
95351,23008778
95354,18897797
95355,24550538
95356,58864049
95357,103185443
95358,308249107
95360,866786735
95361,599935925
95363,305162639
95364,704404697
95365,39294026
95366,89082581
95367,11495006
95368,8562432
95369,412609668
95370,267238462
95372,6939121
95374,120649628
95375,7889386
95376,19764163
95377,279820168
95379,139586744
95380,194430328
95382,27259328
95383,202924423
95385,64076857
95386,220640708
95387,300524294
95388,100434683
95389,611413933
95391,61486783
95401,53419803
95403,57047838
95404,207150307
95405,14183980
95407,58754956
95409,99427680
95410,103240723
95412,221922970
95415,143205896
95417,195095308
95420,5194881
95421,561075409
95422,91268918
95423,266435961
95425,532842309
95426,52527184
95427,180426072
95428,583321046
95429,103509122
95430,615328
95431,196636
95432,188871545
95435,399529
95436,59514167
95437,253225843
95439,7091876
95441,264009294
95442,63227763
95443,10840825
95444,700877
95445,221558995
95446,85259962
95448,487390800
95449,338228739
95450,71095011
95451,249163409
95452,37217805
95453,216804486
95454,691600072
95456,26094862
95457,384438574
95458,126891457
95459,173713738
95460,70740085
95461,324260171
95462,15212937
95463,29224938
95464,8609861
95465,108040466
95466,243535183
95467,25493122
95468,168829010
95469,452411202
95470,213769242
95471,3734366
95472,179074620
95476,290075350
95482,805124622
95485,271333503
95486,50165
95488,229779502
95490,1016865610
95492,49285958
95493,11734811
95494,266620409
95497,41786077
95501,18239475
95503,223890943
95511,151221977
95514,224546052
95519,147243842
95521,138969608
95524,27058081
95525,216000735
95526,285110184
95527,356408698
95528,265704957
95531,505275218
95536,381215566
95537,461652
95540,71917459
95542,511775641
95543,264007197
95545,124172425
95546,353796197
95547,19536349
95548,225914802
95549,290942309
95550,349467908
95551,110251497
95552,1397847009
95553,153386391
95554,130064713
95555,222595134
95556,354780589
95558,520170830
95559,46757720
95560,86366993
95562,63713483
95563,155965110
95564,8552555
95565,86134872
95567,161957622
95568,211169801
95569,160205757
95570,61407327
95571,1949907
95573,311240039
95585,141182454
95587,33678045
95589,483315447
95595,634044547
95601,4538441
95602,127846518
95603,101090941
95604,1037384
95605,10099862
95606,94174746
95607,347474426
95608,33707813
95610,20283289
95612,143736946
95614,91938300
95615,60133051
95616,71375441
95618,90471641
95619,15567517
95620,623586872
95621,17591424
95623,135571999
95624,113923492
95625,2991426
95626,59952998
95627,133371535
95628,33244953
95629,120435535
95630,71696352
95631,394318317
95632,287137091
95633,106862141
95634,210117597
95635,52523403
95636,300279548
95637,54725476
95638,203798663
95639,11714176
95640,298849008
95641,115564036
95642,171623776
95645,331695506
95646,9934020
95648,367041208
95650,63859751
95651,30057281
95652,9828225
95653,13137517
95655,24637390
95658,64262555
95659,129623120
95660,16140098
95661,23331391
95662,27969371
95663,20701831
95664,97732411
95665,52545528
95666,144316708
95667,448566278
95668,157250699
95669,228756596
95670,32683679
95672,58240167
95673,41915524
95674,82991177
95675,1785214
95677,22960479
95678,28068429
95679,118888904
95680,5206955
95681,44649367
95682,210164271
95683,235121116
95684,376581954
95685,127865775
95686,70581548
95687,112695976
95688,210259982
95689,71870748
95690,148353322
95691,107646487
95692,140725059
95693,162731644
95694,386412288
95695,368209907
95697,600257
95698,111327345
95699,10517842
95701,86311903
95703,11530798
95709,57820122
95713,184455417
95714,8708609
95715,67484373
95717,26466099
95720,313595748
95721,32453175
95722,28296623
95724,3088651
95726,192433272
95728,32158302
95735,56102478
95736,648269
95742,128896403
95746,45688368
95747,121049374
95757,156581965
95758,33234819
95762,107122107
95765,31917233
95776,239376174
95811,7363084
95814,3616894
95815,20464690
95816,5301375
95817,5933964
95818,9901454
95819,8855232
95820,13453323
95821,18523527
95822,21892200
95823,30571512
95824,10518248
95825,12212465
95826,29579610
95827,19972077
95828,31909691
95829,53821803
95830,33562312
95831,18199579
95832,21652502
95833,20254632
95834,25784176
95835,23131540
95837,46722267
95838,23526422
95841,10555761
95842,10156379
95843,16701345
95864,16397928
95901,509077848
95903,37751079
95910,88769694
95912,467601921
95914,37956864
95915,58437116
95916,250762182
95917,178476101
95918,178765173
95919,64005516
95920,178912998
95922,162637794
95923,25728581
95925,86259090
95926,19815706
95928,356001250
95930,43478162
95932,321610734
95934,53897965
95935,61152463
95936,271773225
95937,131738003
95938,186081558
95939,792185017
95941,40931905
95942,144790964
95943,163942687
95944,130825646
95945,166346457
95946,108410141
95947,338122417
95948,202077004
95949,361463918
95950,132069191
95951,47587858
95953,294622903
95954,184120895
95955,318562738
95956,175422644
95957,180968164
95959,642097342
95960,125064715
95961,118539845
95962,76942457
95963,791773198
95965,829401121
95966,476708353
95968,4007988
95969,152926393
95970,121264502
95971,262089878
95973,861894951
95974,21744218
95975,24266536
95977,101340716
95978,16384463
95979,736634712
95981,106307255
95982,114902211
95983,305286082
95984,85943968
95986,21262917
95987,866929438
95988,804297499
95991,105392463
95993,221544705
96001,227815566
96002,78346878
96003,615250656
96006,418524963
96007,335720890
96008,94135652
96009,570891898
96010,1041435980
96011,826335789
96013,595068403
96014,343760896
96015,626753055
96016,109061801
96017,378404167
96019,28340575
96020,103553748
96021,617888291
96022,626855767
96023,647182805
96024,462460261
96025,237598546
96027,1233598444
96028,433408321
96029,90316096
96031,918054615
96032,1179786313
96033,366776278
96034,286051931
96035,118892911
96037,10391118
96038,46183902
96039,1613379713
96040,319038480
96041,852326491
96044,365068194
96046,464561191
96047,533254253
96048,397576935
96049,41030630
96050,741047757
96051,801678729
96052,199643776
96054,330848636
96055,162764715
96056,873687185
96057,819170169
96058,1126469236
96059,203378113
96061,106890710
96062,188849956
96063,31030918
96064,1241069243
96065,219507200
96067,352060847
96068,103808800
96069,229493494
96071,207637729
96073,115302065
96074,259310697
96075,178157756
96076,536260956
96080,1585291047
96084,272760883
96085,193310664
96086,665221214
96087,202710258
96088,407825092
96090,2660996
96091,1171256233
96092,128063013
96093,151928213
96094,640763206
96096,294944133
96097,493966592
96101,1513953863
96103,325585045
96104,546543246
96105,655914968
96106,60629611
96107,230266105
96108,512681318
96109,512579386
96110,423756529
96111,86868461
96112,328271211
96113,17706573
96114,176072783
96115,257927052
96116,650134215
96117,846100681
96118,525224306
96119,419945160
96120,545610021
96121,86706987
96122,158773202
96123,529611918
96124,149405796
96125,256197725
96126,229753316
96128,81365019
96129,244500847
96130,1242997740
96132,1005924231
96133,32925787
96134,859149352
96135,86188705
96136,383890180
96137,125365200
96140,12168154
96141,31060989
96142,52336802
96143,14252107
96145,96405549
96146,54207259
96148,3521555
96150,319971326
96155,95941514
96161,470961608
96701,48968386
96703,48480530
96704,738016977
96705,7534087
96706,44238876
96707,112345159
96708,252977460
96710,99135696
96712,53632346
96713,271036531
96714,202836664
96716,278307669
96717,64449776
96719,52886725
96720,775606145
96722,14420780
96725,203206630
96726,77692350
96727,325799094
96728,9506025
96729,108269994
96730,2739022
96731,50247217
96732,25135581
96734,56364548
96737,333256091
96738,232200645
96740,612324500
96741,71389090
96742,31057603
96743,963002968
96744,89316626
96746,132868392
96747,6704077
96748,318183610
96749,162781880
96750,483332312
96751,1000159
96752,10418465
96753,84485466
96754,107411119
96755,150169427
96756,63917094
96757,39794096
96759,15426969
96760,44922255
96761,200113430
96762,31223942
96763,365360725
96764,114749963
96765,2759853
96766,219894213
96768,110579903
96769,193434451
96770,177285639
96771,238399873
96772,835290208
96773,90153057
96774,100713977
96776,174684465
96777,451235935
96778,696949951
96779,21774423
96780,7722731
96781,104368203
96782,45526333
96783,50575776
96785,671710629
96786,212348407
96789,70652263
96790,586785136
96791,96578187
96792,158183357
96793,177903792
96795,28892048
96796,119532951
96797,88894925
96799,197672934
96813,8905844
96814,3225409
96815,4963318
96816,25614563
96817,24049564
96818,29707954
96819,56664953
96821,29889262
96822,21240585
96825,29041468
96826,2760682
96850,56774
96853,239948
96857,1210238
96859,294633
96860,865200
96863,73298
96910,39159954
96913,63776801
96915,212399169
96916,8146139
96917,46482162
96921,469602
96928,1189071
96929,171450561
96932,482388
96950,118890997
96951,85096798
96952,101224486
97001,771862222
97002,110820701
97004,113396534
97005,13754248
97006,30455867
97007,69262611
97008,12834672
97009,79224495
97011,15174978
97013,147222828
97014,92824482
97015,22833623
97016,596922546
97017,112425457
97018,2078661
97019,151954053
97020,370437
97021,636724475
97022,63943508
97023,330220932
97024,9073064
97026,92524187
97027,6565591
97028,98479696
97029,628761535
97030,19675031
97031,300976725
97032,47434838
97033,463904758
97034,19048366
97035,15607496
97037,1411093470
97038,323865443
97039,370718362
97040,135653011
97041,299234926
97042,58083276
97045,223627843
97048,217708679
97049,397984852
97050,19999109
97051,124972536
97053,35797656
97054,124597857
97055,305075697
97056,253321247
97057,1740852
97058,894267505
97060,45606716
97062,35973321
97063,337754325
97064,253603361
97065,649849371
97067,113145497
97068,58171949
97070,49440508
97071,135989409
97080,55846919
97086,27297189
97089,56398131
97101,143631421
97102,16199558
97103,385534185
97106,120941811
97107,36293743
97108,197580324
97109,84670882
97110,8503657
97111,100494685
97112,271593308
97113,92072841
97114,148378941
97115,30773077
97116,187002054
97117,90977628
97118,2642672
97119,224164190
97121,10740500
97122,76272790
97123,139124967
97124,111822191
97125,13530297
97127,2294149
97128,276674871
97130,8110792
97131,279691272
97132,161691284
97133,181550422
97134,1230974
97135,11099128
97136,52901636
97137,108062462
97138,330159406
97140,113227132
97141,575779194
97144,37015438
97145,9222614
97146,54870554
97147,1813100
97148,195368556
97149,66613650
97201,5260341
97202,16415365
97203,23131180
97204,643571
97205,2528335
97206,16924530
97208,62888
97209,2708459
97210,19527303
97211,18825861
97212,7069234
97213,10475714
97214,7269424
97215,5884269
97216,6569418
97217,33435930
97218,18096978
97219,30471206
97220,18611316
97221,11095765
97222,21925352
97223,30018259
97224,22981674
97225,17052596
97227,3510914
97229,53273337
97230,35938165
97231,166416738
97232,4861511
97233,11709200
97236,20001765
97239,9203294
97266,15645477
97267,18908034
97301,30013816
97302,61034648
97303,64590066
97304,144496798
97305,123484835
97306,86271132
97317,142352017
97321,175059043
97322,161415449
97324,455703434
97325,80425162
97326,379912723
97327,180881160
97329,91970536
97330,199673132
97331,834987
97333,300976498
97338,279893476
97341,19080212
97342,145107128
97343,390600373
97344,28608222
97345,98636193
97346,79557173
97347,111659218
97348,170853201
97350,219942126
97351,135715478
97352,112568743
97355,540441677
97357,42402297
97358,184461492
97360,59160012
97361,361982983
97362,61868874
97364,803892
97365,110883810
97366,27210382
97367,109295052
97368,142957200
97369,8042644
97370,375474042
97371,110905732
97373,297263
97374,332310412
97375,121487258
97376,165557921
97377,123977237
97378,300014119
97380,186948870
97381,281806286
97383,113905145
97384,18833
97385,105726362
97386,328625196
97388,7069099
97389,92340053
97390,285193603
97391,243833775
97392,111006263
97394,158152586
97396,134385257
97401,23744290
97402,179000983
97403,11071231
97404,25110014
97405,393774980
97406,305680699
97408,129755093
97410,321988890
97411,347408993
97412,219487880
97413,1398738895
97414,70338510
97415,385333890
97416,138555757
97417,51924120
97419,75740053
97420,615778736
97423,328824032
97424,596213305
97426,208143020
97429,235854572
97430,271961694
97431,108052906
97434,277174092
97435,250784783
97436,254138974
97437,57372933
97438,269029650
97439,457198582
97441,40992501
97442,216749901
97443,196489421
97444,423019113
97446,314239116
97447,307236424
97448,369209169
97449,115987497
97450,216573056
97451,106563898
97452,55794675
97453,282906453
97454,145440909
97455,62205672
97456,235471444
97457,420616101
97458,984147715
97459,264266567
97461,109579052
97462,534683048
97463,110776843
97465,237742784
97466,108126054
97467,658201500
97469,128506054
97470,447946927
97471,450491060
97473,132795772
97476,117464214
97477,32296735
97478,421822847
97479,164750716
97480,180043648
97481,19175377
97484,328374752
97486,169276779
97487,196180915
97488,266907645
97489,41022498
97490,267744159
97492,58777278
97493,141666185
97494,2427984
97495,19130090
97496,226149872
97497,381217629
97498,256317102
97499,344756669
97501,137570297
97502,245265145
97503,216197960
97504,121067109
97520,798374342
97522,234587153
97523,439089577
97524,802109809
97525,257199197
97526,364693970
97527,614053230
97530,938011235
97531,6623675
97532,154203318
97534,260647874
97535,8171378
97536,176476982
97537,308054717
97538,367905835
97539,56708467
97540,108198762
97541,523637488
97543,116369275
97544,421227786
97601,1437876020
97603,805224816
97604,193035878
97620,1613028260
97621,335325557
97622,425724653
97623,958321378
97624,1196835627
97625,140806412
97626,168775701
97627,72179948
97630,2110036082
97632,110983853
97633,76811616
97634,1489723
97635,116027578
97636,489014326
97637,489912387
97638,1228067654
97639,212412284
97640,1290827606
97641,1640904154
97701,1756497764
97702,212318076
97707,151284713
97710,2134677303
97711,666380616
97712,448611263
97720,2678819730
97721,4381666062
97722,1293687392
97730,34284011
97731,125736116
97732,222475878
97733,907875575
97734,397526019
97735,874590609
97736,1427423371
97737,67169140
97738,189565394
97739,538484111
97741,907973291
97750,993489905
97751,905603409
97752,394574538
97753,306551819
97754,3133468973
97756,292979518
97758,1503084778
97759,991749550
97760,250431345
97761,970865949
97801,1271871019
97810,521658213
97812,1225658659
97813,141434712
97814,1980930762
97817,345692419
97818,204613726
97819,116519616
97820,875639522
97823,1622065670
97824,565896585
97825,642331399
97826,822671859
97827,533093750
97828,1906723278
97830,1553156457
97833,228151510
97834,540420826
97835,487244266
97836,2399177754
97837,310545634
97838,425979420
97839,518245377
97840,295309663
97841,49834317
97842,1797501821
97843,914513682
97844,107532178
97845,168393615
97846,1946414577
97848,489961862
97850,749354755
97856,1117528729
97857,697083626
97859,207529912
97862,711973433
97864,845601847
97865,989156850
97867,352615122
97868,1145552227
97869,889699679
97870,338750629
97873,197994462
97874,593335633
97875,162386812
97876,163655483
97877,526131528
97880,810706447
97882,60982977
97883,693232303
97884,206023218
97885,780670420
97886,368695565
97901,257708794
97903,309262986
97904,1594289281
97905,536124589
97906,3199764016
97907,821162225
97908,915270106
97909,128607247
97910,13426345782
97911,1809838043
97913,1781025270
97914,662715873
97918,1111696051
97920,1201097779
98001,48186493
98002,18623538
98003,30121561
98004,18234168
98005,19461550
98006,27737341
98007,11351708
98008,14306577
98010,39122850
98011,21242314
98012,39692965
98014,117322742
98019,198160628
98020,13416002
98021,26195819
98022,1050784133
98023,26760270
98024,61952192
98026,24171210
98027,144548322
98028,14596748
98029,23182613
98030,18465395
98031,19436103
98032,43349099
98033,23850255
98034,23459969
98036,25065450
98037,14917916
98038,172191376
98039,3738581
98040,16530954
98042,73653688
98043,10578087
98045,872707638
98047,6254093
98050,8567888
98051,132338986
98052,52100188
98053,73473980
98055,12410305
98056,19483186
98057,15805193
98058,49006466
98059,51746747
98065,191837704
98068,687693585
98070,95660193
98072,46947835
98074,27631666
98075,24539173
98077,44884227
98087,14419093
98092,115049875
98101,1344746
98102,3346507
98103,12036140
98104,2004187
98105,10690460
98106,14260612
98107,5603295
98108,19392265
98109,5164478
98110,71520328
98112,8185302
98115,17056813
98116,7660583
98117,9982089
98118,16189671
98119,6311888
98121,1148471
98122,5992669
98125,13976304
98126,7930520
98133,18362733
98134,8736289
98136,5953967
98144,8802224
98146,12065903
98148,7977547
98154,9147
98155,19565746
98158,5900177
98164,9165
98166,14615431
98168,23031354
98174,9145
98177,14673006
98178,12549561
98188,19502754
98195,181173
98198,19968800
98199,10852489
98201,19360830
98203,27756391
98204,20792927
98205,49061631
98207,566402
98208,41881294
98220,52913591
98221,137446255
98222,17123094
98223,828279330
98224,510852819
98225,32780487
98226,277846889
98229,127104945
98230,113141908
98232,138684188
98233,87728508
98235,79407
98236,59283634
98237,827895600
98238,563363
98239,75803677
98240,53600820
98241,1059391945
98243,13302677
98244,1264612565
98245,82850408
98247,165025108
98248,183471838
98249,41032304
98250,160989148
98251,394735712
98252,692540189
98253,32248757
98255,1335450
98256,218598750
98257,47567738
98258,74733166
98260,68483505
98261,77214928
98262,23949596
98263,421009
98264,147674498
98266,62121893
98267,899432045
98270,37068873
98271,120655240
98272,282862565
98273,217911297
98274,365653833
98275,19535282
98276,514262
98277,146312091
98278,13631968
98279,36329356
98280,18493892
98281,12652764
98282,102983905
98283,1417745797
98284,731347165
98286,19933343
98288,547663681
98290,306758554
98292,193017329
98294,154988156
98295,74785249
98296,88185184
98297,11703380
98303,20545486
98304,890510598
98305,310452899
98310,15434262
98311,28155608
98312,159324154
98314,1383951
98315,28771275
98320,252715444
98321,93070206
98323,637859932
98325,77915059
98326,754263706
98327,17731672
98328,548846809
98329,66565522
98330,16895159
98331,2022256312
98332,53880092
98333,13451582
98335,56999441
98336,179087060
98337,2703186
98338,139359081
98339,14913438
98340,22512897
98342,6213571
98345,1307640
98346,71368316
98349,55144950
98350,8325687
98351,22207468
98353,2078858
98354,6213219
98355,491167186
98356,259126251
98357,109835782
98358,27655236
98359,36202710
98360,179822736
98361,1187467737
98362,567333996
98363,1639873668
98364,784263
98365,96209822
98366,59995033
98367,208651487
98368,137549166
98370,146583484
98371,29848718
98372,35319193
98373,24370008
98374,41071292
98375,25167631
98376,302879427
98377,550797361
98380,108566549
98381,174374037
98382,444717879
98383,46547959
98385,1216651
98387,73442224
98388,22897063
98390,25108753
98391,99818524
98392,4255300
98394,14474124
98396,35541281
98402,2410366
98403,2842380
98404,19697706
98405,10700034
98406,11055138
98407,14529508
98408,8790392
98409,18400388
98416,269808
98418,4359598
98421,17368053
98422,17189666
98424,16330006
98430,995565
98433,50966460
98438,2187105
98439,22608823
98443,13237074
98444,17419249
98445,27007494
98446,28479984
98447,149750
98465,4305766
98466,15347072
98467,11797703
98498,21784600
98499,23926610
98501,89213043
98502,140831296
98503,29225440
98506,57961184
98512,389994887
98513,153064561
98516,74195056
98520,618221821
98524,37010866
98526,225277040
98527,25988545
98528,189142214
98530,12922032
98531,354140655
98532,835025757
98533,311078851
98535,26498902
98536,158991170
98537,501634771
98538,273990830
98541,547738645
98542,35204961
98544,260229
98546,68581862
98547,157774146
98548,356290881
98550,554625261
98552,237436959
98555,53010906
98557,93307597
98558,327359
98559,40625
98560,148742276
98562,2538056
98563,946650071
98564,363231224
98565,1608802
98568,389065238
98569,37939909
98570,307777074
98571,22682483
98572,89594535
98575,262789091
98576,182744869
98577,991260524
98579,234511870
98580,364597400
98581,76045972
98582,18399477
98583,283656
98584,883509290
98585,57405298
98586,350850736
98587,74149532
98588,126474967
98589,238155659
98590,8022754
98591,299330636
98592,45647290
98593,34719506
98595,14139207
98596,231197079
98597,288991107
98601,176284655
98602,144837518
98603,302428807
98604,187574967
98605,111964413
98606,96943823
98607,121575546
98610,952578575
98611,323456785
98612,195833096
98613,239457797
98614,73242171
98616,537697206
98617,28777985
98619,386669811
98620,1260155373
98621,108850494
98624,87754761
98625,208630959
98626,353654555
98628,22763968
98629,100135335
98631,41816089
98632,335976442
98635,332245797
98638,437350439
98639,33150605
98640,53092249
98641,106518
98642,147645918
98643,94400696
98644,1823361
98645,38491778
98647,158398011
98648,319070141
98649,516183927
98650,212922447
98651,46268970
98660,38633164
98661,27510531
98662,33333715
98663,11145976
98664,13629203
98665,20931194
98670,66834020
98671,223575680
98672,376430505
98673,33643106
98674,214827990
98675,305740139
98682,78082625
98683,18793793
98684,18056938
98685,25247181
98686,29796460
98801,420550951
98802,464738172
98811,13430506
98812,686954683
98813,305941734
98814,388521743
98815,307782801
98816,1027782295
98817,2544385
98819,320496343
98821,4765834
98822,1131835555
98823,772564287
98824,986414
98826,2632290300
98827,824576440
98828,146831501
98829,178336122
98830,1167014041
98831,121570975
98832,517681164
98833,522122069
98834,191400915
98836,19783301
98837,1250686579
98840,1082363552
98841,992730359
98843,169761890
98844,855359005
98845,180359310
98846,230835174
98847,418487672
98848,1165750841
98849,397619849
98850,58868289
98851,411416003
98852,582985287
98853,20248956
98855,1662840868
98856,1174435734
98857,421971920
98858,1002050084
98859,346468257
98860,199032493
98862,1160137220
98901,302018180
98902,23393406
98903,749339102
98908,256039571
98921,325475
98922,1158285617
98923,15648129
98925,325335035
98926,1494409657
98929,2967447
98930,123102995
98932,87361587
98933,62564148
98934,2198475
98935,692980021
98936,366446295
98937,2033931243
98938,95726429
98939,738746
98940,278381733
98941,12583326
98942,488566304
98943,2245745
98944,1496870079
98946,47267230
98947,106613929
98948,564820100
98950,60333664
98951,389566825
98952,533334504
98953,163171330
99001,18388428
99003,181701662
99004,870411158
99005,102769722
99006,475818159
99008,336057792
99009,207754142
99011,16964423
99012,246232781
99013,264470732
99016,65278547
99017,219588595
99018,90598819
99019,56717603
99020,232804
99021,218017417
99022,178611978
99023,35341872
99025,115398846
99026,183780303
99027,39086869
99029,306836773
99030,203170058
99031,183815599
99032,562950425
99033,97508010
99034,44505610
99036,105889202
99037,16748900
99039,11609283
99040,271213018
99101,283650696
99102,600215
99103,590562854
99105,313047557
99109,725882175
99110,97102614
99111,747257881
99113,247910523
99114,1886300326
99115,1084259865
99116,121750339
99117,477696957
99118,510510353
99119,1049299772
99121,146317113
99122,1474668152
99123,112704037
99124,495547
99125,603514810
99126,134552794
99128,221377628
99129,401270272
99130,203050539
99131,68764810
99133,383074953
99134,555499814
99135,456658108
99136,51163111
99137,208439413
99138,1367460673
99139,530442733
99140,1006960529
99141,1372006937
99143,803539550
99144,87820790
99146,120123713
99147,21199010
99148,149715776
99149,6733264
99150,144440270
99151,313795
99152,12070377
99153,888980166
99154,47728208
99155,789333754
99156,847756079
99157,190060277
99158,235445157
99159,1300245731
99160,233037574
99161,192249722
99163,535959498
99164,187182
99166,1520802416
99167,161548159
99169,1838486208
99170,471292857
99171,688352132
99173,338410211
99174,348105
99176,98829030
99179,183674117
99180,263845780
99181,255423856
99185,698459819
99201,7772999
99202,15906102
99203,12120300
99204,2920478
99205,23178474
99206,60623513
99207,14107658
99208,127160575
99212,31437898
99216,34582088
99217,132136071
99218,18974167
99223,74150731
99224,302978187
99301,1204035721
99320,359449256
99321,95746227
99322,639880280
99323,326032040
99324,7909436
99326,707097216
99328,1659771507
99329,4729216
99330,199563290
99333,236874309
99335,438318333
99336,34538207
99337,407013087
99338,172126120
99341,1036922650
99343,427622874
99344,1174340788
99345,472736300
99346,325149193
99347,1960201683
99348,1345856764
99349,695094889
99350,1480193703
99352,54588939
99353,67870337
99354,52533358
99356,649175853
99357,601629575
99359,215455952
99360,407510162
99361,579540001
99362,830296049
99363,115075079
99371,527782785
99401,569159121
99402,741905991
99403,395840176
99501,17977350
99502,45664853
99503,53569097
99504,16497406
99505,59273140
99506,45887397
99507,56794251
99508,17978047
99510,3893992454
99513,36060
99515,27407989
99516,111305059
99517,8484451
99518,9788966
99519,33103630312
99540,132843933
99546,34431956
99547,21810756
99548,22759993
99549,131350905
99550,233488466
99551,4632058
99552,2329282
99553,35894730
99554,57910115
99555,47544787
99556,916714789
99557,34872423020
99558,18352279
99559,150190573
99561,13862555
99563,2507581
99564,29654066
99565,35672336
99566,24388523544
99567,1595657650
99568,49992427
99569,19313539
99571,75571845
99572,358774424
99573,9105184927
99574,6393750015
99575,258545720
99576,21452636359
99577,556197118
99578,2312342
99579,67179041
99580,24704841
99581,16470232
99583,33091636
99585,127794542
99586,5006778422
99587,627812765
99588,5290498415
99589,7665930
99590,28257321
99591,90081543
99602,66909916
99603,2773388908
99604,20577479
99605,789264022
99606,542472841
99607,2035594270
99609,30582379
99610,2401021112
99611,844416961
99612,30416714
99613,9458142211
99614,52483707
99615,11054452640
99620,6255948
99621,24921527
99622,40018807
99624,39139712
99625,2072363577
99626,2375171
99627,10436461771
99628,3803844339
99630,16490340
99631,1103299241
99632,65153947
99633,211178286
99634,9966557
99636,57084957
99637,78150952
99638,49801656
99639,571574156
99640,7864284115
99641,11917253
99643,52098176
99644,42503850
99645,1144828383
99647,564964093
99648,28926602
99649,275979884
99650,4340361
99651,53185268
99652,301485575
99653,58425291
99654,1290026367
99655,6911288
99656,178576471
99657,2106951581
99658,110490326
99659,48543891
99660,109506543
99661,460636092
99662,18530638
99663,296860049
99664,6642264738
99665,5012133
99666,220745940
99667,12069520524
99668,37274453
99669,628600422
99670,256914258
99671,62362052
99672,738922225
99674,2887216427
99676,2624203061
99677,18781753
99678,5710356520
99679,3979824
99680,300159177
99681,85705458
99682,16339113209
99683,6954652234
99684,1798150396
99685,152064410
99686,8177721236
99688,4161642869
99689,537104909
99690,254513749
99691,3988459171
99692,560044
99693,311249799
99694,52086774
99695,10860667
99701,11060565932
99702,41804676
99703,22690700
99704,2494463
99705,277505431
99706,172906523
99709,1317462909
99712,9125801042
99714,902211407
99720,113551532
99721,12522570
99722,30562618
99723,53902818
99724,53142252
99726,5947550289
99727,1432171
99729,1542209162
99730,19430032052
99732,847672733
99733,276967062
99734,554423527
99736,4236719
99737,11127713259
99738,18582314767
99739,3509164941
99740,23632007176
99741,45887742
99742,28616168
99743,13868585290
99744,84689530
99745,10521955
99746,19910986122
99747,15524487
99748,47347247
99749,2865578
99750,471898
99751,14752027
99752,10194047752
99753,12337423
99754,15056409
99755,1011619071
99756,23303334831
99757,2217115364
99758,7833799
99759,66660140
99760,6828433050
99761,41010699
99762,5469279848
99763,2205775
99764,6739599814
99765,18756138
99766,6195492614
99767,4993787
99768,12537719113
99769,14875690
99770,2276735825
99771,2573252
99772,9268900447
99773,15510460
99774,31059021
99775,301996
99776,54417013
99777,62877950
99778,848436998
99780,3170394772
99781,4767665428
99782,46461376
99783,61871810
99784,1808684
99785,6412710
99786,18380888501
99788,22011074
99789,2410361882
99790,997687523
99791,2178896449
99801,5704619474
99820,2429014811
99824,4538311
99825,944741196
99826,8440681344
99827,4480314147
99829,18905096
99830,703647385
99832,486193933
99833,6908531888
99835,4183160692
99836,9053517
99840,1124133027
99841,36970602
99901,12424672489
99903,401719426
99918,92918552
99919,125206366
99921,5288254510
99922,297674849
99923,42495197
99925,144071036
99926,343944586
99927,589650055
99929,5635963115
